post_id,timestamp,text,category,sentiment,language,has_link,likes,comments,shares,is_spam
1502,2024-11-25 10:10:00,Mental health matters. Take a break. 🎉,health_wellness,negative,hi,0,4,1,0,0
2587,2025-03-28 14:41:00,Having trouble logging into my Stark account—any fix?,customer_support,neutral,en,0,8,0,2,0
2654,2025-05-20 02:31:00,When you open the fridge and forget why you came: 🔥 #relatable,meme_joke,positive,en,0,74,18,4,0
1056,2025-01-31 16:39:00,In-depth: What market rally means for New York.,news,neutral,en,1,10,2,2,0
706,2024-02-25 04:12:00,Transfer rumor: J. Smith to City?,sports,positive,en,0,53,9,12,0
107,2023-05-19 16:56:00,Opinion: privacy law will impact seniors the most.,politics,negative,en,0,10,1,1,0
590,2023-09-29 20:34:00,Tough loss for Warriors. Refs were wild.,sports,negative,en,0,40,4,8,0
2469,2023-10-25 10:14:00,Matchday! Lions vs Tigers at 8pm. Predictions?,sports,neutral,en,0,86,25,11,0
2414,2023-12-18 22:58:00,Me: I’ll sleep early. Also me at 3am: 🙌,meme_joke,positive,en,0,108,40,20,0
1601,2024-01-24 12:55:00,Feature request: please add offline sync to smartwatch.,product_feedback,neutral,en,0,24,5,4,0
2465,2025-05-07 02:41:00,Exclusive: sneakers bundle for $171!,promotion,positive,fr,1,36,6,3,0
229,2023-01-17 22:12:00,Tough loss for Royals. Refs were wild.,sports,positive,en,0,23,2,1,0
916,2023-07-22 02:33:00,Feeling happy today! 🙌 #News,personal_update,negative,en,0,17,3,2,0
795,2023-01-05 17:29:00,The sneakers design is sleek but camera needs work.,product_feedback,neutral,en,0,21,4,6,0
3022,2024-09-16 00:25:00,Debate tonight on healthcare. What are your thoughts?,politics,negative,en,0,49,18,11,0
3544,2025-07-20 05:03:00,Tough loss for Royals. Refs were wild.,sports,positive,en,1,27,6,4,0
1074,2024-02-03 19:45:00,Debate tonight on privacy law. What are your thoughts?,politics,negative,en,0,31,6,3,0
3352,2023-04-01 20:38:00,Warriors with an unbelievable win tonight! #Health,sports,negative,en,0,59,7,9,0
1745,2023-12-13 08:19:00,Missed my mom today. 🥲,personal_update,positive,hi,1,57,11,4,0
1085,2024-03-05 22:31:00,The headphones design is sleek but camera needs work.,product_feedback,negative,de,0,9,1,1,0
927,2023-09-02 13:32:00,Public health update: policy change cases rising in New York.,health_wellness,positive,en,0,19,5,3,0
3050,2023-09-29 22:42:00,Just had paneer tikka with friends. So good! 🤔,personal_update,positive,de,0,8,1,2,0
1118,2023-03-28 03:25:00,When you open the fridge and forget why you came: 🎉 #relatable,meme_joke,positive,en,0,150,41,16,0
643,2023-08-05 00:36:00,New drop: smartwatch! Grab yours today.,promotion,neutral,es,0,40,6,5,0
4768,2024-07-06 14:19:00,Record broken: A. Singh sets new high for aces.,sports,negative,en,1,51,18,5,0
502,2024-09-02 03:46:00,Fact check: claims about climate action and taxes.,politics,neutral,es,0,67,12,8,0
4067,2024-04-30 13:04:00,The Initech app keeps crashing after update.,customer_support,negative,en,0,18,5,1,0
334,2024-06-21 12:32:00,When you open the fridge and forget why you came: 😴 #relatable,meme_joke,neutral,en,0,138,22,38,0
4685,2025-04-16 21:34:00,Photos from tech summit are up—tag yourself!,event,positive,hi,1,70,22,18,0
487,2025-03-29 09:47:00,Feature request: please add faster charging to headphones.,product_feedback,positive,es,0,8,1,1,0
1963,2023-04-01 06:42:00,Photos from tech summit are up—tag yourself!,event,neutral,en,0,84,18,13,0
394,2024-10-25 18:21:00,Tried low-carb for a week—here’s how I feel.,health_wellness,neutral,fr,1,24,7,1,0
4843,2024-03-28 09:37:00,Meetup at Berlin for book club. RSVP below.,event,positive,de,0,32,11,9,0
4867,2025-05-18 20:54:00,Starting a 30-day cycling challenge. Who’s in?,health_wellness,positive,en,0,74,28,12,0
1756,2025-01-22 09:19:00,Exclusive: headphones bundle for $128!,promotion,positive,hi,0,53,17,13,0
2516,2023-12-05 16:29:00,Just had sushi with friends. So good! 🎉,personal_update,positive,en,0,49,8,6,0
3586,2025-02-26 18:05:00,Missed my sister today. 🥲,personal_update,positive,fr,0,42,13,5,0
4316,2023-01-23 02:37:00,Having trouble logging into my Initech account—any fix?,customer_support,positive,de,1,3,0,0,0
4967,2025-01-23 00:38:00,Meetup at Sydney for book club. RSVP below.,event,positive,en,0,109,37,11,0
2100,2025-05-03 04:15:00,Just had ramen with friends. So good! 😴,personal_update,negative,es,0,50,9,8,0
3600,2025-08-01 05:20:00,Breaking: policy change just happened in London. Details emerging. #News,news,positive,en,0,20,2,4,0
4122,2024-05-10 21:26:00,Friend: ‘We should work out.’ Us: 🥲,meme_joke,positive,en,0,139,50,21,0
30,2024-11-13 00:57:00,Reminder: drink water and stretch today! 🥲,health_wellness,positive,fr,0,64,18,10,0
66,2023-12-19 22:04:00,Having trouble logging into my Umbrella account—any fix?,customer_support,negative,de,0,6,1,0,0
839,2023-10-09 09:47:00,Updating to say coffee maker performance improved after patch.,product_feedback,positive,es,0,34,13,3,0
3907,2024-01-20 14:26:00,Latest update on data breach: authorities confirm new info.,news,neutral,es,0,92,14,17,0
3774,2024-02-05 07:35:00,Friend: ‘We should work out.’ Us: 😂,meme_joke,neutral,en,0,85,9,4,0
4636,2023-03-03 08:38:00,Feeling meh today! 🙌 #Fitness,personal_update,neutral,en,0,8,1,1,0
3162,2023-05-30 02:50:00,FLASH SALE: headphones at 40% off. Limited time! #Breaking,promotion,positive,hi,1,32,3,9,0
2660,2025-05-21 17:28:00,"New day, new goals. #News 😴",personal_update,positive,es,0,52,5,8,0
4616,2023-08-22 03:50:00,City with an unbelievable win tonight! #LOL,sports,positive,es,0,29,4,6,0
4629,2025-05-02 20:43:00,Transfer rumor: L. Chen to United?,sports,positive,hi,0,40,12,3,0
2452,2023-09-11 22:07:00,Public health update: power outage cases rising in Toronto.,health_wellness,positive,hi,0,46,16,2,0
2847,2025-06-06 10:33:00,Use code WELCOME10 for free shipping on laptop.,promotion,positive,es,0,26,4,2,0
1145,2024-01-08 00:11:00,Rally at Delhi calling for education reform reform.,politics,neutral,en,0,13,4,2,0
3079,2024-10-14 10:54:00,Just had tacos with friends. So good! 🔥,personal_update,positive,en,0,63,24,4,0
1104,2023-02-01 21:17:00,Record broken: R. Patel sets new high for runs.,sports,positive,en,0,58,21,6,0
169,2023-11-21 08:33:00,"New day, new goals. #Tech 🔥",personal_update,negative,hi,0,48,8,9,0
1671,2023-05-26 22:33:00,Reminder: drink water and stretch today! 🎉,health_wellness,positive,en,0,76,27,22,0
2571,2023-08-11 17:08:00,FLASH SALE: laptop at 70% off. Limited time! #Health,promotion,positive,en,0,62,8,17,0
2378,2024-10-06 15:44:00,Join us at the charity run this Sunday! Tickets available now. #Event,event,positive,en,0,41,15,10,0
4396,2025-03-01 07:01:00,Countdown to music festival: only 8 days left!,event,neutral,hi,0,44,5,4,0
4258,2023-05-18 07:56:00,This cat has more confidence than me 😴,meme_joke,negative,de,1,119,47,13,0
3863,2025-06-14 14:25:00,FLASH SALE: coffee maker at 50% off. Limited time! #Fitness,promotion,neutral,en,0,22,3,2,0
24,2023-03-15 01:10:00,Feature request: please add noise cancellation to coffee maker.,product_feedback,neutral,en,1,11,4,2,0
2634,2024-12-31 23:29:00,Report: data breach could affect small businesses.,news,neutral,en,0,98,22,23,0
3341,2024-06-26 20:37:00,Record broken: J. Smith sets new high for runs.,sports,positive,en,0,12,4,2,0
2216,2024-04-04 17:01:00,Tigers with an unbelievable win tonight! #Sports,sports,neutral,en,0,92,26,24,0
3683,2025-04-20 16:14:00,Weekend vibes at the Delhi! 😀,personal_update,neutral,en,0,41,8,4,0
4725,2023-01-16 11:30:00,Debate tonight on privacy law. What are your thoughts?,politics,neutral,hi,1,13,1,2,0
1908,2024-05-21 03:12:00,Friend: ‘We should work out.’ Us: 🔥,meme_joke,neutral,hi,0,125,47,6,0
85,2023-10-03 20:26:00,The laptop design is sleek but camera needs work.,product_feedback,negative,es,0,25,6,4,0
228,2025-02-14 21:28:00,Exclusive: coffee maker bundle for $149!,promotion,positive,en,1,41,7,9,0
297,2023-12-28 20:18:00,The Stark app keeps crashing after update.,customer_support,negative,en,0,0,0,0,0
1002,2023-02-04 19:00:00,Feeling happy today! 💖 #Sale,personal_update,neutral,en,1,5,1,0,0
2139,2023-08-23 02:45:00,FLASH SALE: laptop at 10% off. Limited time! #Sale,promotion,neutral,en,1,27,4,7,0
712,2025-04-09 09:54:00,Updating to say smartwatch performance improved after patch.,product_feedback,positive,en,0,4,0,0,0
2802,2025-04-20 15:17:00,Warriors with an unbelievable win tonight! #Sale,sports,positive,en,0,110,12,24,0
2528,2024-02-12 16:21:00,Transfer rumor: M. Khan to Lions?,sports,neutral,hi,1,27,8,6,0
3753,2025-02-03 20:44:00,Just had ramen with friends. So good! 💖,personal_update,positive,en,0,27,10,4,0
3322,2023-12-16 09:33:00,New drop: headphones! Grab yours today.,promotion,neutral,fr,1,11,1,1,0
3182,2024-07-30 03:41:00,Breaking: policy change just happened in Toronto. Details emerging. #News,news,negative,hi,1,46,16,3,0
4184,2023-10-18 01:32:00,Meetup at Berlin for community fair. RSVP below.,event,positive,de,1,39,12,11,0
1616,2025-07-12 22:27:00,This cat has more confidence than me 😴,meme_joke,positive,de,0,118,23,26,0
3025,2023-02-24 01:21:00,Matchday! Warriors vs Tigers at 2pm. Predictions?,sports,positive,en,0,96,24,20,0
1414,2024-12-09 23:01:00,Mental health matters. Take a break. 🔥,health_wellness,neutral,fr,0,42,9,10,0
764,2025-03-02 18:01:00,Transfer rumor: M. Khan to Royals?,sports,positive,en,0,55,7,7,0
656,2024-10-13 08:51:00,Join us at the tech summit this Tuesday! Tickets available now. #Health,event,negative,en,0,45,6,2,0
4798,2024-08-20 05:18:00,Me: I’ll sleep early. Also me at 3am: 😀,meme_joke,positive,es,1,44,13,3,0
3850,2024-12-14 21:24:00,Latest update on data breach: authorities confirm new info.,news,neutral,es,0,28,5,7,0
4154,2025-04-06 03:02:00,Debate tonight on privacy law. What are your thoughts?,politics,neutral,en,0,9,0,1,0
469,2025-07-11 23:21:00,Use code BUNDLE for free shipping on smartwatch.,promotion,negative,hi,0,17,4,3,0
158,2023-04-02 03:42:00,Report: concert announcement could affect small businesses.,news,positive,es,1,120,23,33,0
1296,2023-07-04 08:43:00,Lions with an unbelievable win tonight! #Event,sports,neutral,en,0,88,22,24,0
498,2023-10-30 23:10:00,Feeling tired today! 😀 #Breaking,personal_update,neutral,de,1,14,4,2,0
4741,2024-11-11 05:57:00,When you open the fridge and forget why you came: 💖 #relatable,meme_joke,positive,en,0,33,10,3,0
2941,2024-04-17 08:37:00,Record broken: M. Khan sets new high for goals.,sports,positive,es,0,69,20,16,0
3457,2024-01-19 12:11:00,Updating to say sneakers performance improved after patch.,product_feedback,positive,en,0,33,4,5,0
374,2024-10-11 03:38:00,Countdown to book club: only 8 days left!,event,positive,fr,1,14,2,1,0
80,2023-12-23 15:06:00,Public health update: market rally cases rising in New York.,health_wellness,positive,fr,0,63,21,11,0
1554,2024-10-04 19:43:00,Livestream starts at 6pm! Don’t miss the book club.,event,positive,en,1,118,35,22,0
1670,2024-06-14 08:15:00,In-depth: What weather alert means for London.,news,neutral,en,0,18,2,4,0
2132,2024-01-31 02:12:00,Countdown to community fair: only 14 days left!,event,positive,es,0,76,10,17,0
4440,2023-09-23 03:16:00,Just had pasta with friends. So good! 🥲,personal_update,positive,en,0,67,17,8,0
466,2023-05-14 13:03:00,Updating to say sneakers performance improved after patch.,product_feedback,neutral,en,0,31,6,3,0
249,2023-01-13 19:45:00,Weekend vibes at the Sydney! 🙌,personal_update,positive,en,1,47,12,3,0
932,2024-04-28 21:45:00,Lions with an unbelievable win tonight! #Fitness,sports,negative,de,1,25,8,1,0
1336,2023-10-19 19:50:00,Loving the new Umbrella headphones! Battery lasts all day.,product_feedback,neutral,en,1,4,1,0,0
4525,2023-10-07 07:36:00,Meetup at Mumbai for charity run. RSVP below.,event,positive,de,0,9,2,1,0
1339,2025-07-10 17:31:00,Photos from charity run are up—tag yourself!,event,positive,hi,0,71,14,14,0
1407,2023-11-20 04:51:00,Record broken: R. Patel sets new high for aces.,sports,neutral,en,0,33,5,8,0
1091,2024-08-05 03:49:00,Feature request: please add faster charging to smartwatch.,product_feedback,negative,de,0,32,6,3,0
4210,2024-07-02 21:12:00,"Refund request for defective coffee maker, DM sent.",customer_support,negative,en,0,15,2,1,0
743,2023-08-13 15:49:00,Report: weather alert could affect commuters.,news,positive,en,0,40,4,7,0
2324,2025-04-05 22:23:00,Missed my sister today. 🤔,personal_update,neutral,en,0,10,2,0,0
3602,2025-02-17 18:44:00,When you open the fridge and forget why you came: 😅 #relatable,meme_joke,neutral,en,0,134,23,33,0
2124,2025-01-01 00:25:00,Heads up: weather alert expected later this week.,news,neutral,en,1,31,6,6,0
2095,2025-04-20 15:05:00,New drop: coffee maker! Grab yours today.,promotion,neutral,hi,0,31,3,5,0
241,2023-04-28 03:34:00,"Hi Stark, my order #21094 hasn’t arrived. Please help.",customer_support,negative,en,0,16,3,1,0
2352,2023-06-04 20:17:00,Not impressed with Stark's smartwatch build quality.,product_feedback,positive,hi,0,16,4,1,0
1371,2023-02-07 20:47:00,Weekend vibes at the Mumbai! 🥲,personal_update,negative,en,0,34,4,5,0
1058,2025-03-30 02:11:00,Updating to say smartwatch performance improved after patch.,product_feedback,positive,es,0,41,5,4,0
4817,2025-03-04 20:40:00,Feeling grateful today! 🤷 #MondayMotivation,personal_update,positive,fr,1,54,16,6,0
200,2025-05-11 07:28:00,Having trouble logging into my Initech account—any fix?,customer_support,negative,hi,0,3,0,0,0
2281,2024-02-22 07:27:00,Just had biryani with friends. So good! 😂,personal_update,positive,de,1,56,17,4,0
4750,2024-04-22 00:42:00,The laptop design is sleek but camera needs work.,product_feedback,neutral,en,0,10,3,0,0
2221,2023-04-02 05:01:00,Weekend vibes at the Toronto! 😂,personal_update,neutral,en,0,51,12,4,0
4772,2023-01-30 20:18:00,Missed my mom today. 💖,personal_update,positive,en,0,18,1,2,0
2820,2023-12-08 07:52:00,Feature request: please add faster charging to laptop.,product_feedback,positive,en,1,36,7,9,0
3151,2025-06-19 23:26:00,Countdown to community fair: only 3 days left!,event,positive,de,0,120,13,34,0
4257,2025-04-24 05:36:00,"New day, new goals. #LOL 😀",personal_update,positive,fr,0,62,21,10,0
3108,2023-03-29 22:12:00,Tried low-carb for a week—here’s how I feel.,health_wellness,positive,en,0,43,12,9,0
1974,2024-04-03 07:15:00,Record broken: K. Garcia sets new high for aces.,sports,neutral,hi,0,94,34,17,0
1376,2023-05-27 23:45:00,Feature request: please add faster charging to headphones.,product_feedback,neutral,fr,0,20,2,2,0
3969,2023-09-01 05:30:00,Countdown to community fair: only 14 days left!,event,positive,fr,1,82,10,21,0
4063,2023-10-12 12:13:00,"Hi Globex, my order #22025 hasn’t arrived. Please help.",customer_support,neutral,es,0,13,2,2,0
4446,2024-05-05 20:21:00,Fact check: claims about education reform and taxes.,politics,neutral,en,0,78,22,11,0
3558,2024-05-22 01:22:00,Friend: ‘We should work out.’ Us: 😴,meme_joke,positive,de,1,140,38,33,0
965,2024-06-18 05:21:00,"Hi Stark, my order #53427 hasn’t arrived. Please help.",customer_support,negative,en,0,5,1,0,0
180,2025-03-08 08:29:00,Buy 1 get 1 on all coffee maker until Thursday.,promotion,neutral,de,0,36,14,10,0
3699,2024-03-11 04:17:00,Exclusive: headphones bundle for $260!,promotion,positive,en,0,18,6,1,0
3822,2024-12-08 07:57:00,POV: You at 8am meetings 💖💖,meme_joke,positive,en,0,129,16,28,0
4879,2023-12-07 06:38:00,Weekend vibes at the Delhi! 😀,personal_update,positive,hi,0,6,0,0,0
3900,2023-07-27 08:20:00,New drop: smartwatch! Grab yours today.,promotion,neutral,en,1,41,14,7,1
4488,2023-01-08 03:54:00,Missed my mom today. 😴,personal_update,negative,en,0,36,13,8,0
3239,2024-08-04 06:34:00,"New day, new goals. #Fitness 😅",personal_update,neutral,es,0,57,20,14,0
2975,2024-05-11 16:01:00,Friend: ‘We should work out.’ Us: 😅,meme_joke,neutral,en,1,141,28,11,0
3581,2024-04-24 17:11:00,Weekend vibes at the Delhi! 🤔,personal_update,negative,es,0,12,3,3,0
2888,2024-09-25 00:50:00,Missed my dad today. 😀,personal_update,negative,fr,0,19,3,2,0
2576,2024-06-19 12:22:00,Weekend vibes at the Berlin! 😀,personal_update,positive,de,1,51,14,14,0
1420,2025-05-09 06:12:00,Updating to say coffee maker performance improved after patch.,product_feedback,positive,en,0,4,1,0,0
3908,2023-07-14 00:47:00,Use code FREESHIP for free shipping on laptop.,promotion,neutral,fr,1,38,4,8,1
4674,2023-10-27 23:28:00,Missed my brother today. 🤔,personal_update,positive,fr,0,59,22,14,0
4903,2025-04-03 10:53:00,When you open the fridge and forget why you came: 😅 #relatable,meme_joke,positive,en,0,70,15,17,0
1861,2024-08-26 16:11:00,Loving the new Acme sneakers! Battery lasts all day.,product_feedback,negative,en,0,14,1,4,0
9,2023-03-12 07:23:00,Mental health matters. Take a break. 💪,health_wellness,positive,en,0,38,5,5,0
2895,2024-08-19 15:33:00,Updating to say smartwatch performance improved after patch.,product_feedback,neutral,en,1,37,4,4,0
2848,2023-08-12 19:24:00,Lions with an unbelievable win tonight! #Fitness,sports,neutral,en,0,74,21,20,0
3665,2024-05-05 13:53:00,Loving the new Acme smartwatch! Battery lasts all day.,product_feedback,negative,de,0,36,12,5,0
145,2023-02-25 00:49:00,"New day, new goals. #Fitness 🔥",personal_update,positive,es,1,13,4,2,0
2105,2024-12-15 18:01:00,In-depth: What data breach means for Sydney.,news,neutral,en,0,75,28,20,0
3144,2025-03-06 21:58:00,In-depth: What policy change means for Sydney.,news,neutral,en,0,79,8,4,0
842,2023-09-08 23:26:00,"New day, new goals. #Tech 🤷",personal_update,neutral,de,0,20,5,2,0
1129,2023-06-10 22:48:00,Starting a 30-day running challenge. Who’s in?,health_wellness,neutral,en,0,58,16,6,0
152,2025-04-18 12:12:00,Report: concert announcement could affect students.,news,neutral,de,1,102,12,29,0
3592,2023-10-09 15:19:00,Loving the new Umbrella sneakers! Battery lasts all day.,product_feedback,positive,en,1,25,3,6,0
1053,2025-07-30 09:45:00,Exclusive: sneakers bundle for $89!,promotion,neutral,de,1,7,1,1,0
1591,2023-02-01 20:37:00,Just had paneer tikka with friends. So good! 🙌,personal_update,neutral,en,0,43,11,3,0
3009,2023-02-08 09:40:00,Feeling happy today! 🔥 #Health,personal_update,positive,en,1,18,5,2,0
2030,2025-06-19 06:42:00,In-depth: What power outage means for Berlin.,news,neutral,en,1,13,2,1,0
3419,2024-10-12 19:02:00,FLASH SALE: smartwatch at 30% off. Limited time! #Tech,promotion,positive,fr,0,54,19,4,0
1808,2023-11-19 22:10:00,Having trouble logging into my Initech account—any fix?,customer_support,negative,en,0,9,3,0,0
2697,2023-09-11 09:17:00,Fact check: claims about tax policy and taxes.,politics,positive,en,0,67,9,18,0
3040,2023-06-22 12:09:00,Meetup at New York for tech summit. RSVP below.,event,positive,en,1,94,26,10,0
473,2023-08-29 09:42:00,In-depth: What weather alert means for London.,news,neutral,hi,0,114,25,28,0
3290,2024-06-04 05:15:00,Report: data breach could affect seniors.,news,positive,de,0,70,19,5,0
4075,2025-07-13 18:29:00,Breaking: data breach just happened in New York. Details emerging. #News,news,positive,es,1,34,7,10,0
3497,2025-04-18 16:02:00,Friend: ‘We should work out.’ Us: 🤔,meme_joke,positive,en,0,98,12,7,0
280,2024-10-29 03:48:00,Heads up: policy change expected later this week.,news,neutral,en,0,84,21,21,0
1742,2024-03-16 08:01:00,Loving the new Globex headphones! Battery lasts all day.,product_feedback,positive,de,0,54,14,3,0
4625,2025-05-30 11:42:00,Use code BUNDLE for free shipping on smartwatch.,promotion,neutral,en,0,23,5,1,1
2887,2024-05-08 08:15:00,Weekend vibes at the Toronto! 😀,personal_update,neutral,en,0,26,3,6,0
1942,2023-04-03 11:47:00,Tough loss for Warriors. Refs were wild.,sports,negative,en,0,62,13,10,0
101,2025-01-07 00:03:00,Feeling meh today! 😴 #Health,personal_update,positive,es,0,13,2,3,0
2805,2024-01-20 20:52:00,This cat has more confidence than me 🤔,meme_joke,positive,en,1,52,7,6,0
3571,2023-01-11 21:28:00,In-depth: What weather alert means for Berlin.,news,neutral,en,1,58,10,10,0
3685,2024-12-22 20:49:00,"New day, new goals. #Event 😂",personal_update,positive,en,1,38,6,9,0
3662,2024-09-24 10:17:00,Record broken: K. Garcia sets new high for goals.,sports,neutral,en,1,86,21,9,0
531,2025-06-02 01:35:00,Fact check: claims about healthcare and taxes.,politics,positive,en,0,50,10,12,0
1887,2025-01-05 06:04:00,Just had biryani with friends. So good! 😂,personal_update,negative,en,1,3,1,0,0
682,2023-08-20 10:18:00,New bill on healthcare passes in Toronto.,politics,negative,hi,0,9,1,2,0
3795,2024-07-20 06:55:00,Report: weather alert could affect small businesses.,news,positive,en,0,100,32,13,0
3945,2023-06-21 08:43:00,Transfer rumor: L. Chen to United?,sports,positive,hi,0,95,23,19,0
4667,2025-06-17 21:59:00,Reminder: drink water and stretch today! 🔥,health_wellness,positive,en,0,88,14,13,0
2019,2023-07-29 19:29:00,This cat has more confidence than me 😀,meme_joke,neutral,en,0,47,13,10,0
1097,2023-12-11 08:06:00,"Hi Umbrella, my order #56412 hasn’t arrived. Please help.",customer_support,positive,en,0,10,1,0,0
830,2025-04-01 07:04:00,Countdown to tech summit: only 7 days left!,event,positive,fr,1,96,15,26,0
2806,2025-05-18 12:31:00,Use code SAVE20 for free shipping on coffee maker.,promotion,positive,hi,1,42,9,11,0
3830,2025-05-07 11:26:00,The Globex app keeps crashing after update.,customer_support,negative,en,0,4,1,0,0
4382,2024-05-12 11:07:00,Feature request: please add offline sync to laptop.,product_feedback,negative,hi,0,0,0,0,0
3892,2023-05-27 23:04:00,Reminder: drink water and stretch today! 🔥,health_wellness,positive,en,0,38,14,5,0
765,2023-03-17 08:58:00,POV: You at 8am meetings 💪💪,meme_joke,negative,de,0,119,29,12,0
2768,2024-02-05 23:03:00,Feeling happy today! 🙌 #Event,personal_update,neutral,fr,0,53,7,15,0
4329,2025-07-30 17:05:00,Photos from tech summit are up—tag yourself!,event,negative,en,1,51,19,11,0
3296,2023-03-04 01:27:00,Missed my sister today. 💖,personal_update,neutral,de,0,55,11,13,0
2195,2024-09-28 02:07:00,Fact check: claims about climate action and taxes.,politics,negative,en,0,23,3,5,0
2358,2025-01-28 02:08:00,The headphones design is sleek but camera needs work.,product_feedback,negative,de,0,40,10,9,0
3426,2024-07-16 17:51:00,Me: I’ll sleep early. Also me at 3am: 😂,meme_joke,neutral,en,0,74,28,11,0
3980,2025-01-15 14:43:00,Breaking: weather alert just happened in Toronto. Details emerging. #MondayMotivation,news,negative,en,0,100,10,24,0
912,2024-09-26 15:44:00,"New day, new goals. #Event 🤷",personal_update,negative,en,0,29,9,2,0
3146,2025-05-29 13:33:00,Transfer rumor: M. Khan to Warriors?,sports,neutral,en,1,34,13,6,0
1000,2023-11-14 04:54:00,When you open the fridge and forget why you came: 🥲 #relatable,meme_joke,positive,fr,0,10,1,1,0
3654,2024-05-15 06:44:00,New drop: headphones! Grab yours today.,promotion,neutral,de,0,25,7,2,1
2484,2025-06-26 07:48:00,Not impressed with Acme's headphones build quality.,product_feedback,neutral,es,1,20,5,5,0
4077,2023-09-25 17:04:00,Debate tonight on healthcare. What are your thoughts?,politics,neutral,es,0,23,6,3,0
2371,2023-03-06 19:21:00,"Refund request for defective laptop, DM sent.",customer_support,negative,en,0,3,0,0,0
4839,2024-01-21 21:13:00,Use code DEAL50 for free shipping on coffee maker.,promotion,positive,de,1,5,0,0,0
34,2024-01-12 17:57:00,Feeling tired today! 🤔 #Breaking,personal_update,negative,hi,0,57,11,16,0
3790,2023-11-29 00:41:00,"New day, new goals. #Event 😀",personal_update,positive,en,0,57,20,7,0
1021,2023-08-14 00:40:00,"Refund request for defective headphones, DM sent.",customer_support,negative,en,0,2,0,0,0
1648,2023-12-22 14:03:00,Photos from community fair are up—tag yourself!,event,positive,en,0,32,7,4,0
734,2025-03-16 13:51:00,FLASH SALE: sneakers at 70% off. Limited time! #Fitness,promotion,positive,de,0,52,13,6,0
4583,2023-01-16 18:46:00,"New day, new goals. #MondayMotivation 🔥",personal_update,neutral,en,0,19,3,1,0
3275,2024-03-02 21:35:00,Weekend vibes at the New York! 💪,personal_update,positive,en,1,31,6,1,0
1621,2025-01-06 12:33:00,Just had ramen with friends. So good! 🔥,personal_update,positive,de,0,59,15,6,0
3136,2024-07-29 02:36:00,Exclusive: sneakers bundle for $107!,promotion,positive,hi,1,58,15,10,0
2690,2023-06-05 02:39:00,Debate tonight on education reform. What are your thoughts?,politics,neutral,fr,0,72,22,7,0
2708,2023-11-30 00:51:00,Countdown to book club: only 7 days left!,event,positive,en,0,99,39,20,0
298,2023-09-29 22:51:00,When you open the fridge and forget why you came: 🥲 #relatable,meme_joke,neutral,en,0,79,29,17,0
2340,2023-07-28 20:24:00,Having trouble logging into my Umbrella account—any fix?,customer_support,negative,hi,0,5,1,1,0
654,2024-09-18 00:00:00,The Acme app keeps crashing after update.,customer_support,negative,de,1,12,2,2,0
3775,2023-10-14 20:19:00,Feeling grateful today! 🤔 #MondayMotivation,personal_update,positive,de,0,20,5,3,0
1256,2023-01-15 18:32:00,Friend: ‘We should work out.’ Us: 😀,meme_joke,positive,en,0,124,20,21,0
4521,2025-04-24 20:22:00,Weekend vibes at the Mumbai! 🙌,personal_update,neutral,en,0,11,3,3,0
231,2024-06-03 07:37:00,Photos from community fair are up—tag yourself!,event,positive,hi,1,32,7,5,0
3277,2023-08-10 00:14:00,Buy 1 get 1 on all headphones until Saturday.,promotion,neutral,fr,0,20,6,4,1
3231,2024-12-25 11:52:00,POV: You at 8am meetings 🤔🤔,meme_joke,neutral,fr,0,90,35,14,0
692,2024-03-06 01:27:00,The laptop design is sleek but camera needs work.,product_feedback,neutral,en,0,26,6,4,0
2755,2025-03-28 20:36:00,Me: I’ll sleep early. Also me at 3am: 🤔,meme_joke,neutral,en,0,94,20,9,0
4864,2024-12-06 07:23:00,The headphones design is sleek but camera needs work.,product_feedback,negative,en,0,29,8,5,0
970,2025-05-10 18:43:00,Tried low-carb for a week—here’s how I feel.,health_wellness,positive,en,0,83,14,10,0
634,2023-02-21 03:32:00,Having trouble logging into my Acme account—any fix?,customer_support,negative,en,0,15,5,3,0
4093,2024-02-13 07:32:00,Thanks Globex support for resolving my issue fast!,customer_support,negative,en,0,1,0,0,0
4078,2025-06-16 03:04:00,Public health update: data breach cases rising in Berlin.,health_wellness,positive,de,0,21,8,1,0
1322,2023-01-01 17:18:00,Tried low-carb for a week—here’s how I feel.,health_wellness,positive,en,0,31,11,5,0
1832,2023-02-12 07:41:00,New drop: sneakers! Grab yours today.,promotion,neutral,es,0,24,8,4,0
2179,2023-11-24 10:26:00,Report: data breach could affect students.,news,neutral,en,1,72,9,11,0
1418,2025-03-20 12:03:00,Photos from charity run are up—tag yourself!,event,negative,es,1,66,8,9,0
1783,2024-05-01 05:31:00,Record broken: A. Singh sets new high for aces.,sports,negative,hi,0,6,0,1,0
4716,2025-05-22 07:16:00,POV: You at 8am meetings 😴😴,meme_joke,positive,en,0,115,19,11,0
4702,2025-05-13 03:15:00,Buy 1 get 1 on all laptop until Monday.,promotion,neutral,hi,1,16,5,4,0
4119,2024-05-01 17:44:00,Reminder: drink water and stretch today! 😅,health_wellness,neutral,fr,0,26,8,7,0
1653,2023-01-15 19:39:00,"New day, new goals. #Health 😂",personal_update,positive,de,0,7,2,1,0
1484,2024-05-04 15:24:00,FLASH SALE: sneakers at 30% off. Limited time! #LOL,promotion,neutral,hi,1,43,14,8,1
2276,2025-02-27 16:39:00,"Refund request for defective sneakers, DM sent.",customer_support,negative,fr,0,3,1,0,0
878,2024-03-07 21:42:00,The smartwatch design is sleek but camera needs work.,product_feedback,neutral,fr,0,32,3,6,0
3526,2023-12-11 13:05:00,When you open the fridge and forget why you came: 😅 #relatable,meme_joke,positive,es,1,73,28,13,0
2017,2023-12-14 07:43:00,Latest update on concert announcement: authorities confirm new info.,news,positive,en,0,31,8,8,0
427,2023-07-06 14:57:00,Photos from music festival are up—tag yourself!,event,neutral,en,1,54,20,10,0
627,2024-03-01 07:00:00,Weekend vibes at the New York! 🤷,personal_update,neutral,en,0,52,20,9,0
1590,2023-04-21 20:24:00,Me: I’ll sleep early. Also me at 3am: 💪,meme_joke,positive,en,0,30,6,7,0
2224,2023-05-26 04:55:00,Just had paneer tikka with friends. So good! 😅,personal_update,positive,en,0,53,12,3,0
2218,2024-09-19 11:24:00,The coffee maker design is sleek but camera needs work.,product_feedback,negative,de,1,29,8,6,0
4484,2024-10-09 00:21:00,New drop: smartwatch! Grab yours today.,promotion,neutral,en,0,14,2,3,1
1486,2024-09-13 05:53:00,Feature request: please add noise cancellation to coffee maker.,product_feedback,negative,fr,0,29,6,6,0
1740,2023-10-08 08:15:00,Updating to say laptop performance improved after patch.,product_feedback,positive,en,0,28,4,2,0
2481,2023-09-06 12:07:00,Just had pasta with friends. So good! 🤔,personal_update,negative,en,0,23,5,2,0
2585,2025-01-29 05:55:00,Matchday! Royals vs Lions at 6pm. Predictions?,sports,neutral,hi,0,73,7,10,0
2894,2025-06-08 08:41:00,Thanks Acme support for resolving my issue fast!,customer_support,negative,de,1,13,2,3,0
150,2024-08-21 03:25:00,Breaking: power outage just happened in Mumbai. Details emerging. #Breaking,news,neutral,en,0,51,5,12,0
677,2024-07-19 12:36:00,Use code WELCOME10 for free shipping on smartwatch.,promotion,neutral,de,0,26,3,3,1
1262,2024-09-13 19:12:00,"Hi Umbrella, my order #48197 hasn’t arrived. Please help.",customer_support,negative,en,0,4,1,0,0
4918,2024-01-16 02:42:00,Record broken: M. Khan sets new high for points.,sports,neutral,de,1,20,7,2,0
13,2024-07-21 04:12:00,Feature request: please add offline sync to coffee maker.,product_feedback,neutral,es,0,28,5,6,0
1834,2024-08-31 23:36:00,When you open the fridge and forget why you came: 😴 #relatable,meme_joke,negative,de,0,54,6,5,0
3249,2025-03-21 04:56:00,The laptop design is sleek but camera needs work.,product_feedback,neutral,en,0,4,1,0,0
1492,2025-02-26 19:04:00,Mental health matters. Take a break. 😂,health_wellness,positive,en,1,43,13,6,0
2728,2023-10-25 12:04:00,Heads up: policy change expected later this week.,news,neutral,en,1,16,5,1,0
3687,2024-05-16 04:26:00,POV: You at 8am meetings 😅😅,meme_joke,positive,de,0,81,10,12,0
1425,2023-08-24 07:51:00,Feeling meh today! 🔥 #MondayMotivation,personal_update,negative,de,0,25,7,5,0
4606,2025-03-16 01:57:00,"Hi Acme, my order #17263 hasn’t arrived. Please help.",customer_support,negative,fr,1,10,3,1,0
4596,2024-05-09 14:35:00,The headphones design is sleek but camera needs work.,product_feedback,positive,de,1,58,8,12,0
732,2025-01-18 06:44:00,POV: You at 8am meetings 😅😅,meme_joke,positive,en,1,22,4,1,0
1232,2023-07-04 20:13:00,FLASH SALE: headphones at 60% off. Limited time! #MondayMotivation,promotion,positive,en,0,62,9,8,0
1635,2025-07-18 17:25:00,Exclusive: headphones bundle for $25!,promotion,neutral,es,0,29,5,8,0
3937,2025-06-17 21:25:00,"New day, new goals. #Fitness 🙌",personal_update,neutral,de,0,47,18,13,0
1211,2024-10-12 03:30:00,Matchday! United vs Royals at 2pm. Predictions?,sports,neutral,en,0,30,9,1,0
3269,2025-07-29 20:30:00,Report: weather alert could affect seniors.,news,neutral,en,0,73,9,17,0
1935,2024-05-21 15:48:00,Photos from charity run are up—tag yourself!,event,neutral,en,1,25,4,2,0
554,2024-12-11 21:30:00,"New day, new goals. #Tech 😴",personal_update,positive,en,0,62,14,16,0
492,2025-07-09 18:21:00,Feature request: please add dark mode to headphones.,product_feedback,negative,fr,0,33,12,9,0
2963,2025-06-18 11:27:00,FLASH SALE: coffee maker at 30% off. Limited time! #Tech,promotion,neutral,hi,1,23,2,4,0
2330,2024-02-15 03:56:00,Weekend vibes at the Toronto! 💖,personal_update,neutral,fr,0,18,3,5,0
2196,2023-06-10 16:18:00,Meetup at Berlin for tech summit. RSVP below.,event,neutral,de,1,67,24,3,0
3065,2024-04-15 16:09:00,Having trouble logging into my Globex account—any fix?,customer_support,neutral,de,1,10,2,1,0
658,2024-07-16 03:43:00,Starting a 30-day running challenge. Who’s in?,health_wellness,neutral,es,0,22,5,2,0
2375,2024-06-06 07:00:00,Rally at Delhi calling for climate action reform.,politics,positive,en,0,66,16,19,0
2226,2025-05-19 01:27:00,Report: weather alert could affect commuters.,news,positive,de,1,115,28,11,0
4265,2024-07-02 22:18:00,Opinion: privacy law will impact commuters the most.,politics,negative,en,0,18,3,2,0
1171,2024-01-18 12:38:00,Debate tonight on privacy law. What are your thoughts?,politics,neutral,es,0,51,19,9,0
133,2023-09-07 01:08:00,Transfer rumor: L. Chen to Royals?,sports,positive,en,0,26,7,3,0
472,2025-07-07 12:52:00,Feeling grateful today! 🤷 #Tech,personal_update,neutral,fr,0,57,21,14,0
3226,2025-06-15 21:39:00,When you open the fridge and forget why you came: 🤷 #relatable,meme_joke,positive,es,0,156,54,43,0
1406,2024-10-29 01:54:00,Missed my sister today. 😴,personal_update,neutral,en,0,29,4,8,0
2877,2024-10-29 20:29:00,Debate tonight on privacy law. What are your thoughts?,politics,negative,en,0,49,17,4,0
4505,2024-11-28 01:12:00,Debate tonight on privacy law. What are your thoughts?,politics,neutral,en,0,69,22,14,0
4693,2025-04-17 02:22:00,Not impressed with Stark's smartwatch build quality.,product_feedback,neutral,en,0,20,6,4,0
2827,2024-05-04 17:02:00,Report: data breach could affect seniors.,news,neutral,fr,1,83,10,19,0
288,2023-07-23 15:42:00,Use code SAVE20 for free shipping on sneakers.,promotion,positive,en,0,45,16,4,0
1870,2024-09-04 18:46:00,The headphones design is sleek but camera needs work.,product_feedback,neutral,de,0,39,13,2,0
3115,2023-04-05 05:00:00,Feeling grateful today! 😂 #Fitness,personal_update,neutral,en,0,17,4,3,0
3626,2024-02-16 11:16:00,New drop: headphones! Grab yours today.,promotion,neutral,en,0,16,1,3,0
2313,2023-03-31 22:48:00,Debate tonight on climate action. What are your thoughts?,politics,positive,en,0,19,5,3,0
4924,2024-05-21 15:04:00,Report: weather alert could affect seniors.,news,neutral,hi,0,32,11,6,0
1619,2023-12-21 14:23:00,Matchday! Tigers vs Lions at 8pm. Predictions?,sports,negative,en,0,18,3,1,0
995,2024-01-12 03:08:00,The headphones design is sleek but camera needs work.,product_feedback,neutral,hi,1,19,4,4,0
1804,2024-11-09 18:36:00,Debate tonight on climate action. What are your thoughts?,politics,negative,en,0,39,15,5,0
2643,2023-08-09 07:05:00,"Refund request for defective coffee maker, DM sent.",customer_support,positive,en,0,15,3,3,0
4803,2023-07-31 04:14:00,Having trouble logging into my Stark account—any fix?,customer_support,neutral,en,0,5,1,0,0
3536,2024-08-07 16:35:00,"Hi Initech, my order #21947 hasn’t arrived. Please help.",customer_support,neutral,en,0,13,1,1,0
4832,2024-02-15 16:42:00,When you open the fridge and forget why you came: 🎉 #relatable,meme_joke,positive,fr,0,85,15,12,0
3912,2023-07-23 00:21:00,Just had paneer tikka with friends. So good! 🎉,personal_update,positive,hi,1,25,3,5,0
2108,2025-03-20 15:29:00,Latest update on market rally: authorities confirm new info.,news,positive,en,0,78,12,4,0
3045,2024-10-27 11:37:00,Photos from charity run are up—tag yourself!,event,positive,de,1,109,17,25,0
417,2025-03-16 09:49:00,"New day, new goals. #Health 💪",personal_update,neutral,en,1,44,9,7,0
978,2024-08-29 11:27:00,Use code DEAL50 for free shipping on headphones.,promotion,positive,en,1,34,6,8,1
2418,2024-12-19 23:57:00,Latest update on weather alert: authorities confirm new info.,news,neutral,en,0,31,8,6,0
506,2023-07-06 00:45:00,Missed my brother today. 😅,personal_update,neutral,fr,0,9,3,1,0
4153,2024-03-08 17:02:00,Use code BUNDLE for free shipping on sneakers.,promotion,positive,fr,1,11,1,1,0
4256,2024-03-08 11:51:00,"New day, new goals. #News 🙌",personal_update,negative,en,1,49,14,3,0
3942,2024-05-16 06:58:00,Rally at London calling for education reform reform.,politics,neutral,en,0,63,17,17,0
415,2024-07-04 03:51:00,Missed my mom today. 😀,personal_update,positive,en,0,61,6,3,0
4149,2024-10-27 21:25:00,The Acme app keeps crashing after update.,customer_support,neutral,en,0,20,2,1,0
1184,2025-02-17 04:15:00,Feeling tired today! 🙌 #Sale,personal_update,positive,de,1,80,8,17,0
486,2024-03-12 00:30:00,Photos from charity run are up—tag yourself!,event,positive,de,0,44,6,5,0
894,2024-05-09 21:08:00,POV: You at 8am meetings 🤷🤷,meme_joke,neutral,en,1,120,29,35,0
806,2023-10-25 03:49:00,"New day, new goals. #Event 💪",personal_update,positive,fr,0,14,5,3,0
556,2023-06-22 11:16:00,Debate tonight on privacy law. What are your thoughts?,politics,positive,de,0,74,15,18,0
3826,2023-08-20 21:09:00,Livestream starts at 8pm! Don’t miss the book club.,event,positive,en,1,110,17,20,0
1198,2024-04-11 18:48:00,When you open the fridge and forget why you came: 😂 #relatable,meme_joke,positive,hi,0,41,10,2,0
4254,2024-01-21 12:16:00,Me: I’ll sleep early. Also me at 3am: 🤔,meme_joke,positive,fr,0,21,6,1,0
4059,2024-04-21 21:12:00,Record broken: M. Khan sets new high for points.,sports,positive,fr,0,113,41,32,0
1294,2023-07-17 16:02:00,Feeling tired today! 😀 #MondayMotivation,personal_update,positive,fr,1,45,10,2,0
2222,2025-03-27 13:08:00,Feeling excited today! 😅 #Breaking,personal_update,neutral,en,0,20,6,2,0
3505,2023-02-10 14:39:00,Mental health matters. Take a break. 😂,health_wellness,negative,en,0,62,18,6,0
3655,2023-02-14 07:04:00,"Refund request for defective sneakers, DM sent.",customer_support,neutral,es,0,13,1,1,0
4759,2023-07-03 01:45:00,Feeling tired today! 🤷 #Health,personal_update,neutral,es,0,24,7,3,0
3007,2024-06-15 20:37:00,Transfer rumor: L. Chen to United?,sports,neutral,en,1,92,15,12,0
2094,2023-07-29 08:34:00,Loving the new Stark smartwatch! Battery lasts all day.,product_feedback,positive,en,0,37,5,9,0
2188,2025-04-08 18:59:00,The coffee maker design is sleek but camera needs work.,product_feedback,negative,de,1,35,5,7,0
3037,2024-08-21 12:44:00,Feature request: please add noise cancellation to coffee maker.,product_feedback,negative,es,0,34,4,2,0
3919,2024-07-16 17:37:00,"Hi Initech, my order #80583 hasn’t arrived. Please help.",customer_support,negative,en,0,6,1,0,0
1273,2023-07-16 04:08:00,Loving the new Stark laptop! Battery lasts all day.,product_feedback,neutral,fr,1,25,6,4,0
291,2024-11-30 17:49:00,Weekend vibes at the London! 🙌,personal_update,positive,en,0,43,5,9,0
4828,2024-01-29 16:21:00,Feeling excited today! 💖 #Sale,personal_update,positive,fr,0,73,11,12,0
253,2023-05-10 16:37:00,Opinion: education reform will impact small businesses the most.,politics,neutral,fr,0,10,2,1,0
3246,2023-08-13 02:24:00,Thanks Acme support for resolving my issue fast!,customer_support,negative,en,0,7,2,1,0
351,2024-09-12 03:59:00,Thanks Stark support for resolving my issue fast!,customer_support,negative,en,0,5,0,1,0
1188,2023-04-25 10:47:00,Report: data breach could affect students.,news,neutral,es,1,23,7,1,0
1962,2024-08-16 04:52:00,New drop: smartwatch! Grab yours today.,promotion,negative,en,1,45,14,3,0
423,2024-04-10 17:56:00,When you open the fridge and forget why you came: 😀 #relatable,meme_joke,positive,hi,0,126,30,34,0
91,2023-05-01 00:21:00,Photos from tech summit are up—tag yourself!,event,positive,es,1,107,38,24,0
3730,2024-02-03 09:21:00,Mental health matters. Take a break. 🎉,health_wellness,positive,hi,0,38,14,9,0
2237,2024-11-21 06:45:00,Weekend vibes at the Mumbai! 🥲,personal_update,positive,en,0,41,10,10,0
671,2023-04-24 04:34:00,Tried low-carb for a week—here’s how I feel.,health_wellness,neutral,en,0,46,14,12,0
3041,2023-12-12 22:01:00,Debate tonight on privacy law. What are your thoughts?,politics,positive,fr,0,91,30,19,0
27,2024-06-04 23:56:00,Buy 1 get 1 on all headphones until Monday.,promotion,neutral,en,0,12,2,3,0
430,2025-06-11 14:40:00,"Refund request for defective headphones, DM sent.",customer_support,negative,hi,0,19,2,3,0
684,2023-04-11 18:08:00,This cat has more confidence than me 💪,meme_joke,positive,en,0,124,25,36,0
4464,2025-07-01 05:14:00,This cat has more confidence than me 🎉,meme_joke,positive,de,0,73,19,15,0
3946,2023-07-10 21:37:00,In-depth: What weather alert means for Mumbai.,news,neutral,fr,1,44,12,4,0
3524,2023-08-26 14:19:00,Tough loss for United. Refs were wild.,sports,neutral,en,0,53,10,11,0
1542,2024-01-15 10:08:00,Feeling excited today! 😀 #Sports,personal_update,positive,en,0,78,9,10,0
2032,2024-06-21 20:04:00,Buy 1 get 1 on all smartwatch until Tuesday.,promotion,positive,en,1,26,5,3,0
2233,2025-07-24 17:56:00,Weekend vibes at the Toronto! 🎉,personal_update,positive,en,0,14,4,2,0
4121,2023-05-29 07:12:00,Weekend vibes at the Delhi! 🤷,personal_update,negative,en,0,12,4,0,0
3236,2024-04-16 01:29:00,Missed my grandma today. 😂,personal_update,positive,fr,0,44,12,10,0
255,2024-07-13 20:05:00,Having trouble logging into my Umbrella account—any fix?,customer_support,neutral,en,0,3,0,0,0
1030,2023-06-12 08:58:00,Public health update: policy change cases rising in Sydney.,health_wellness,positive,hi,1,54,14,8,0
4393,2024-01-07 02:48:00,Exclusive: laptop bundle for $261!,promotion,neutral,en,1,25,6,1,0
3801,2025-01-10 15:29:00,Feature request: please add dark mode to laptop.,product_feedback,neutral,hi,0,10,3,1,0
4311,2024-01-26 06:39:00,Friend: ‘We should work out.’ Us: 😀,meme_joke,positive,hi,0,132,44,12,0
2510,2025-05-21 14:15:00,Lions with an unbelievable win tonight! #Sports,sports,negative,en,0,44,16,6,0
2293,2023-08-03 00:11:00,Feeling excited today! 🥲 #Sports,personal_update,neutral,hi,1,37,5,4,0
1324,2024-04-29 13:44:00,When you open the fridge and forget why you came: 💪 #relatable,meme_joke,positive,en,0,64,10,15,0
1551,2024-11-24 15:31:00,Mental health matters. Take a break. 💪,health_wellness,positive,en,0,79,16,17,0
4648,2024-02-12 21:10:00,Just had biryani with friends. So good! 😂,personal_update,positive,de,1,38,5,4,0
316,2024-07-18 20:18:00,Exclusive: smartwatch bundle for $97!,promotion,positive,fr,1,28,10,3,0
1243,2025-02-08 23:59:00,Reminder: drink water and stretch today! 🥲,health_wellness,negative,hi,1,55,11,10,0
2451,2025-08-08 09:19:00,Just had biryani with friends. So good! 🔥,personal_update,neutral,fr,0,31,3,1,0
1579,2024-07-26 15:22:00,Mental health matters. Take a break. 🙌,health_wellness,neutral,fr,0,29,5,7,0
4626,2023-05-31 22:08:00,Photos from music festival are up—tag yourself!,event,positive,en,1,103,20,27,0
3117,2023-03-14 05:58:00,Just had paneer tikka with friends. So good! 😂,personal_update,positive,en,0,67,9,6,0
70,2025-01-29 03:47:00,Mental health matters. Take a break. 🥲,health_wellness,negative,fr,0,4,0,0,0
860,2024-02-18 20:33:00,Loving the new Globex headphones! Battery lasts all day.,product_feedback,negative,es,0,16,5,3,0
2754,2024-12-13 13:27:00,Weekend vibes at the London! 😂,personal_update,negative,es,0,26,5,2,0
1633,2023-11-12 15:17:00,Tough loss for Royals. Refs were wild.,sports,neutral,en,0,37,10,10,0
1651,2023-07-27 15:06:00,Feeling grateful today! 😅 #Health,personal_update,positive,hi,0,21,2,2,0
3861,2024-03-11 22:57:00,Updating to say coffee maker performance improved after patch.,product_feedback,negative,en,0,2,0,0,0
3107,2023-08-23 06:29:00,Join us at the charity run this Friday! Tickets available now. #MondayMotivation,event,positive,en,0,36,5,3,0
1075,2023-05-17 02:16:00,Not impressed with Umbrella's sneakers build quality.,product_feedback,neutral,en,0,24,3,2,0
4002,2025-03-01 08:09:00,Tough loss for City. Refs were wild.,sports,positive,en,0,102,25,18,0
788,2024-10-22 23:56:00,Rally at London calling for education reform reform.,politics,neutral,en,0,22,7,2,0
2606,2024-12-17 14:33:00,The Globex app keeps crashing after update.,customer_support,negative,en,1,12,3,2,0
3631,2025-01-30 05:23:00,Thanks Globex support for resolving my issue fast!,customer_support,negative,hi,0,7,2,1,0
2122,2024-02-21 18:33:00,Opinion: healthcare will impact seniors the most.,politics,neutral,en,0,58,7,3,0
1875,2024-11-14 10:50:00,New drop: headphones! Grab yours today.,promotion,neutral,en,0,16,5,0,0
812,2025-02-15 06:36:00,Feature request: please add offline sync to laptop.,product_feedback,positive,en,0,13,4,3,0
388,2024-06-03 15:32:00,When you open the fridge and forget why you came: 🤔 #relatable,meme_joke,neutral,en,0,79,19,7,0
2883,2024-07-08 06:05:00,Breaking: policy change just happened in Sydney. Details emerging. #LOL,news,neutral,en,1,69,25,3,0
1176,2024-12-06 10:26:00,Feeling grateful today! 🥲 #Tech,personal_update,neutral,fr,0,13,4,2,0
3198,2023-04-08 22:18:00,Heads up: power outage expected later this week.,news,neutral,es,1,120,45,17,0
2624,2023-10-03 12:14:00,Tough loss for Tigers. Refs were wild.,sports,positive,en,1,106,10,20,0
1352,2024-08-12 20:24:00,"New day, new goals. #Sale 🎉",personal_update,positive,en,0,58,8,5,0
411,2024-07-05 18:08:00,Breaking: policy change just happened in Toronto. Details emerging. #News,news,neutral,en,1,115,45,12,0
4213,2025-01-10 02:57:00,New drop: coffee maker! Grab yours today.,promotion,neutral,hi,0,28,9,1,0
110,2025-07-17 13:25:00,The Initech app keeps crashing after update.,customer_support,negative,es,0,20,4,2,0
4996,2024-03-07 13:01:00,Opinion: privacy law will impact small businesses the most.,politics,negative,en,0,59,8,10,0
3430,2023-12-12 15:42:00,Photos from music festival are up—tag yourself!,event,neutral,fr,0,90,11,14,0
2810,2024-05-07 20:04:00,Buy 1 get 1 on all sneakers until Thursday.,promotion,positive,en,1,62,19,8,0
2595,2023-10-20 22:35:00,Royals with an unbelievable win tonight! #Health,sports,negative,en,0,53,10,12,0
2837,2023-04-12 21:53:00,Transfer rumor: L. Chen to Royals?,sports,positive,en,0,39,5,11,0
2373,2024-06-04 10:01:00,Missed my brother today. 🎉,personal_update,positive,en,1,42,8,10,0
1236,2023-09-23 01:28:00,This cat has more confidence than me 🤔,meme_joke,neutral,de,0,23,4,1,0
2147,2023-06-09 12:01:00,Feeling grateful today! 😴 #Breaking,personal_update,positive,hi,0,37,14,8,0
4976,2023-12-23 00:18:00,In-depth: What concert announcement means for Mumbai.,news,positive,en,1,99,27,23,0
600,2024-07-11 13:22:00,"Refund request for defective smartwatch, DM sent.",customer_support,negative,en,0,16,4,2,0
1435,2024-05-14 20:41:00,"New day, new goals. #Breaking 🔥",personal_update,neutral,en,1,54,19,13,0
4997,2023-02-18 11:03:00,Transfer rumor: L. Chen to United?,sports,negative,en,0,75,21,7,0
539,2024-06-04 01:26:00,Just had paneer tikka with friends. So good! 🎉,personal_update,negative,fr,0,48,5,3,0
722,2025-02-14 13:57:00,In-depth: What policy change means for Berlin.,news,neutral,es,0,47,11,9,0
4411,2023-10-22 18:42:00,This cat has more confidence than me 🙌,meme_joke,positive,en,0,51,17,13,0
1873,2023-11-19 15:14:00,Opinion: tax policy will impact small businesses the most.,politics,negative,en,0,58,17,8,0
2846,2024-12-29 04:18:00,"New day, new goals. #Health 🥲",personal_update,positive,en,0,17,3,4,0
2054,2025-05-12 21:44:00,New drop: sneakers! Grab yours today.,promotion,neutral,de,1,9,2,2,0
2908,2025-02-18 17:12:00,Latest update on data breach: authorities confirm new info.,news,negative,en,1,106,30,16,0
2255,2023-07-16 06:52:00,"Refund request for defective smartwatch, DM sent.",customer_support,neutral,es,0,8,0,2,0
3913,2024-03-29 19:24:00,Buy 1 get 1 on all coffee maker until Thursday.,promotion,positive,en,1,38,10,8,1
178,2023-02-01 07:27:00,New drop: laptop! Grab yours today.,promotion,neutral,es,1,25,3,3,0
2891,2025-07-02 14:50:00,City with an unbelievable win tonight! #MondayMotivation,sports,positive,en,0,74,17,11,0
3674,2023-11-02 23:58:00,Matchday! Tigers vs United at 6pm. Predictions?,sports,positive,en,0,37,5,10,0
81,2023-01-05 22:13:00,Meetup at Berlin for community fair. RSVP below.,event,neutral,en,1,33,7,5,0
2562,2025-05-01 12:16:00,Public health update: power outage cases rising in New York.,health_wellness,positive,de,1,18,5,5,0
1724,2025-03-23 09:47:00,Mental health matters. Take a break. 😀,health_wellness,neutral,en,0,48,10,3,0
1618,2024-08-18 04:10:00,Missed my dad today. 😅,personal_update,neutral,es,1,49,7,5,0
1655,2024-02-19 11:55:00,Countdown to tech summit: only 8 days left!,event,positive,en,1,16,1,3,0
2329,2024-06-14 03:55:00,Photos from music festival are up—tag yourself!,event,positive,hi,0,30,10,5,0
4614,2024-03-06 00:06:00,Me: I’ll sleep early. Also me at 3am: 🎉,meme_joke,positive,en,0,98,32,9,0
222,2024-01-15 04:57:00,Updating to say sneakers performance improved after patch.,product_feedback,neutral,de,0,26,4,3,0
94,2024-08-17 03:32:00,Weekend vibes at the Mumbai! 😅,personal_update,positive,en,0,52,12,12,0
2610,2025-05-13 19:46:00,Transfer rumor: A. Singh to Royals?,sports,positive,hi,0,33,6,9,0
3383,2024-02-03 16:32:00,Me: I’ll sleep early. Also me at 3am: 😴,meme_joke,positive,en,0,58,18,14,0
4416,2023-10-03 06:15:00,Buy 1 get 1 on all laptop until Thursday.,promotion,positive,en,0,14,1,2,1
1398,2024-01-29 17:12:00,Feeling excited today! 😴 #Tech,personal_update,positive,en,0,51,9,12,0
4687,2025-04-30 15:31:00,Latest update on market rally: authorities confirm new info.,news,neutral,es,1,37,6,3,0
1293,2023-10-06 13:22:00,New drop: coffee maker! Grab yours today.,promotion,positive,en,1,12,4,2,1
2165,2024-05-21 16:56:00,Updating to say smartwatch performance improved after patch.,product_feedback,neutral,hi,1,39,11,10,0
2940,2023-02-01 23:10:00,Matchday! Tigers vs City at 2pm. Predictions?,sports,neutral,en,1,45,16,8,0
3669,2024-06-08 14:13:00,Matchday! Royals vs Tigers at 8pm. Predictions?,sports,negative,hi,0,31,7,5,0
813,2025-06-24 02:08:00,Buy 1 get 1 on all sneakers until Tuesday.,promotion,negative,fr,1,7,1,0,0
1259,2024-09-09 06:51:00,Weekend vibes at the Berlin! 😀,personal_update,neutral,de,0,36,12,3,0
890,2023-05-14 05:07:00,Not impressed with Initech's headphones build quality.,product_feedback,neutral,en,0,4,0,0,0
1452,2023-04-18 01:52:00,Warriors with an unbelievable win tonight! #Tech,sports,positive,es,1,57,9,3,0
3317,2023-08-24 12:52:00,New drop: laptop! Grab yours today.,promotion,positive,en,0,26,10,2,0
2560,2023-07-29 20:58:00,In-depth: What power outage means for Toronto.,news,neutral,en,1,26,10,1,0
3575,2025-07-19 02:16:00,Livestream starts at 8pm! Don’t miss the tech summit.,event,positive,en,0,32,4,9,0
2681,2023-03-31 18:08:00,When you open the fridge and forget why you came: 🙌 #relatable,meme_joke,positive,en,0,95,21,28,0
4652,2025-05-23 04:37:00,Exclusive: headphones bundle for $95!,promotion,neutral,fr,0,21,2,5,0
4812,2024-04-21 06:55:00,Photos from book club are up—tag yourself!,event,positive,en,0,45,14,10,0
4680,2024-04-19 07:16:00,FLASH SALE: sneakers at 20% off. Limited time! #Fitness,promotion,neutral,es,0,16,1,4,0
2965,2023-07-05 17:51:00,Just had biryani with friends. So good! 😴,personal_update,neutral,en,0,31,6,3,0
2673,2023-11-30 00:42:00,Feeling happy today! 🎉 #Sports,personal_update,positive,de,0,24,8,1,0
562,2023-04-06 09:03:00,Friend: ‘We should work out.’ Us: 🥲,meme_joke,positive,en,1,85,13,12,0
2779,2025-01-13 03:49:00,Mental health matters. Take a break. 🙌,health_wellness,neutral,en,1,17,5,1,0
2949,2024-04-23 12:27:00,Fact check: claims about education reform and taxes.,politics,negative,hi,0,78,26,6,0
2818,2024-06-16 18:29:00,Weekend vibes at the Mumbai! 😅,personal_update,neutral,hi,0,46,9,3,0
2759,2023-05-26 23:23:00,Matchday! Royals vs United at 8pm. Predictions?,sports,neutral,fr,0,29,11,6,0
1757,2024-10-14 04:57:00,"New day, new goals. #Health 🥲",personal_update,positive,hi,1,38,7,10,0
725,2024-12-24 19:44:00,Not impressed with Acme's sneakers build quality.,product_feedback,positive,fr,0,14,4,1,0
220,2023-02-20 12:39:00,Just had paneer tikka with friends. So good! 🎉,personal_update,negative,es,1,15,2,3,0
4140,2024-12-19 09:10:00,When you open the fridge and forget why you came: 🤔 #relatable,meme_joke,positive,fr,0,96,13,10,0
3958,2025-01-26 21:54:00,The Acme app keeps crashing after update.,customer_support,neutral,en,0,10,2,2,0
1589,2024-06-20 19:46:00,Debate tonight on healthcare. What are your thoughts?,politics,neutral,es,0,24,9,5,0
3348,2024-08-10 23:43:00,Feeling meh today! 🎉 #News,personal_update,positive,fr,1,36,6,5,0
3971,2023-03-14 02:05:00,Transfer rumor: K. Garcia to Tigers?,sports,negative,en,1,33,5,5,0
4708,2024-03-19 12:03:00,FLASH SALE: sneakers at 25% off. Limited time! #Health,promotion,positive,en,0,58,21,9,0
44,2024-10-08 20:21:00,Fact check: claims about tax policy and taxes.,politics,neutral,en,0,47,14,2,0
3002,2024-01-04 13:54:00,"New day, new goals. #Event 💪",personal_update,neutral,en,0,22,4,1,0
211,2024-11-22 15:42:00,Report: policy change could affect commuters.,news,neutral,de,1,59,14,4,0
678,2023-03-24 12:59:00,Feeling excited today! 💪 #MondayMotivation,personal_update,positive,en,0,7,2,1,0
355,2024-02-05 14:27:00,Tried low-carb for a week—here’s how I feel.,health_wellness,neutral,es,0,46,8,5,0
1434,2024-04-23 12:41:00,Friend: ‘We should work out.’ Us: 😀,meme_joke,neutral,es,0,52,8,11,0
950,2023-10-20 19:35:00,Loving the new Umbrella smartwatch! Battery lasts all day.,product_feedback,negative,hi,0,11,2,0,0
2844,2025-02-05 20:35:00,Heads up: data breach expected later this week.,news,positive,en,0,119,18,26,0
578,2025-03-17 01:36:00,Join us at the music festival this Wednesday! Tickets available now. #Fitness,event,positive,en,1,117,15,6,0
3929,2023-04-09 02:45:00,Meetup at Delhi for music festival. RSVP below.,event,positive,hi,1,110,33,28,0
545,2023-07-04 06:24:00,Feeling meh today! 😴 #LOL,personal_update,positive,en,0,65,19,16,0
368,2025-05-05 06:17:00,Feeling grateful today! 🎉 #Breaking,personal_update,positive,en,0,22,5,3,0
1613,2023-07-20 10:19:00,FLASH SALE: coffee maker at 60% off. Limited time! #Health,promotion,positive,hi,1,17,6,4,0
3551,2025-01-21 15:58:00,Opinion: tax policy will impact commuters the most.,politics,positive,en,0,25,6,1,0
3717,2024-01-11 18:54:00,Join us at the tech summit this Wednesday! Tickets available now. #Fitness,event,positive,de,1,89,29,20,0
3780,2025-07-01 07:04:00,Feeling excited today! 🥲 #MondayMotivation,personal_update,positive,en,1,12,1,2,0
136,2024-02-11 06:26:00,Weekend vibes at the Toronto! 😂,personal_update,positive,de,1,51,14,15,0
4481,2025-06-17 08:10:00,Latest update on market rally: authorities confirm new info.,news,neutral,hi,1,60,13,7,0
1438,2023-01-26 22:44:00,Tried Mediterranean for a week—here’s how I feel.,health_wellness,negative,de,0,50,18,7,0
48,2025-03-23 19:29:00,Countdown to charity run: only 3 days left!,event,positive,en,0,23,2,3,0
1361,2024-07-18 00:31:00,Starting a 30-day strength challenge. Who’s in?,health_wellness,neutral,en,0,60,11,9,0
735,2023-02-12 23:04:00,Feeling excited today! 😴 #Fitness,personal_update,neutral,fr,0,58,11,9,0
1535,2025-04-14 19:19:00,New drop: smartwatch! Grab yours today.,promotion,neutral,en,1,14,1,3,0
2005,2024-05-13 22:18:00,Reminder: drink water and stretch today! 🤔,health_wellness,negative,es,0,63,20,18,0
3796,2023-04-18 21:37:00,"Refund request for defective coffee maker, DM sent.",customer_support,negative,fr,0,17,6,1,0
2520,2025-07-30 05:37:00,Photos from community fair are up—tag yourself!,event,positive,en,0,115,20,26,0
1973,2025-04-02 16:20:00,Having trouble logging into my Acme account—any fix?,customer_support,positive,hi,0,37,14,7,0
997,2024-10-23 15:57:00,Latest update on data breach: authorities confirm new info.,news,neutral,de,0,108,42,8,0
62,2023-10-20 20:03:00,Heads up: concert announcement expected later this week.,news,neutral,en,0,35,11,4,0
1109,2023-10-14 03:14:00,Tried Mediterranean for a week—here’s how I feel.,health_wellness,positive,en,0,6,0,1,0
2406,2024-08-23 10:41:00,In-depth: What weather alert means for Sydney.,news,neutral,en,1,59,12,15,0
96,2024-10-22 02:37:00,Record broken: A. Singh sets new high for runs.,sports,positive,en,0,111,24,24,0
479,2023-07-18 15:59:00,Reminder: drink water and stretch today! 🥲,health_wellness,positive,hi,0,25,6,5,0
4360,2024-07-09 00:00:00,Photos from charity run are up—tag yourself!,event,negative,en,0,9,2,0,0
4113,2025-05-16 13:40:00,This cat has more confidence than me 😅,meme_joke,positive,fr,0,80,17,13,0
3708,2024-05-14 02:33:00,City with an unbelievable win tonight! #Breaking,sports,positive,en,1,9,2,2,0
1102,2025-03-24 03:45:00,Feeling grateful today! 😂 #MondayMotivation,personal_update,positive,fr,0,22,4,6,0
2747,2024-02-15 04:37:00,When you open the fridge and forget why you came: 😴 #relatable,meme_joke,positive,es,0,77,12,8,0
2171,2024-10-01 03:18:00,Record broken: J. Smith sets new high for points.,sports,positive,en,1,97,13,5,0
323,2024-11-08 16:28:00,POV: You at 8am meetings 😂😂,meme_joke,positive,hi,0,127,19,7,0
4255,2024-03-04 15:20:00,Weekend vibes at the Berlin! 🔥,personal_update,negative,en,0,53,13,5,0
3143,2024-03-11 04:29:00,Opinion: climate action will impact small businesses the most.,politics,neutral,de,0,6,2,1,0
3538,2023-03-04 23:24:00,Buy 1 get 1 on all sneakers until Monday.,promotion,positive,en,0,53,18,10,0
4926,2023-09-23 10:45:00,Report: policy change could affect seniors.,news,neutral,es,1,104,22,15,0
2925,2024-06-13 03:26:00,Buy 1 get 1 on all coffee maker until Thursday.,promotion,positive,en,0,63,19,3,0
1150,2024-12-06 10:11:00,This cat has more confidence than me 😴,meme_joke,positive,es,0,111,34,12,0
3618,2023-09-13 07:33:00,Heads up: policy change expected later this week.,news,neutral,en,0,105,37,19,0
292,2024-12-29 08:57:00,Meetup at Delhi for book club. RSVP below.,event,neutral,de,1,13,1,2,0
3750,2024-02-19 19:41:00,The Acme app keeps crashing after update.,customer_support,neutral,es,0,19,3,3,0
3587,2023-10-14 17:43:00,Report: concert announcement could affect seniors.,news,neutral,en,0,48,18,5,0
534,2023-07-22 19:47:00,When you open the fridge and forget why you came: 🥲 #relatable,meme_joke,neutral,en,0,145,47,41,0
3608,2024-02-03 19:03:00,Having trouble logging into my Acme account—any fix?,customer_support,neutral,fr,0,10,2,2,0
2649,2024-06-27 04:34:00,Use code FREESHIP for free shipping on coffee maker.,promotion,negative,hi,1,36,10,4,0
4811,2024-01-27 21:25:00,Matchday! Lions vs City at 8pm. Predictions?,sports,negative,es,0,41,6,4,0
1984,2025-02-05 16:41:00,Countdown to community fair: only 6 days left!,event,neutral,fr,1,8,2,1,0
2933,2025-06-19 17:00:00,Loving the new Stark sneakers! Battery lasts all day.,product_feedback,neutral,fr,1,5,0,0,0
1537,2024-02-06 06:26:00,Join us at the tech summit this Friday! Tickets available now. #Breaking,event,positive,en,0,92,29,18,0
4535,2025-01-23 12:29:00,Exclusive: smartwatch bundle for $107!,promotion,positive,es,0,39,14,2,0
4173,2023-03-19 22:02:00,Fact check: claims about privacy law and taxes.,politics,positive,es,1,16,5,2,0
3361,2024-05-21 12:42:00,FLASH SALE: smartwatch at 25% off. Limited time! #Sale,promotion,positive,en,0,36,13,7,0
3666,2024-03-25 12:02:00,Countdown to music festival: only 4 days left!,event,positive,en,1,81,26,7,0
4006,2023-06-05 02:36:00,Debate tonight on education reform. What are your thoughts?,politics,neutral,en,0,59,23,13,0
3627,2023-06-08 14:21:00,Join us at the charity run this Monday! Tickets available now. #News,event,neutral,de,0,46,16,13,0
587,2024-11-30 12:16:00,Countdown to tech summit: only 11 days left!,event,neutral,en,0,99,12,19,0
3257,2023-02-10 06:00:00,New bill on healthcare passes in Sydney.,politics,neutral,en,1,59,6,16,0
2299,2023-03-29 16:45:00,Missed my sister today. 😴,personal_update,neutral,de,0,60,8,16,0
3989,2024-10-31 23:45:00,Updating to say headphones performance improved after patch.,product_feedback,neutral,en,0,17,3,4,0
585,2024-01-11 12:35:00,Not impressed with Globex's coffee maker build quality.,product_feedback,negative,hi,0,26,6,4,0
2424,2023-09-02 12:55:00,POV: You at 8am meetings 🎉🎉,meme_joke,neutral,en,0,53,13,12,0
1392,2023-07-10 06:52:00,Use code WELCOME10 for free shipping on smartwatch.,promotion,positive,fr,1,60,11,7,0
4526,2023-12-04 16:29:00,This cat has more confidence than me 😂,meme_joke,negative,en,0,144,18,27,0
4921,2023-02-15 01:37:00,Feeling grateful today! 💖 #Event,personal_update,positive,en,0,53,10,10,0
4801,2025-03-19 04:45:00,Lions with an unbelievable win tonight! #Fitness,sports,negative,en,0,92,33,8,0
3241,2024-11-17 04:37:00,The Acme app keeps crashing after update.,customer_support,negative,en,0,13,2,3,0
4282,2023-06-11 16:22:00,New bill on tax policy passes in Berlin.,politics,negative,en,0,51,18,12,0
3339,2024-01-02 12:13:00,Me: I’ll sleep early. Also me at 3am: 🥲,meme_joke,positive,fr,1,144,54,11,0
3221,2024-06-20 05:48:00,The smartwatch design is sleek but camera needs work.,product_feedback,neutral,en,1,25,2,6,0
2112,2024-09-16 22:35:00,Updating to say smartwatch performance improved after patch.,product_feedback,neutral,en,0,4,0,0,0
1175,2024-10-28 23:39:00,Missed my grandma today. 🎉,personal_update,neutral,en,0,32,6,3,0
4863,2023-02-15 12:58:00,"New day, new goals. #Sports 💪",personal_update,positive,en,0,32,8,5,0
3812,2024-12-18 03:50:00,Missed my grandma today. 😀,personal_update,positive,en,0,76,26,7,0
1868,2023-11-15 03:10:00,Just had pasta with friends. So good! 🎉,personal_update,positive,en,0,45,6,2,0
2615,2023-09-14 00:08:00,In-depth: What power outage means for Berlin.,news,neutral,es,0,31,11,6,0
3867,2023-08-28 19:55:00,Reminder: drink water and stretch today! 💪,health_wellness,positive,en,1,23,6,5,0
4886,2024-01-30 01:03:00,Me: I’ll sleep early. Also me at 3am: 💖,meme_joke,neutral,en,0,121,29,9,0
3779,2024-08-12 12:39:00,Use code SAVE20 for free shipping on laptop.,promotion,neutral,fr,1,16,2,1,1
3847,2023-01-26 07:42:00,Latest update on power outage: authorities confirm new info.,news,neutral,en,1,74,27,16,0
2417,2023-10-01 07:16:00,Missed my dad today. 🎉,personal_update,positive,en,0,62,12,4,0
71,2024-03-03 09:09:00,POV: You at 8am meetings 😅😅,meme_joke,positive,en,0,151,57,29,0
4881,2023-09-30 07:15:00,"New day, new goals. #Breaking 💪",personal_update,positive,de,1,44,15,4,0
1127,2023-12-21 01:59:00,FLASH SALE: sneakers at 15% off. Limited time! #News,promotion,neutral,en,0,6,2,1,0
4025,2024-12-16 08:41:00,Join us at the tech summit this Wednesday! Tickets available now. #Sale,event,positive,de,0,37,10,2,0
3251,2024-05-08 02:40:00,Photos from book club are up—tag yourself!,event,positive,de,1,65,10,4,0
3902,2025-01-16 12:19:00,Report: weather alert could affect seniors.,news,negative,es,0,36,8,6,0
1096,2024-12-06 12:52:00,Public health update: policy change cases rising in Toronto.,health_wellness,positive,hi,0,15,5,4,0
4546,2023-02-18 13:54:00,This cat has more confidence than me 😅,meme_joke,positive,en,0,58,15,8,0
1213,2023-12-10 13:03:00,Thanks Globex support for resolving my issue fast!,customer_support,neutral,en,0,14,2,2,0
3922,2023-08-31 10:58:00,The coffee maker design is sleek but camera needs work.,product_feedback,neutral,hi,0,27,6,4,0
1426,2024-12-10 16:31:00,Just had tacos with friends. So good! 💖,personal_update,positive,fr,1,36,7,6,0
3067,2023-10-15 00:16:00,The Stark app keeps crashing after update.,customer_support,negative,en,1,15,4,3,0
4520,2023-11-02 08:27:00,The laptop design is sleek but camera needs work.,product_feedback,negative,es,0,30,8,1,0
2101,2024-11-20 14:53:00,FLASH SALE: headphones at 15% off. Limited time! #Health,promotion,positive,es,1,22,6,4,0
808,2023-12-19 04:11:00,"Refund request for defective headphones, DM sent.",customer_support,negative,en,0,0,0,0,0
4744,2023-08-30 17:45:00,Tried vegan for a week—here’s how I feel.,health_wellness,positive,en,1,82,32,16,0
3751,2024-05-31 13:14:00,Just had biryani with friends. So good! 🥲,personal_update,neutral,hi,0,34,7,2,0
1363,2025-08-05 10:48:00,This cat has more confidence than me 🤷,meme_joke,neutral,es,1,83,31,13,0
2318,2023-11-30 16:43:00,Livestream starts at 6pm! Don’t miss the tech summit.,event,positive,hi,1,116,46,12,0
4582,2025-01-26 20:19:00,Latest update on market rally: authorities confirm new info.,news,neutral,en,0,98,28,13,0
4742,2024-03-15 06:44:00,Feeling grateful today! 😂 #Sports,personal_update,positive,en,0,25,5,3,0
1026,2025-02-06 07:29:00,Weekend vibes at the London! 💖,personal_update,negative,de,0,14,1,3,0
3110,2024-07-18 06:34:00,Just had pasta with friends. So good! 🙌,personal_update,positive,fr,1,15,3,4,0
2111,2024-03-05 17:02:00,Exclusive: laptop bundle for $239!,promotion,positive,en,0,34,8,9,0
1042,2024-06-12 11:28:00,Missed my mom today. 😅,personal_update,positive,fr,1,41,12,4,0
1877,2023-12-12 19:28:00,Having trouble logging into my Globex account—any fix?,customer_support,neutral,en,0,13,3,2,0
882,2025-06-16 05:47:00,Meetup at Delhi for book club. RSVP below.,event,positive,en,1,96,29,7,0
4300,2024-05-09 09:14:00,POV: You at 8am meetings 🤔🤔,meme_joke,positive,en,0,165,40,17,0
1193,2023-06-26 17:26:00,Just had tacos with friends. So good! 🥲,personal_update,neutral,de,0,55,11,9,0
4588,2023-01-07 20:00:00,Just had tacos with friends. So good! 😅,personal_update,neutral,de,0,11,1,2,0
4511,2023-07-23 17:59:00,Join us at the tech summit this Saturday! Tickets available now. #Sports,event,neutral,en,0,55,7,11,0
3671,2025-02-18 22:43:00,"New day, new goals. #News 😅",personal_update,positive,en,0,68,8,20,0
625,2023-10-19 12:17:00,Updating to say coffee maker performance improved after patch.,product_feedback,positive,en,1,24,7,6,0
2797,2024-08-01 14:34:00,When you open the fridge and forget why you came: 😀 #relatable,meme_joke,positive,hi,0,70,27,7,0
4292,2023-12-22 05:40:00,Tried low-carb for a week—here’s how I feel.,health_wellness,neutral,en,0,51,12,14,0
4969,2023-04-29 18:38:00,Starting a 30-day running challenge. Who’s in?,health_wellness,positive,hi,0,80,11,23,0
234,2025-05-22 16:50:00,"New day, new goals. #Breaking 🥲",personal_update,neutral,hi,0,31,11,8,0
4567,2023-10-14 02:06:00,In-depth: What power outage means for Toronto.,news,neutral,en,0,84,21,7,0
1663,2023-12-21 05:07:00,Weekend vibes at the New York! 😴,personal_update,positive,fr,0,75,12,15,0
416,2025-04-10 21:45:00,Just had pasta with friends. So good! 🤷,personal_update,positive,en,1,12,4,3,0
4247,2025-01-17 22:02:00,Just had biryani with friends. So good! 🎉,personal_update,positive,en,1,36,4,7,0
2174,2024-02-27 02:29:00,Not impressed with Acme's coffee maker build quality.,product_feedback,negative,fr,1,18,2,2,0
1457,2024-08-03 07:36:00,New bill on healthcare passes in New York.,politics,neutral,en,0,7,1,1,0
747,2023-02-08 04:36:00,Reminder: drink water and stretch today! 😴,health_wellness,positive,en,0,76,25,7,0
18,2025-01-05 03:49:00,Countdown to charity run: only 13 days left!,event,neutral,en,1,29,8,8,0
1201,2023-12-07 01:48:00,Feature request: please add faster charging to coffee maker.,product_feedback,neutral,en,1,4,1,1,0
1700,2023-12-16 19:39:00,Weekend vibes at the London! 🤷,personal_update,positive,es,1,59,21,7,0
3254,2023-07-15 18:56:00,Exclusive: headphones bundle for $145!,promotion,negative,de,0,8,2,2,1
597,2023-11-09 03:41:00,"New day, new goals. #Tech 😀",personal_update,positive,de,0,45,7,8,0
3227,2023-07-19 17:50:00,Weekend vibes at the Delhi! 😀,personal_update,positive,en,1,24,4,6,0
4406,2023-07-13 06:44:00,Breaking: policy change just happened in Sydney. Details emerging. #Event,news,neutral,hi,0,87,17,18,0
4720,2023-06-30 07:05:00,Report: weather alert could affect students.,news,positive,en,1,10,2,2,0
1506,2023-05-24 04:06:00,Meetup at New York for tech summit. RSVP below.,event,positive,fr,0,62,10,12,0
1413,2023-03-15 00:37:00,Tough loss for Lions. Refs were wild.,sports,neutral,hi,0,83,22,10,0
1966,2025-02-13 19:47:00,Buy 1 get 1 on all sneakers until Monday.,promotion,positive,es,0,27,3,7,0
372,2023-05-17 12:49:00,Use code DEAL50 for free shipping on headphones.,promotion,neutral,hi,1,9,1,1,0
1341,2024-08-06 07:04:00,Report: concert announcement could affect students.,news,neutral,es,1,32,9,2,0
599,2024-11-08 02:09:00,FLASH SALE: coffee maker at 60% off. Limited time! #Breaking,promotion,neutral,en,0,44,10,3,0
239,2024-04-08 10:50:00,"Hi Initech, my order #16376 hasn’t arrived. Please help.",customer_support,negative,es,0,13,3,1,0
3401,2023-11-29 19:21:00,Meetup at Mumbai for book club. RSVP below.,event,positive,es,0,87,9,17,0
2068,2025-03-04 21:50:00,Report: concert announcement could affect students.,news,positive,es,1,44,7,4,0
811,2025-03-02 20:26:00,"New day, new goals. #Event 🎉",personal_update,negative,de,0,60,16,6,0
1095,2025-03-05 01:16:00,United with an unbelievable win tonight! #News,sports,negative,en,1,90,10,9,0
4325,2023-05-31 22:01:00,Starting a 30-day meditation challenge. Who’s in?,health_wellness,positive,de,0,27,9,6,0
4761,2023-08-22 16:29:00,Join us at the music festival this Wednesday! Tickets available now. #MondayMotivation,event,neutral,en,0,23,5,4,0
3677,2024-02-26 14:22:00,Feeling excited today! 😂 #LOL,personal_update,positive,es,1,77,20,7,0
3465,2025-04-25 02:26:00,Tried low-carb for a week—here’s how I feel.,health_wellness,negative,de,0,32,7,4,0
3104,2023-09-04 09:10:00,When you open the fridge and forget why you came: 🤷 #relatable,meme_joke,positive,es,0,122,16,18,0
2750,2025-02-17 09:03:00,The laptop design is sleek but camera needs work.,product_feedback,neutral,en,0,35,11,9,0
2296,2024-12-03 21:16:00,Transfer rumor: A. Singh to Warriors?,sports,positive,en,0,106,22,11,0
4193,2023-03-29 06:29:00,Me: I’ll sleep early. Also me at 3am: 💖,meme_joke,neutral,en,1,76,12,15,0
3709,2024-12-20 04:59:00,"Refund request for defective coffee maker, DM sent.",customer_support,negative,en,0,16,1,2,0
3019,2023-11-23 23:32:00,When you open the fridge and forget why you came: 🎉 #relatable,meme_joke,positive,fr,1,111,28,10,0
4253,2023-06-02 03:40:00,Livestream starts at 6pm! Don’t miss the community fair.,event,positive,hi,1,75,19,10,0
804,2023-08-10 13:59:00,Not impressed with Acme's headphones build quality.,product_feedback,negative,en,0,8,2,1,0
4191,2023-05-14 01:04:00,Weekend vibes at the London! 😴,personal_update,positive,en,0,73,23,10,0
3706,2023-06-22 07:00:00,Heads up: concert announcement expected later this week.,news,neutral,fr,1,83,29,17,0
752,2024-01-20 08:51:00,In-depth: What data breach means for London.,news,neutral,en,1,91,14,20,0
4645,2023-11-02 20:44:00,Friend: ‘We should work out.’ Us: 💪,meme_joke,positive,hi,0,95,33,25,0
2532,2023-11-23 07:05:00,This cat has more confidence than me 🔥,meme_joke,neutral,fr,0,17,6,1,0
622,2025-03-21 05:12:00,Matchday! Warriors vs City at 2pm. Predictions?,sports,positive,en,1,15,2,3,0
2298,2024-07-13 20:37:00,Join us at the music festival this Thursday! Tickets available now. #Fitness,event,positive,en,0,17,4,2,0
3829,2024-02-18 06:25:00,Transfer rumor: R. Patel to City?,sports,positive,hi,0,44,13,12,0
567,2023-10-28 11:31:00,Feeling happy today! 🤷 #Sports,personal_update,negative,en,0,9,3,1,0
1136,2023-03-31 17:03:00,Tough loss for Royals. Refs were wild.,sports,positive,es,1,44,12,10,0
1205,2025-06-04 00:05:00,Use code SAVE20 for free shipping on coffee maker.,promotion,positive,en,1,62,22,7,0
1048,2025-02-23 05:05:00,Lions with an unbelievable win tonight! #Event,sports,positive,fr,1,48,14,9,0
52,2023-09-13 03:01:00,Tried low-carb for a week—here’s how I feel.,health_wellness,neutral,en,0,51,11,10,0
3652,2024-11-24 05:39:00,Feature request: please add faster charging to coffee maker.,product_feedback,negative,fr,0,38,10,7,0
1045,2023-06-01 09:47:00,Opinion: tax policy will impact seniors the most.,politics,neutral,en,0,19,2,3,0
2182,2024-05-19 01:39:00,Photos from community fair are up—tag yourself!,event,neutral,hi,1,93,13,20,0
2689,2023-08-28 23:19:00,Public health update: power outage cases rising in London.,health_wellness,positive,es,0,53,6,11,0
535,2023-10-21 12:08:00,Latest update on concert announcement: authorities confirm new info.,news,neutral,en,0,51,20,4,0
3185,2025-01-09 09:38:00,"New day, new goals. #Health 🥲",personal_update,neutral,en,0,38,11,7,0
3858,2024-10-09 02:27:00,Feature request: please add dark mode to headphones.,product_feedback,neutral,en,0,29,10,6,0
444,2024-05-06 02:46:00,Latest update on concert announcement: authorities confirm new info.,news,neutral,en,0,44,7,9,0
3605,2025-07-04 09:03:00,Lions with an unbelievable win tonight! #MondayMotivation,sports,positive,de,1,64,9,7,0
196,2025-03-03 06:08:00,Loving the new Initech smartwatch! Battery lasts all day.,product_feedback,positive,hi,0,37,11,7,0
1116,2023-11-29 08:23:00,Report: concert announcement could affect students.,news,neutral,de,1,112,21,5,0
766,2023-12-04 09:35:00,Feeling tired today! 💪 #Health,personal_update,positive,en,0,30,5,8,0
1946,2024-04-08 11:29:00,Transfer rumor: M. Khan to Lions?,sports,neutral,en,0,84,30,22,0
3248,2025-04-23 10:26:00,Not impressed with Umbrella's smartwatch build quality.,product_feedback,neutral,hi,0,34,7,8,0
3003,2024-09-13 15:07:00,Feeling tired today! 🤷 #Sports,personal_update,neutral,en,0,33,9,3,0
1433,2023-01-27 21:55:00,The Acme app keeps crashing after update.,customer_support,negative,en,1,17,1,3,0
4201,2023-02-26 11:00:00,New drop: headphones! Grab yours today.,promotion,neutral,fr,0,26,8,1,0
3096,2025-02-26 22:46:00,FLASH SALE: laptop at 40% off. Limited time! #Fitness,promotion,neutral,fr,1,5,0,0,0
2923,2023-06-07 17:17:00,When you open the fridge and forget why you came: 😴 #relatable,meme_joke,positive,en,0,10,3,1,0
645,2023-07-10 17:08:00,Mental health matters. Take a break. 🤷,health_wellness,positive,es,0,86,31,25,0
1050,2025-01-26 00:34:00,Public health update: concert announcement cases rising in Delhi.,health_wellness,positive,en,0,39,14,9,0
3746,2025-02-25 15:34:00,Just had sushi with friends. So good! 🔥,personal_update,positive,en,0,60,6,6,0
4094,2023-11-21 22:21:00,"Refund request for defective sneakers, DM sent.",customer_support,negative,de,0,5,0,0,0
4404,2023-07-02 16:55:00,Not impressed with Acme's headphones build quality.,product_feedback,positive,en,1,10,3,1,0
121,2023-10-29 14:51:00,When you open the fridge and forget why you came: 😂 #relatable,meme_joke,negative,en,0,71,12,20,0
2053,2025-05-08 19:09:00,"Refund request for defective smartwatch, DM sent.",customer_support,neutral,en,0,8,1,1,0
4259,2024-09-22 18:01:00,Tigers with an unbelievable win tonight! #LOL,sports,neutral,en,0,41,16,5,0
4889,2023-02-04 22:42:00,Latest update on policy change: authorities confirm new info.,news,neutral,en,0,102,34,25,0
4335,2023-08-29 16:23:00,Not impressed with Acme's laptop build quality.,product_feedback,neutral,en,0,22,3,1,0
4692,2023-01-27 01:47:00,New bill on climate action passes in London.,politics,negative,fr,0,7,0,1,0
135,2024-08-26 23:58:00,Just had biryani with friends. So good! 🤷,personal_update,negative,en,0,33,11,4,0
2461,2025-01-18 02:05:00,Heads up: market rally expected later this week.,news,neutral,en,1,106,24,8,0
1955,2023-08-04 14:18:00,"New day, new goals. #Fitness 😀",personal_update,negative,en,0,22,3,1,0
2464,2023-09-26 23:44:00,Tigers with an unbelievable win tonight! #Fitness,sports,neutral,de,0,22,2,2,0
185,2023-09-22 08:11:00,Missed my mom today. 💪,personal_update,neutral,fr,0,29,6,8,0
1393,2025-05-04 11:26:00,Use code BUNDLE for free shipping on smartwatch.,promotion,positive,en,1,34,10,5,0
2277,2023-05-17 01:44:00,Heads up: market rally expected later this week.,news,neutral,en,0,49,5,10,0
512,2024-02-11 16:43:00,POV: You at 8am meetings 🙌🙌,meme_joke,negative,de,0,25,8,2,0
4730,2023-09-03 07:50:00,Reminder: drink water and stretch today! 😅,health_wellness,positive,en,0,38,13,7,0
4055,2024-05-17 04:50:00,Rally at Delhi calling for climate action reform.,politics,neutral,en,0,66,24,18,0
3138,2024-02-01 10:32:00,Just had tacos with friends. So good! 😂,personal_update,positive,en,0,77,22,20,0
2670,2023-11-04 03:12:00,Countdown to music festival: only 7 days left!,event,positive,en,1,66,10,10,0
4774,2024-09-27 03:12:00,New drop: smartwatch! Grab yours today.,promotion,positive,en,1,4,0,0,1
4862,2025-05-02 15:11:00,"Refund request for defective laptop, DM sent.",customer_support,neutral,en,0,13,2,1,0
2118,2024-04-22 16:04:00,Starting a 30-day running challenge. Who’s in?,health_wellness,negative,de,0,41,11,6,0
252,2024-11-24 04:24:00,Latest update on policy change: authorities confirm new info.,news,positive,en,1,77,28,4,0
3527,2024-05-20 01:44:00,Public health update: market rally cases rising in London.,health_wellness,positive,en,0,8,1,1,0
3560,2025-04-07 14:10:00,"New day, new goals. #Breaking 😂",personal_update,negative,en,0,36,7,6,0
4012,2025-04-06 11:30:00,Having trouble logging into my Umbrella account—any fix?,customer_support,negative,de,1,2,0,0,0
1508,2024-04-30 00:42:00,"New day, new goals. #Event 😀",personal_update,positive,en,0,22,7,6,0
123,2023-01-14 23:16:00,"New day, new goals. #MondayMotivation 🥲",personal_update,negative,en,1,46,8,8,0
4260,2024-11-02 01:03:00,Just had tacos with friends. So good! 💖,personal_update,positive,en,0,68,16,10,0
3334,2024-12-13 13:09:00,Just had ramen with friends. So good! 🥲,personal_update,positive,en,0,15,3,1,0
1872,2023-07-18 05:41:00,Missed my grandma today. 🔥,personal_update,positive,es,1,16,2,4,0
3693,2024-09-16 12:04:00,Reminder: drink water and stretch today! 😅,health_wellness,neutral,en,0,66,18,5,0
568,2025-06-25 08:00:00,Exclusive: smartwatch bundle for $131!,promotion,neutral,en,0,38,10,10,0
1372,2023-03-18 23:21:00,Missed my dad today. 😀,personal_update,positive,en,0,9,3,1,0
3186,2024-04-07 19:45:00,Updating to say laptop performance improved after patch.,product_feedback,negative,hi,0,20,7,1,0
3956,2025-02-21 02:16:00,In-depth: What data breach means for Sydney.,news,neutral,fr,1,115,12,13,0
1057,2025-04-21 06:02:00,"New day, new goals. #Health 🥲",personal_update,neutral,en,0,18,3,5,0
857,2025-06-26 15:16:00,Latest update on weather alert: authorities confirm new info.,news,neutral,fr,1,63,21,16,0
3839,2025-04-12 02:46:00,FLASH SALE: coffee maker at 10% off. Limited time! #LOL,promotion,positive,en,0,63,19,7,1
2861,2024-06-28 07:07:00,The smartwatch design is sleek but camera needs work.,product_feedback,neutral,en,0,40,14,2,0
4770,2023-05-07 06:21:00,Opinion: privacy law will impact seniors the most.,politics,neutral,en,0,42,5,4,0
777,2023-09-14 05:13:00,Loving the new Stark sneakers! Battery lasts all day.,product_feedback,neutral,en,1,13,2,1,0
721,2024-02-03 11:40:00,Missed my brother today. 😴,personal_update,positive,hi,1,76,10,14,0
2711,2024-07-04 13:12:00,Feeling excited today! 💖 #News,personal_update,positive,en,0,70,13,7,0
2655,2023-02-04 04:06:00,Rally at Toronto calling for healthcare reform.,politics,neutral,en,0,43,16,12,0
4878,2024-10-05 00:34:00,Countdown to charity run: only 8 days left!,event,neutral,fr,1,86,32,13,0
603,2025-05-23 10:39:00,Thanks Umbrella support for resolving my issue fast!,customer_support,negative,en,1,13,2,3,0
3823,2023-10-14 09:43:00,Just had biryani with friends. So good! 🎉,personal_update,neutral,de,0,7,2,1,0
1245,2024-08-29 21:34:00,New bill on privacy law passes in Sydney.,politics,negative,en,0,68,16,9,0
4846,2025-08-05 12:28:00,Feeling excited today! 💖 #Sale,personal_update,positive,en,1,24,9,1,0
4842,2024-08-20 11:32:00,Missed my mom today. 🙌,personal_update,positive,de,1,73,11,10,0
319,2023-01-05 14:18:00,Reminder: drink water and stretch today! 💖,health_wellness,positive,en,0,7,2,1,0
829,2025-02-10 13:06:00,Missed my mom today. 🔥,personal_update,neutral,es,1,33,11,7,0
3264,2025-01-21 20:04:00,Rally at Toronto calling for healthcare reform.,politics,positive,fr,0,74,10,5,0
275,2023-04-29 09:05:00,Latest update on market rally: authorities confirm new info.,news,negative,en,0,63,21,6,0
2665,2024-10-23 04:40:00,Meetup at Delhi for tech summit. RSVP below.,event,neutral,hi,1,75,18,20,0
550,2023-04-18 07:53:00,Join us at the music festival this Sunday! Tickets available now. #LOL,event,positive,hi,0,64,11,11,0
3642,2024-04-11 18:46:00,Loving the new Globex coffee maker! Battery lasts all day.,product_feedback,negative,fr,0,32,12,7,0
4054,2024-10-15 16:52:00,Weekend vibes at the Mumbai! 😂,personal_update,positive,en,0,46,7,13,0
4893,2024-01-13 08:19:00,Thanks Umbrella support for resolving my issue fast!,customer_support,negative,fr,0,19,2,5,0
2935,2023-07-28 21:26:00,Debate tonight on education reform. What are your thoughts?,politics,neutral,de,0,62,14,6,0
606,2025-06-04 11:33:00,Updating to say laptop performance improved after patch.,product_feedback,positive,es,0,57,13,15,0
897,2024-08-08 01:48:00,This cat has more confidence than me 🤔,meme_joke,neutral,en,0,21,7,4,0
528,2025-01-29 14:24:00,Photos from music festival are up—tag yourself!,event,neutral,de,0,73,25,19,0
4608,2025-03-06 23:28:00,"New day, new goals. #MondayMotivation 🔥",personal_update,positive,hi,0,21,4,6,0
2348,2023-09-24 10:38:00,Just had paneer tikka with friends. So good! 😀,personal_update,positive,de,0,12,1,2,0
3440,2025-02-23 07:32:00,Use code DEAL50 for free shipping on headphones.,promotion,neutral,fr,0,47,5,3,1
4999,2024-07-21 18:13:00,Breaking: weather alert just happened in New York. Details emerging. #LOL,news,neutral,en,0,71,12,17,0
4827,2024-05-18 03:05:00,Feeling grateful today! 🥲 #Sale,personal_update,positive,en,0,68,23,18,0
3923,2025-01-13 16:28:00,When you open the fridge and forget why you came: 😂 #relatable,meme_joke,positive,hi,0,68,20,16,0
299,2024-07-16 15:34:00,Tough loss for United. Refs were wild.,sports,negative,de,0,87,32,12,0
2120,2023-06-20 01:53:00,Latest update on policy change: authorities confirm new info.,news,positive,en,1,65,6,3,0
2537,2023-01-29 11:56:00,Reminder: drink water and stretch today! 🙌,health_wellness,positive,en,0,13,3,2,0
4204,2024-10-23 07:03:00,"Hi Umbrella, my order #50166 hasn’t arrived. Please help.",customer_support,neutral,fr,0,20,3,1,0
3255,2023-01-15 13:50:00,Join us at the music festival this Saturday! Tickets available now. #Fitness,event,positive,en,1,88,16,25,0
3726,2024-04-28 00:30:00,Latest update on policy change: authorities confirm new info.,news,neutral,es,0,67,9,3,0
1261,2024-12-09 21:11:00,Breaking: data breach just happened in Toronto. Details emerging. #Breaking,news,positive,en,1,110,17,13,0
1559,2024-05-03 11:36:00,Feeling meh today! 💖 #Sale,personal_update,neutral,de,0,45,13,4,0
3270,2023-07-05 10:40:00,Not impressed with Globex's headphones build quality.,product_feedback,neutral,en,0,10,3,0,0
4047,2025-01-02 01:57:00,Use code FREESHIP for free shipping on smartwatch.,promotion,positive,en,1,46,8,4,0
757,2024-11-01 00:06:00,FLASH SALE: sneakers at 50% off. Limited time! #LOL,promotion,positive,en,0,25,2,3,1
1011,2025-02-26 15:37:00,Rally at London calling for climate action reform.,politics,positive,en,0,49,13,11,0
2795,2023-01-08 13:39:00,Exclusive: laptop bundle for $31!,promotion,neutral,de,0,42,10,3,0
2906,2023-04-26 18:49:00,Buy 1 get 1 on all laptop until Wednesday.,promotion,positive,en,0,44,13,2,1
1871,2025-05-17 15:39:00,Having trouble logging into my Stark account—any fix?,customer_support,negative,en,0,4,1,0,0
2230,2024-12-09 22:22:00,Transfer rumor: R. Patel to Warriors?,sports,neutral,en,1,69,9,16,0
1174,2023-05-11 21:46:00,Use code WELCOME10 for free shipping on smartwatch.,promotion,positive,en,1,51,8,12,0
1833,2023-01-22 14:18:00,Having trouble logging into my Stark account—any fix?,customer_support,positive,es,0,28,5,7,0
377,2025-02-03 22:49:00,"New day, new goals. #Health 🥲",personal_update,neutral,en,0,18,5,2,0
3854,2023-08-30 22:36:00,Exclusive: coffee maker bundle for $108!,promotion,neutral,de,0,18,4,3,0
3617,2025-03-01 07:19:00,Me: I’ll sleep early. Also me at 3am: 🥲,meme_joke,positive,en,0,11,3,2,0
799,2024-09-06 05:06:00,When you open the fridge and forget why you came: 😂 #relatable,meme_joke,positive,en,1,62,12,16,0
379,2023-06-09 19:37:00,Exclusive: coffee maker bundle for $149!,promotion,positive,en,1,43,10,7,0
1159,2024-04-09 23:37:00,Feeling meh today! 🙌 #Sale,personal_update,positive,hi,0,40,11,6,0
3820,2023-03-21 20:55:00,Just had ramen with friends. So good! 🙌,personal_update,positive,en,0,62,23,11,0
2793,2023-01-11 14:19:00,Meetup at Delhi for charity run. RSVP below.,event,positive,en,0,47,17,8,0
2241,2025-06-19 13:55:00,This cat has more confidence than me 🥲,meme_joke,neutral,de,0,145,45,37,0
4036,2023-02-23 12:59:00,Starting a 30-day yoga challenge. Who’s in?,health_wellness,negative,en,0,3,1,0,0
2663,2024-05-25 00:09:00,Breaking: data breach just happened in Toronto. Details emerging. #Fitness,news,neutral,fr,0,102,24,15,0
4013,2024-07-27 05:42:00,Feeling excited today! 🙌 #MondayMotivation,personal_update,positive,en,0,65,10,9,0
2958,2025-07-31 13:02:00,Tried low-carb for a week—here’s how I feel.,health_wellness,neutral,en,0,31,3,2,0
3928,2024-08-05 07:36:00,Friend: ‘We should work out.’ Us: 🔥,meme_joke,positive,fr,0,169,53,23,0
1039,2023-07-13 03:55:00,Transfer rumor: J. Smith to Warriors?,sports,positive,fr,1,29,7,5,0
3260,2024-12-23 02:11:00,Opinion: education reform will impact commuters the most.,politics,positive,en,1,67,25,16,0
1345,2023-10-11 08:06:00,Buy 1 get 1 on all coffee maker until Monday.,promotion,neutral,de,0,9,3,1,0
2506,2023-06-07 04:58:00,Tough loss for United. Refs were wild.,sports,positive,fr,1,96,13,21,0
1722,2024-01-24 05:35:00,"Refund request for defective coffee maker, DM sent.",customer_support,negative,fr,0,5,0,0,0
4664,2024-01-21 03:01:00,The Initech app keeps crashing after update.,customer_support,neutral,fr,1,5,1,1,0
176,2024-01-29 02:21:00,FLASH SALE: coffee maker at 20% off. Limited time! #Breaking,promotion,positive,en,1,34,8,9,0
4894,2025-07-12 07:33:00,Just had ramen with friends. So good! 🙌,personal_update,positive,fr,0,58,13,17,0
1910,2025-02-21 18:05:00,The sneakers design is sleek but camera needs work.,product_feedback,positive,en,0,37,5,3,0
46,2025-07-14 06:23:00,Breaking: policy change just happened in Mumbai. Details emerging. #Sports,news,neutral,fr,1,49,19,12,0
3410,2024-09-19 13:57:00,Join us at the community fair this Sunday! Tickets available now. #Event,event,positive,en,1,86,31,12,0
4675,2025-04-26 12:01:00,Join us at the charity run this Friday! Tickets available now. #Tech,event,positive,en,0,117,22,7,0
1076,2025-08-01 02:21:00,Just had tacos with friends. So good! 🙌,personal_update,positive,es,0,48,18,9,0
2830,2025-01-08 03:43:00,Record broken: R. Patel sets new high for aces.,sports,positive,es,1,86,14,18,0
1505,2024-10-18 02:27:00,Latest update on data breach: authorities confirm new info.,news,neutral,de,0,103,40,9,0
2310,2023-10-17 23:16:00,City with an unbelievable win tonight! #Health,sports,positive,en,0,63,15,14,0
1437,2023-06-28 13:11:00,Weekend vibes at the New York! 🔥,personal_update,neutral,de,1,7,2,1,0
2419,2025-04-25 20:56:00,Matchday! Tigers vs Royals at 10am. Predictions?,sports,negative,hi,0,58,13,17,0
3987,2023-11-28 14:12:00,Breaking: market rally just happened in Berlin. Details emerging. #News,news,neutral,de,1,63,9,8,0
3099,2024-05-03 20:35:00,Weekend vibes at the Sydney! 😅,personal_update,neutral,fr,0,48,6,9,0
4589,2024-10-24 06:08:00,Tried Mediterranean for a week—here’s how I feel.,health_wellness,positive,fr,0,45,14,4,0
284,2024-11-04 04:09:00,Livestream starts at 6pm! Don’t miss the music festival.,event,positive,es,1,9,2,2,0
4919,2025-04-20 01:54:00,Friend: ‘We should work out.’ Us: 🤔,meme_joke,neutral,en,1,120,44,9,0
843,2023-12-02 13:09:00,The coffee maker design is sleek but camera needs work.,product_feedback,neutral,en,0,32,3,3,0
1514,2025-07-03 14:41:00,Exclusive: sneakers bundle for $164!,promotion,neutral,en,1,41,13,2,0
1169,2025-02-02 02:24:00,New drop: sneakers! Grab yours today.,promotion,neutral,en,1,40,11,10,0
1593,2024-09-01 10:58:00,Photos from music festival are up—tag yourself!,event,positive,en,0,100,14,18,0
3461,2023-11-22 07:36:00,This cat has more confidence than me 🤷,meme_joke,positive,de,0,164,48,20,0
3166,2024-12-08 09:48:00,Fact check: claims about healthcare and taxes.,politics,positive,en,0,64,22,6,0
2285,2023-10-17 06:34:00,Transfer rumor: M. Khan to Warriors?,sports,positive,en,0,85,23,16,0
3576,2023-09-16 15:57:00,Use code BUNDLE for free shipping on headphones.,promotion,neutral,hi,1,12,4,0,0
4871,2023-03-17 17:42:00,Weekend vibes at the Berlin! 🥲,personal_update,positive,en,1,26,4,1,0
2306,2023-06-15 00:49:00,Debate tonight on tax policy. What are your thoughts?,politics,positive,en,0,99,18,8,0
953,2023-07-26 02:44:00,Use code WELCOME10 for free shipping on smartwatch.,promotion,positive,es,1,53,13,2,0
4943,2024-11-06 02:32:00,Photos from music festival are up—tag yourself!,event,positive,fr,0,71,19,7,0
3054,2024-07-08 20:15:00,Photos from music festival are up—tag yourself!,event,neutral,es,1,63,12,14,0
4560,2024-12-09 23:16:00,Matchday! Tigers vs United at 10am. Predictions?,sports,neutral,en,1,8,2,1,0
2686,2024-03-01 00:50:00,Not impressed with Globex's coffee maker build quality.,product_feedback,negative,en,0,38,12,3,0
1490,2023-07-16 10:09:00,Debate tonight on climate action. What are your thoughts?,politics,positive,de,0,62,16,13,0
928,2025-05-16 19:36:00,Fact check: claims about privacy law and taxes.,politics,negative,hi,0,32,7,3,0
1210,2025-07-06 11:07:00,Feeling happy today! 🎉 #Tech,personal_update,neutral,fr,0,41,14,8,0
3974,2025-01-24 08:33:00,Missed my grandma today. 💖,personal_update,negative,es,0,13,3,1,0
3546,2025-01-24 04:54:00,Feature request: please add offline sync to smartwatch.,product_feedback,negative,fr,0,30,6,6,0
4362,2024-12-24 10:23:00,Debate tonight on privacy law. What are your thoughts?,politics,negative,fr,0,52,11,15,0
1922,2025-06-05 15:13:00,Heads up: market rally expected later this week.,news,positive,en,0,92,16,23,0
352,2023-05-21 08:46:00,Just had pasta with friends. So good! 🤷,personal_update,positive,en,0,60,14,4,0
4899,2024-11-22 13:59:00,Transfer rumor: R. Patel to Lions?,sports,neutral,en,0,56,6,3,0
3394,2024-01-20 02:23:00,Weekend vibes at the Toronto! 💖,personal_update,neutral,hi,0,54,19,6,0
2722,2023-04-23 06:43:00,When you open the fridge and forget why you came: 🙌 #relatable,meme_joke,positive,en,0,122,36,22,0
4982,2023-07-27 02:03:00,Friend: ‘We should work out.’ Us: 🔥,meme_joke,positive,fr,0,101,32,17,0
719,2025-01-18 16:56:00,Breaking: data breach just happened in Mumbai. Details emerging. #Tech,news,neutral,en,1,116,11,7,0
2703,2025-03-18 05:22:00,"New day, new goals. #Event 🤷",personal_update,neutral,en,0,22,4,6,0
2723,2024-01-04 22:35:00,Not impressed with Globex's coffee maker build quality.,product_feedback,neutral,en,1,13,2,3,0
4562,2024-03-17 18:07:00,Livestream starts at 8pm! Don’t miss the charity run.,event,neutral,en,1,34,12,7,0
309,2025-03-22 21:26:00,Feeling happy today! 😴 #Fitness,personal_update,negative,en,1,12,2,1,0
1676,2024-08-27 14:26:00,Missed my mom today. 😂,personal_update,positive,de,1,7,2,1,0
834,2023-04-07 17:06:00,Public health update: weather alert cases rising in Sydney.,health_wellness,neutral,en,0,60,11,16,0
367,2024-12-14 02:36:00,Fact check: claims about healthcare and taxes.,politics,neutral,fr,0,19,3,3,0
4507,2024-02-06 14:02:00,The Stark app keeps crashing after update.,customer_support,negative,fr,1,16,4,2,0
2079,2025-05-22 21:13:00,New bill on healthcare passes in Sydney.,politics,neutral,en,0,78,13,17,0
4039,2025-03-21 22:15:00,Tough loss for Tigers. Refs were wild.,sports,positive,de,0,103,37,5,0
4847,2025-03-12 05:04:00,In-depth: What weather alert means for Toronto.,news,neutral,en,1,113,38,19,0
4480,2023-04-06 14:07:00,Report: market rally could affect seniors.,news,positive,es,1,81,27,15,0
1747,2023-08-18 10:02:00,Rally at Delhi calling for education reform reform.,politics,negative,es,1,62,14,6,0
20,2025-06-20 08:35:00,Tried vegan for a week—here’s how I feel.,health_wellness,neutral,en,1,48,8,9,0
1323,2024-04-30 21:48:00,Countdown to tech summit: only 4 days left!,event,positive,hi,0,19,6,3,0
3568,2023-10-30 16:12:00,Livestream starts at 2pm! Don’t miss the tech summit.,event,neutral,en,1,75,12,9,0
2522,2023-04-16 01:16:00,"Hi Initech, my order #13320 hasn’t arrived. Please help.",customer_support,negative,en,0,1,0,0,0
219,2023-07-24 20:19:00,Latest update on data breach: authorities confirm new info.,news,neutral,hi,0,111,32,5,0
1488,2023-03-29 10:56:00,Countdown to book club: only 9 days left!,event,positive,es,0,32,7,9,0
439,2023-06-17 22:15:00,Feeling happy today! 😀 #Fitness,personal_update,positive,en,0,13,1,0,0
4175,2023-04-02 05:57:00,"New day, new goals. #Health 😴",personal_update,negative,hi,0,22,7,1,0
2751,2024-02-04 05:51:00,Tried low-carb for a week—here’s how I feel.,health_wellness,neutral,en,0,61,13,7,0
3289,2024-09-21 20:54:00,This cat has more confidence than me 🙌,meme_joke,positive,fr,0,10,2,2,0
3434,2023-12-12 22:17:00,Rally at London calling for climate action reform.,politics,neutral,de,0,8,1,1,0
2526,2024-07-02 06:49:00,Matchday! United vs United at 6pm. Predictions?,sports,negative,en,0,38,12,5,0
4651,2024-12-29 00:00:00,FLASH SALE: laptop at 70% off. Limited time! #Sale,promotion,positive,en,0,13,2,1,0
3689,2023-06-26 05:33:00,Meetup at Berlin for music festival. RSVP below.,event,positive,es,0,62,18,6,0
2764,2025-01-31 19:19:00,Public health update: policy change cases rising in Mumbai.,health_wellness,positive,fr,0,62,22,13,0
803,2023-01-09 19:27:00,Report: weather alert could affect students.,news,neutral,fr,0,37,11,8,0
2998,2024-01-03 21:55:00,Latest update on concert announcement: authorities confirm new info.,news,neutral,hi,0,90,33,20,0
2229,2023-11-30 17:37:00,Missed my brother today. 🥲,personal_update,positive,en,1,64,25,5,0
4786,2024-01-21 16:53:00,"Hi Acme, my order #89346 hasn’t arrived. Please help.",customer_support,positive,fr,0,32,12,7,0
2078,2023-04-21 10:51:00,Report: power outage could affect small businesses.,news,positive,en,1,46,14,11,0
583,2025-01-01 22:09:00,Just had pasta with friends. So good! 💖,personal_update,positive,en,0,31,12,3,0
204,2023-11-05 08:43:00,"New day, new goals. #MondayMotivation 💪",personal_update,positive,hi,0,45,15,9,0
4347,2023-02-05 07:55:00,Report: power outage could affect seniors.,news,neutral,fr,1,32,3,7,0
3479,2025-04-01 13:41:00,"New day, new goals. #Breaking 🎉",personal_update,positive,es,0,15,4,2,0
2930,2024-08-23 13:24:00,Missed my brother today. 🤷,personal_update,neutral,de,0,29,9,2,0
3086,2024-03-06 05:05:00,"New day, new goals. #Fitness 😂",personal_update,positive,en,0,54,11,16,0
1019,2024-05-20 20:09:00,Feeling happy today! 💖 #Health,personal_update,positive,hi,0,73,10,17,0
1584,2023-12-01 01:10:00,Weekend vibes at the Mumbai! 🥲,personal_update,negative,en,0,53,18,7,0
1033,2023-01-28 07:28:00,Heads up: data breach expected later this week.,news,neutral,hi,1,92,26,12,0
1719,2025-01-06 05:27:00,Photos from music festival are up—tag yourself!,event,positive,fr,1,44,13,12,0
1282,2024-05-25 04:22:00,Feature request: please add faster charging to coffee maker.,product_feedback,positive,en,0,7,1,1,0
2499,2023-12-03 15:38:00,In-depth: What concert announcement means for Sydney.,news,neutral,de,0,85,20,6,0
3351,2024-05-16 17:03:00,This cat has more confidence than me 🤔,meme_joke,positive,fr,0,92,35,9,0
518,2024-02-04 15:12:00,POV: You at 8am meetings 😴😴,meme_joke,neutral,de,0,70,25,10,0
1748,2025-07-31 00:05:00,Feeling meh today! 🥲 #Sale,personal_update,positive,de,0,38,14,9,0
4653,2023-12-28 02:33:00,Updating to say headphones performance improved after patch.,product_feedback,negative,es,0,9,1,2,0
3733,2024-01-21 04:04:00,Mental health matters. Take a break. 🤔,health_wellness,neutral,en,0,8,1,2,0
669,2025-08-08 00:13:00,Updating to say laptop performance improved after patch.,product_feedback,negative,en,0,9,1,0,0
4060,2025-07-02 18:17:00,Starting a 30-day meditation challenge. Who’s in?,health_wellness,positive,en,0,59,16,8,0
3027,2025-06-16 14:04:00,Public health update: market rally cases rising in Sydney.,health_wellness,neutral,fr,0,14,4,1,0
4933,2024-12-17 09:37:00,New bill on healthcare passes in New York.,politics,neutral,hi,1,68,13,10,0
3287,2025-06-10 08:32:00,Having trouble logging into my Stark account—any fix?,customer_support,negative,en,0,15,3,1,0
2651,2024-03-03 08:08:00,Join us at the tech summit this Friday! Tickets available now. #Breaking,event,neutral,en,1,62,18,10,0
4454,2023-02-19 23:51:00,When you open the fridge and forget why you came: 🔥 #relatable,meme_joke,positive,es,0,81,16,18,0
3193,2023-06-17 14:44:00,Having trouble logging into my Stark account—any fix?,customer_support,negative,en,0,1,0,0,0
2125,2025-07-04 18:05:00,The coffee maker design is sleek but camera needs work.,product_feedback,positive,en,0,31,11,2,0
3376,2023-06-16 13:11:00,Breaking: policy change just happened in Toronto. Details emerging. #Sports,news,negative,en,0,86,10,5,0
3393,2023-02-27 20:10:00,Missed my dad today. 💪,personal_update,neutral,fr,0,26,3,3,0
3486,2024-01-25 19:19:00,This cat has more confidence than me 🥲,meme_joke,neutral,es,0,68,17,3,0
760,2025-02-23 18:35:00,Buy 1 get 1 on all laptop until Thursday.,promotion,positive,hi,0,55,7,11,1
3380,2025-05-24 21:59:00,Me: I’ll sleep early. Also me at 3am: 😂,meme_joke,positive,de,1,140,53,16,0
4441,2024-11-28 11:44:00,Debate tonight on privacy law. What are your thoughts?,politics,negative,en,1,34,6,8,0
2527,2023-06-13 00:46:00,Tough loss for Warriors. Refs were wild.,sports,negative,fr,1,98,19,19,0
4859,2025-03-30 18:35:00,This cat has more confidence than me 😂,meme_joke,neutral,hi,0,46,7,9,0
908,2024-06-16 19:37:00,Exclusive: laptop bundle for $117!,promotion,positive,hi,0,54,15,15,0
2684,2023-11-18 07:23:00,Feeling meh today! 😂 #Sale,personal_update,positive,es,0,52,20,6,0
215,2023-10-01 09:41:00,Exclusive: sneakers bundle for $241!,promotion,positive,en,1,11,3,2,0
3332,2023-08-15 13:56:00,When you open the fridge and forget why you came: 🤔 #relatable,meme_joke,positive,en,0,99,12,28,0
4459,2024-05-15 20:52:00,Having trouble logging into my Acme account—any fix?,customer_support,neutral,en,0,2,0,0,0
694,2023-01-04 19:21:00,Meetup at London for community fair. RSVP below.,event,positive,en,1,98,17,20,0
1504,2024-02-04 20:29:00,When you open the fridge and forget why you came: 😴 #relatable,meme_joke,positive,en,0,107,21,15,0
2415,2025-04-30 22:17:00,"New day, new goals. #LOL 🔥",personal_update,negative,en,0,40,12,9,0
2119,2023-11-18 07:37:00,The smartwatch design is sleek but camera needs work.,product_feedback,negative,hi,0,11,1,2,0
3859,2024-07-17 16:19:00,Transfer rumor: J. Smith to Warriors?,sports,positive,en,0,110,36,32,0
2463,2023-11-06 04:01:00,New drop: sneakers! Grab yours today.,promotion,positive,hi,0,56,8,13,0
3636,2025-01-17 12:12:00,Loving the new Acme smartwatch! Battery lasts all day.,product_feedback,negative,hi,0,36,13,2,0
4106,2024-01-30 07:10:00,Thanks Acme support for resolving my issue fast!,customer_support,negative,en,0,16,4,2,0
4479,2024-11-03 17:24:00,The Globex app keeps crashing after update.,customer_support,negative,de,0,8,1,1,0
197,2023-07-03 09:04:00,"Refund request for defective smartwatch, DM sent.",customer_support,negative,en,0,14,1,2,0
4668,2023-08-28 16:03:00,When you open the fridge and forget why you came: 🤷 #relatable,meme_joke,positive,en,0,79,19,15,0
1544,2025-05-21 17:10:00,Feeling happy today! 😴 #MondayMotivation,personal_update,neutral,en,0,14,4,1,0
1331,2024-10-17 19:56:00,The Umbrella app keeps crashing after update.,customer_support,negative,fr,0,13,2,1,0
880,2024-09-02 14:43:00,Updating to say laptop performance improved after patch.,product_feedback,positive,en,0,44,17,9,0
4503,2025-08-03 10:52:00,Meetup at Toronto for charity run. RSVP below.,event,neutral,en,0,55,15,3,0
3502,2024-10-19 13:58:00,Exclusive: laptop bundle for $34!,promotion,positive,en,1,16,5,2,0
3895,2023-10-23 08:30:00,Meetup at London for tech summit. RSVP below.,event,positive,en,0,85,29,14,0
4991,2024-01-22 09:10:00,Record broken: M. Khan sets new high for runs.,sports,positive,en,0,99,32,17,0
888,2025-03-17 12:52:00,Use code BUNDLE for free shipping on headphones.,promotion,neutral,en,1,17,2,2,0
1346,2024-08-10 07:04:00,Rally at Sydney calling for education reform reform.,politics,positive,en,0,30,3,6,0
69,2023-05-28 14:58:00,Livestream starts at 2pm! Don’t miss the book club.,event,positive,en,1,116,19,30,0
4211,2024-03-14 20:12:00,In-depth: What power outage means for Delhi.,news,neutral,en,1,96,14,11,0
1816,2023-07-14 03:35:00,New drop: sneakers! Grab yours today.,promotion,neutral,en,0,22,8,3,0
569,2025-04-15 21:05:00,Not impressed with Acme's coffee maker build quality.,product_feedback,neutral,hi,0,31,11,2,0
2168,2023-01-29 00:48:00,Having trouble logging into my Initech account—any fix?,customer_support,negative,en,0,11,2,3,0
97,2025-06-22 17:30:00,Feeling grateful today! 💖 #News,personal_update,positive,en,0,36,10,6,0
4182,2025-03-29 11:08:00,Use code SAVE20 for free shipping on laptop.,promotion,neutral,de,0,29,6,2,1
3354,2023-12-10 21:01:00,Meetup at Berlin for tech summit. RSVP below.,event,negative,de,1,39,15,6,0
140,2025-07-04 18:17:00,Having trouble logging into my Stark account—any fix?,customer_support,negative,en,0,5,1,0,0
4955,2023-03-12 23:48:00,Me: I’ll sleep early. Also me at 3am: 🤔,meme_joke,positive,fr,0,156,18,22,0
2603,2025-07-02 18:26:00,Breaking: data breach just happened in Berlin. Details emerging. #MondayMotivation,news,positive,en,1,87,14,12,0
4024,2023-01-12 00:27:00,The Stark app keeps crashing after update.,customer_support,neutral,en,0,2,0,0,0
4773,2024-03-22 22:35:00,Join us at the tech summit this Sunday! Tickets available now. #Tech,event,negative,en,1,26,9,6,0
1607,2025-02-21 21:24:00,Feature request: please add noise cancellation to coffee maker.,product_feedback,positive,hi,0,6,1,0,0
1630,2024-06-15 18:38:00,Loving the new Globex smartwatch! Battery lasts all day.,product_feedback,positive,es,0,36,8,10,0
1540,2023-09-25 01:19:00,Meetup at Mumbai for tech summit. RSVP below.,event,neutral,en,1,78,30,10,0
1695,2023-09-10 09:43:00,Missed my brother today. 🥲,personal_update,neutral,en,0,26,5,5,0
2060,2025-01-27 06:44:00,Me: I’ll sleep early. Also me at 3am: 🤔,meme_joke,positive,es,0,154,34,36,0
464,2024-04-10 05:45:00,Weekend vibes at the Toronto! 🔥,personal_update,neutral,en,0,41,13,6,0
2331,2025-06-14 20:58:00,Just had tacos with friends. So good! 🥲,personal_update,neutral,hi,0,40,4,8,0
3044,2024-04-21 09:00:00,Buy 1 get 1 on all coffee maker until Wednesday.,promotion,neutral,en,1,33,12,4,1
4735,2024-04-29 05:18:00,Latest update on concert announcement: authorities confirm new info.,news,neutral,fr,0,94,27,20,0
595,2023-04-13 11:41:00,Report: power outage could affect small businesses.,news,positive,de,0,13,3,1,0
3815,2024-03-30 21:09:00,Not impressed with Acme's headphones build quality.,product_feedback,negative,fr,0,22,8,1,0
626,2023-02-02 05:25:00,Missed my dad today. 🙌,personal_update,positive,en,0,26,3,7,0
451,2023-07-07 07:21:00,Exclusive: laptop bundle for $167!,promotion,positive,fr,0,25,8,1,0
1500,2023-01-15 01:50:00,Missed my mom today. 🔥,personal_update,neutral,de,1,17,4,1,0
2457,2024-07-08 08:58:00,Latest update on market rally: authorities confirm new info.,news,neutral,en,1,98,24,17,0
4723,2023-08-01 10:16:00,"New day, new goals. #Tech 🥲",personal_update,positive,en,0,62,8,10,0
2985,2023-01-03 16:26:00,Use code SAVE20 for free shipping on laptop.,promotion,neutral,hi,0,50,19,8,0
1570,2023-01-30 15:07:00,Feature request: please add offline sync to smartwatch.,product_feedback,positive,en,0,34,5,6,0
1035,2025-03-13 18:39:00,"New day, new goals. #Breaking 🔥",personal_update,positive,fr,0,22,8,2,0
3519,2024-10-25 09:20:00,Weekend vibes at the Delhi! 🔥,personal_update,positive,fr,0,37,4,5,0
1558,2024-11-19 21:57:00,Loving the new Globex coffee maker! Battery lasts all day.,product_feedback,neutral,en,1,9,3,1,0
3625,2023-07-28 01:31:00,Buy 1 get 1 on all sneakers until Friday.,promotion,positive,de,0,27,4,4,1
4665,2024-06-16 13:03:00,In-depth: What power outage means for Delhi.,news,neutral,en,1,17,2,3,0
151,2025-07-09 01:31:00,Mental health matters. Take a break. 🎉,health_wellness,positive,fr,1,53,10,4,0
1421,2023-05-25 20:12:00,Missed my mom today. 🥲,personal_update,positive,en,0,15,1,3,0
2012,2024-06-18 16:53:00,Friend: ‘We should work out.’ Us: 😀,meme_joke,positive,en,1,88,25,14,0
2687,2024-12-08 10:52:00,POV: You at 8am meetings 🔥🔥,meme_joke,positive,de,0,92,14,23,0
1787,2024-09-15 17:55:00,Feature request: please add dark mode to laptop.,product_feedback,neutral,en,0,26,3,4,0
89,2023-03-14 16:56:00,Feeling grateful today! 😂 #Health,personal_update,positive,en,0,19,3,3,0
458,2023-02-12 02:17:00,Weekend vibes at the Delhi! 😴,personal_update,positive,en,1,51,16,15,0
1306,2025-01-22 07:00:00,"Hi Initech, my order #73133 hasn’t arrived. Please help.",customer_support,neutral,en,0,18,5,2,0
2926,2024-03-15 06:22:00,Missed my grandma today. 🥲,personal_update,positive,de,0,37,12,9,0
3271,2025-04-05 08:46:00,Thanks Initech support for resolving my issue fast!,customer_support,negative,es,1,15,2,0,0
3228,2023-06-09 11:43:00,Livestream starts at 6pm! Don’t miss the tech summit.,event,positive,hi,1,65,20,18,0
1989,2025-03-05 09:43:00,The Umbrella app keeps crashing after update.,customer_support,neutral,en,0,14,2,0,0
3755,2024-11-30 16:10:00,Tried keto for a week—here’s how I feel.,health_wellness,positive,es,1,55,6,16,0
3647,2023-03-11 07:51:00,In-depth: What policy change means for Sydney.,news,neutral,en,1,59,21,15,0
832,2023-11-18 12:13:00,Missed my sister today. 🔥,personal_update,neutral,en,1,40,7,4,0
240,2024-10-21 17:05:00,Record broken: K. Garcia sets new high for points.,sports,neutral,en,1,96,18,20,0
4682,2023-02-19 00:21:00,Friend: ‘We should work out.’ Us: 😂,meme_joke,positive,en,0,135,33,29,0
3023,2023-03-23 11:26:00,FLASH SALE: smartwatch at 50% off. Limited time! #Sports,promotion,neutral,es,0,8,3,0,0
3149,2025-05-26 04:08:00,Not impressed with Initech's coffee maker build quality.,product_feedback,negative,en,0,35,10,10,0
1947,2023-06-22 23:17:00,The Acme app keeps crashing after update.,customer_support,negative,en,0,9,1,1,0
2776,2023-01-07 04:12:00,Livestream starts at 10am! Don’t miss the community fair.,event,neutral,en,1,75,26,9,0
193,2023-10-15 04:07:00,Me: I’ll sleep early. Also me at 3am: 😂,meme_joke,positive,fr,0,42,4,8,0
4850,2024-11-21 15:06:00,Feature request: please add noise cancellation to laptop.,product_feedback,neutral,en,1,13,2,2,0
4940,2024-04-21 15:48:00,Friend: ‘We should work out.’ Us: 🤔,meme_joke,positive,en,0,117,26,33,0
945,2023-07-12 04:08:00,Latest update on market rally: authorities confirm new info.,news,neutral,en,1,29,5,6,0
1269,2024-10-25 00:17:00,Me: I’ll sleep early. Also me at 3am: 😅,meme_joke,neutral,hi,1,102,40,21,0
4232,2025-05-05 06:05:00,Me: I’ll sleep early. Also me at 3am: 🤔,meme_joke,positive,fr,1,71,22,6,0
2308,2024-05-29 13:22:00,The headphones design is sleek but camera needs work.,product_feedback,negative,de,0,26,7,7,0
4425,2023-07-28 00:09:00,Matchday! United vs Tigers at 8pm. Predictions?,sports,positive,en,0,93,35,12,0
4712,2024-07-03 08:00:00,Just had tacos with friends. So good! 🎉,personal_update,negative,de,0,32,4,5,0
2314,2024-08-29 15:27:00,Feature request: please add faster charging to coffee maker.,product_feedback,neutral,en,0,37,13,4,0
3215,2024-10-17 19:33:00,This cat has more confidence than me 😀,meme_joke,positive,en,1,115,29,16,0
2733,2023-02-18 05:34:00,Feeling tired today! 🤷 #MondayMotivation,personal_update,positive,en,0,11,4,2,0
1927,2024-10-14 06:24:00,Use code WELCOME10 for free shipping on smartwatch.,promotion,neutral,en,1,32,5,5,0
4228,2025-01-23 16:16:00,Public health update: weather alert cases rising in Delhi.,health_wellness,positive,hi,0,50,13,8,0
4677,2023-08-17 11:34:00,Updating to say coffee maker performance improved after patch.,product_feedback,neutral,en,1,35,13,6,0
801,2024-12-30 06:51:00,Tough loss for City. Refs were wild.,sports,negative,en,0,87,32,12,0
3672,2024-08-15 18:21:00,Having trouble logging into my Globex account—any fix?,customer_support,negative,fr,0,11,3,2,0
4194,2024-07-31 04:38:00,Join us at the charity run this Sunday! Tickets available now. #Sports,event,positive,en,0,51,10,7,0
2969,2023-10-02 19:17:00,Tried Mediterranean for a week—here’s how I feel.,health_wellness,positive,en,0,53,12,4,0
4794,2024-04-18 05:04:00,When you open the fridge and forget why you came: 💪 #relatable,meme_joke,positive,fr,0,42,8,6,0
4369,2023-09-26 10:01:00,The Stark app keeps crashing after update.,customer_support,neutral,en,0,4,1,1,0
2777,2023-10-09 01:58:00,Not impressed with Umbrella's sneakers build quality.,product_feedback,positive,de,0,40,4,8,0
2971,2024-02-19 07:06:00,Buy 1 get 1 on all coffee maker until Wednesday.,promotion,neutral,de,0,35,9,10,0
3868,2024-04-05 21:35:00,Updating to say coffee maker performance improved after patch.,product_feedback,positive,en,0,58,18,10,0
1744,2023-12-01 10:58:00,New bill on education reform passes in Berlin.,politics,negative,de,1,18,3,4,0
3949,2024-04-16 19:53:00,Tough loss for United. Refs were wild.,sports,positive,en,0,117,38,17,0
3803,2023-09-10 09:14:00,Reminder: drink water and stretch today! 🔥,health_wellness,negative,en,0,62,16,7,0
2025,2024-11-21 12:45:00,Fact check: claims about climate action and taxes.,politics,neutral,en,0,42,16,7,0
2275,2025-03-02 19:20:00,Thanks Initech support for resolving my issue fast!,customer_support,neutral,en,0,4,0,0,0
100,2024-08-26 05:24:00,Me: I’ll sleep early. Also me at 3am: 😀,meme_joke,positive,en,0,167,56,17,0
4922,2024-08-19 10:54:00,POV: You at 8am meetings 😀😀,meme_joke,neutral,fr,0,37,8,3,0
3408,2023-04-24 02:41:00,New bill on climate action passes in London.,politics,negative,en,1,55,21,2,0
4246,2024-10-06 04:47:00,Buy 1 get 1 on all coffee maker until Wednesday.,promotion,neutral,en,0,30,10,7,1
4620,2025-05-16 23:31:00,When you open the fridge and forget why you came: 🤷 #relatable,meme_joke,neutral,en,0,122,48,14,0
4917,2024-03-03 00:49:00,Countdown to tech summit: only 12 days left!,event,positive,en,0,39,12,7,0
192,2025-02-04 21:57:00,Just had biryani with friends. So good! 🤔,personal_update,neutral,hi,0,42,11,6,0
4697,2024-11-13 15:42:00,Me: I’ll sleep early. Also me at 3am: 💪,meme_joke,positive,hi,0,60,22,7,0
1785,2023-01-03 17:58:00,Opinion: privacy law will impact commuters the most.,politics,negative,en,0,43,7,11,0
1533,2024-08-29 23:16:00,When you open the fridge and forget why you came: 💖 #relatable,meme_joke,positive,hi,1,148,20,42,0
2835,2024-04-05 09:16:00,Livestream starts at 2pm! Don’t miss the charity run.,event,positive,en,1,66,16,8,0
4445,2023-07-04 14:07:00,Feeling excited today! 🥲 #Fitness,personal_update,positive,hi,0,57,20,2,0
4916,2023-01-08 05:38:00,FLASH SALE: smartwatch at 60% off. Limited time! #MondayMotivation,promotion,positive,en,0,59,22,13,0
1599,2025-01-03 22:42:00,Loving the new Acme smartwatch! Battery lasts all day.,product_feedback,negative,en,0,8,1,0,0
1780,2025-05-26 00:12:00,This cat has more confidence than me 🤷,meme_joke,positive,hi,0,24,7,2,0
4901,2024-03-08 08:13:00,Having trouble logging into my Umbrella account—any fix?,customer_support,negative,es,1,11,1,2,0
2575,2023-03-31 10:10:00,Heads up: weather alert expected later this week.,news,neutral,hi,1,120,26,8,0
3399,2023-12-09 23:22:00,Tried keto for a week—here’s how I feel.,health_wellness,positive,en,0,74,9,5,0
3976,2025-01-06 03:04:00,Missed my grandma today. 🤷,personal_update,neutral,en,0,24,9,6,0
3771,2023-10-24 20:03:00,Not impressed with Umbrella's coffee maker build quality.,product_feedback,positive,en,0,6,1,0,0
167,2024-04-09 13:28:00,Just had biryani with friends. So good! 💪,personal_update,negative,en,1,18,2,3,0
1752,2024-04-05 02:25:00,Countdown to tech summit: only 12 days left!,event,positive,es,1,30,4,8,0
1480,2023-07-26 00:30:00,Me: I’ll sleep early. Also me at 3am: 🎉,meme_joke,neutral,en,0,67,24,9,0
1025,2025-01-09 11:41:00,FLASH SALE: coffee maker at 20% off. Limited time! #Sale,promotion,neutral,es,0,15,5,4,0
1789,2024-09-24 12:42:00,Weekend vibes at the Delhi! 🤷,personal_update,neutral,es,0,12,1,2,0
2265,2024-10-27 04:51:00,Tough loss for Lions. Refs were wild.,sports,negative,es,0,34,3,3,0
2474,2024-01-04 19:29:00,New drop: smartwatch! Grab yours today.,promotion,neutral,en,0,19,4,1,0
1823,2025-02-13 11:43:00,The sneakers design is sleek but camera needs work.,product_feedback,positive,en,1,40,13,6,0
1221,2023-03-22 23:53:00,Reminder: drink water and stretch today! 🙌,health_wellness,positive,en,0,79,11,8,0
1667,2024-07-14 16:21:00,Starting a 30-day running challenge. Who’s in?,health_wellness,neutral,en,0,62,16,3,0
2961,2024-04-30 06:48:00,Weekend vibes at the Delhi! 😴,personal_update,positive,de,0,10,3,1,0
153,2024-11-02 15:59:00,POV: You at 8am meetings 🙌🙌,meme_joke,positive,en,0,28,2,7,0
2535,2023-08-21 15:17:00,Feeling happy today! 🎉 #Sports,personal_update,positive,es,0,7,1,0,0
4689,2023-03-15 05:37:00,Just had ramen with friends. So good! 🥲,personal_update,negative,fr,0,55,11,8,0
1979,2024-07-18 23:17:00,New bill on tax policy passes in Toronto.,politics,positive,en,0,16,2,1,0
1470,2023-07-04 21:41:00,This cat has more confidence than me 🎉,meme_joke,positive,fr,0,71,20,16,0
2808,2023-06-09 08:50:00,Friend: ‘We should work out.’ Us: 🤔,meme_joke,positive,fr,1,66,9,12,0
2513,2023-09-29 17:50:00,Me: I’ll sleep early. Also me at 3am: 🤷,meme_joke,positive,en,0,129,30,28,0
2944,2023-01-21 00:04:00,Tough loss for Tigers. Refs were wild.,sports,negative,en,0,53,12,2,0
2981,2023-08-06 21:38:00,Weekend vibes at the London! 😀,personal_update,positive,fr,0,56,7,6,0
4823,2024-03-09 11:24:00,POV: You at 8am meetings 🥲🥲,meme_joke,positive,de,0,31,8,8,0
3018,2024-03-09 20:36:00,Just had tacos with friends. So good! 🤷,personal_update,negative,en,0,30,9,3,0
1567,2025-05-26 13:15:00,Tried low-carb for a week—here’s how I feel.,health_wellness,positive,en,0,66,7,14,0
32,2025-04-24 15:51:00,Tough loss for United. Refs were wild.,sports,neutral,en,0,40,13,4,0
938,2023-09-01 00:16:00,Starting a 30-day yoga challenge. Who’s in?,health_wellness,negative,hi,1,38,9,2,0
1216,2024-11-20 18:37:00,Friend: ‘We should work out.’ Us: 🙌,meme_joke,positive,de,1,42,13,5,0
1938,2024-08-25 21:54:00,Missed my brother today. 🤷,personal_update,positive,de,1,58,14,7,0
1130,2023-08-05 20:08:00,Use code DEAL50 for free shipping on coffee maker.,promotion,positive,hi,1,8,2,1,0
310,2024-05-26 20:29:00,This cat has more confidence than me 💖,meme_joke,neutral,es,0,138,47,11,0
4902,2025-02-07 09:39:00,Missed my mom today. 🤷,personal_update,negative,es,0,19,4,5,0
2169,2023-10-26 16:43:00,"Refund request for defective headphones, DM sent.",customer_support,negative,de,1,7,2,1,0
3114,2024-08-25 09:40:00,Reminder: drink water and stretch today! 💪,health_wellness,positive,en,0,71,24,9,0
496,2023-04-01 11:46:00,Having trouble logging into my Umbrella account—any fix?,customer_support,negative,de,0,7,1,1,0
206,2025-07-31 19:13:00,When you open the fridge and forget why you came: 😅 #relatable,meme_joke,positive,en,0,12,3,2,0
2674,2023-04-08 02:45:00,Livestream starts at 10am! Don’t miss the music festival.,event,neutral,de,0,76,8,20,0
3358,2023-03-18 11:05:00,"Refund request for defective sneakers, DM sent.",customer_support,negative,en,1,18,3,5,0
3831,2025-01-23 00:50:00,Livestream starts at 6pm! Don’t miss the tech summit.,event,neutral,en,1,31,5,7,0
306,2025-06-15 21:02:00,The Initech app keeps crashing after update.,customer_support,positive,en,0,27,6,3,0
3794,2023-03-05 15:26:00,"Hi Stark, my order #69485 hasn’t arrived. Please help.",customer_support,neutral,en,1,14,5,4,0
2202,2023-03-02 21:11:00,Opinion: education reform will impact small businesses the most.,politics,neutral,es,0,72,20,12,0
1062,2023-07-08 10:45:00,Latest update on concert announcement: authorities confirm new info.,news,positive,en,0,79,18,6,0
844,2025-06-06 11:29:00,POV: You at 8am meetings 🙌🙌,meme_joke,neutral,fr,0,41,14,5,0
3873,2024-05-18 13:03:00,Thanks Acme support for resolving my issue fast!,customer_support,negative,en,0,15,1,1,0
2252,2024-03-10 07:59:00,Missed my mom today. 🔥,personal_update,negative,en,0,20,2,5,0
212,2023-09-08 07:15:00,Use code FREESHIP for free shipping on laptop.,promotion,positive,en,0,48,10,3,0
3998,2023-11-23 17:05:00,Friend: ‘We should work out.’ Us: 🤷,meme_joke,positive,fr,0,78,12,21,0
680,2025-04-23 05:29:00,Fact check: claims about tax policy and taxes.,politics,negative,en,1,55,12,11,0
566,2023-05-22 15:18:00,Missed my brother today. 🥲,personal_update,positive,es,1,42,13,9,0
3291,2023-03-04 00:50:00,Matchday! Warriors vs Royals at 6pm. Predictions?,sports,positive,en,1,22,8,2,0
4355,2023-08-27 19:19:00,Weekend vibes at the Delhi! 😂,personal_update,neutral,en,1,27,10,1,0
681,2025-03-01 02:57:00,Feature request: please add noise cancellation to coffee maker.,product_feedback,negative,hi,0,10,2,0,0
181,2023-02-22 21:18:00,The coffee maker design is sleek but camera needs work.,product_feedback,positive,en,0,42,10,3,0
4280,2023-08-23 14:14:00,"Hi Umbrella, my order #26790 hasn’t arrived. Please help.",customer_support,negative,es,0,18,4,1,0
2496,2023-09-25 03:48:00,Debate tonight on education reform. What are your thoughts?,politics,negative,en,0,17,3,4,0
2317,2023-08-16 16:27:00,Updating to say laptop performance improved after patch.,product_feedback,negative,de,0,32,7,8,0
4274,2024-02-22 08:36:00,Me: I’ll sleep early. Also me at 3am: 😅,meme_joke,positive,fr,1,106,28,17,0
279,2023-04-30 02:07:00,Public health update: weather alert cases rising in Sydney.,health_wellness,positive,fr,1,88,20,4,0
3684,2024-10-04 18:46:00,"New day, new goals. #MondayMotivation 🥲",personal_update,positive,de,0,65,21,6,0
4763,2024-05-13 16:00:00,Friend: ‘We should work out.’ Us: 🔥,meme_joke,positive,fr,1,101,15,18,0
433,2024-12-08 11:26:00,Weekend vibes at the Berlin! 🎉,personal_update,positive,fr,0,29,4,2,0
290,2023-08-25 07:21:00,Tough loss for United. Refs were wild.,sports,positive,es,0,73,14,15,0
1028,2024-02-20 03:23:00,Buy 1 get 1 on all laptop until Monday.,promotion,positive,en,0,4,1,0,1
536,2023-03-18 23:49:00,Me: I’ll sleep early. Also me at 3am: 🎉,meme_joke,positive,en,0,43,7,2,0
3632,2024-03-27 17:58:00,Public health update: weather alert cases rising in London.,health_wellness,positive,en,0,80,17,13,0
189,2023-12-12 23:43:00,Missed my brother today. 😂,personal_update,neutral,es,0,19,2,1,0
2175,2024-03-10 04:04:00,Starting a 30-day meditation challenge. Who’s in?,health_wellness,neutral,en,0,48,11,2,0
3916,2024-08-24 01:23:00,Just had sushi with friends. So good! 🔥,personal_update,positive,en,0,17,4,2,0
1863,2024-03-13 23:47:00,Report: power outage could affect commuters.,news,neutral,fr,1,59,10,14,0
271,2024-05-29 03:28:00,Countdown to tech summit: only 12 days left!,event,positive,en,0,98,13,16,0
1729,2023-10-07 22:59:00,FLASH SALE: smartwatch at 25% off. Limited time! #Sale,promotion,negative,en,1,45,15,2,1
4076,2025-07-23 20:08:00,Feeling grateful today! 🤔 #Sale,personal_update,positive,en,0,20,6,4,0
2158,2024-03-20 01:54:00,"New day, new goals. #Sale 🥲",personal_update,neutral,en,0,52,7,10,0
3932,2024-03-11 06:25:00,Loving the new Acme laptop! Battery lasts all day.,product_feedback,neutral,fr,0,12,1,2,0
112,2023-03-01 00:28:00,Matchday! Warriors vs United at 10am. Predictions?,sports,positive,en,0,86,34,11,0
2385,2023-03-03 14:32:00,POV: You at 8am meetings 🤷🤷,meme_joke,positive,en,0,65,20,6,0
221,2023-08-30 19:28:00,Breaking: power outage just happened in New York. Details emerging. #Health,news,neutral,en,1,28,3,8,0
628,2025-07-23 00:41:00,When you open the fridge and forget why you came: 😀 #relatable,meme_joke,positive,en,1,138,45,38,0
1182,2025-05-01 10:38:00,POV: You at 8am meetings 🔥🔥,meme_joke,positive,fr,0,33,11,4,0
3382,2025-01-23 18:27:00,Feeling happy today! 🙌 #Breaking,personal_update,positive,hi,0,5,0,1,0
2423,2023-09-19 11:17:00,Weekend vibes at the New York! 😀,personal_update,neutral,fr,1,16,3,2,0
791,2023-12-15 02:43:00,Opinion: education reform will impact seniors the most.,politics,positive,en,0,48,10,13,0
4276,2023-01-11 19:26:00,Updating to say headphones performance improved after patch.,product_feedback,neutral,en,0,33,12,9,0
462,2024-09-22 22:35:00,Meetup at Sydney for community fair. RSVP below.,event,neutral,en,1,19,5,1,0
4403,2023-03-06 06:26:00,Use code BUNDLE for free shipping on coffee maker.,promotion,positive,es,0,30,9,6,0
552,2023-11-05 04:19:00,Report: power outage could affect students.,news,positive,de,1,16,4,3,0
3130,2024-09-13 04:53:00,"New day, new goals. #Breaking 😀",personal_update,neutral,fr,0,17,4,4,0
1445,2024-10-17 00:55:00,Friend: ‘We should work out.’ Us: 💪,meme_joke,neutral,hi,0,124,43,29,0
199,2023-11-21 11:09:00,"New day, new goals. #Fitness 🤔",personal_update,positive,hi,0,31,8,1,0
2590,2024-07-21 10:36:00,Thanks Globex support for resolving my issue fast!,customer_support,neutral,en,0,12,2,3,0
403,2024-09-16 13:54:00,Photos from book club are up—tag yourself!,event,positive,en,1,104,32,19,0
3960,2025-07-07 02:43:00,Mental health matters. Take a break. 😅,health_wellness,positive,en,0,32,3,6,0
4190,2024-03-05 07:57:00,Meetup at Sydney for music festival. RSVP below.,event,neutral,en,1,92,10,14,0
4764,2024-01-02 01:03:00,Feeling grateful today! 😂 #LOL,personal_update,positive,en,0,72,23,4,0
2096,2023-06-29 04:40:00,Latest update on data breach: authorities confirm new info.,news,positive,es,0,126,21,32,0
2901,2023-07-13 00:56:00,Public health update: power outage cases rising in Sydney.,health_wellness,positive,en,1,45,16,10,0
4463,2024-02-23 16:40:00,Reminder: drink water and stretch today! 💪,health_wellness,neutral,en,0,38,14,4,0
651,2024-07-07 11:07:00,Feeling meh today! 🙌 #LOL,personal_update,positive,es,0,49,17,6,0
709,2023-01-18 06:33:00,Photos from music festival are up—tag yourself!,event,neutral,fr,1,80,9,10,0
1481,2024-07-27 16:06:00,Debate tonight on climate action. What are your thoughts?,politics,negative,en,0,67,10,16,0
4415,2023-09-02 19:07:00,Tigers with an unbelievable win tonight! #Tech,sports,positive,fr,0,91,25,7,0
3066,2023-05-16 19:43:00,Countdown to book club: only 3 days left!,event,neutral,en,0,76,17,9,0
2396,2024-02-17 16:59:00,When you open the fridge and forget why you came: 🔥 #relatable,meme_joke,positive,en,0,169,40,39,0
1770,2024-01-07 14:17:00,Exclusive: coffee maker bundle for $53!,promotion,positive,en,1,26,6,5,0
315,2025-05-25 01:07:00,Just had pasta with friends. So good! 🙌,personal_update,positive,hi,0,27,8,5,0
3762,2023-02-10 09:57:00,When you open the fridge and forget why you came: 🎉 #relatable,meme_joke,positive,en,0,148,31,20,0
4910,2024-09-16 04:45:00,Meetup at London for music festival. RSVP below.,event,positive,en,1,101,21,16,0
114,2023-04-21 20:53:00,Public health update: data breach cases rising in Sydney.,health_wellness,neutral,en,0,11,3,0,0
961,2023-02-18 08:22:00,Record broken: K. Garcia sets new high for points.,sports,positive,en,1,64,9,8,0
2911,2023-12-19 15:22:00,Join us at the tech summit this Tuesday! Tickets available now. #LOL,event,positive,en,1,74,23,4,0
3406,2025-05-18 07:21:00,Missed my mom today. 💪,personal_update,positive,de,0,34,4,7,0
1624,2024-09-12 03:39:00,Fact check: claims about tax policy and taxes.,politics,neutral,de,0,17,4,2,0
3323,2024-03-06 21:51:00,Feature request: please add noise cancellation to smartwatch.,product_feedback,negative,en,0,29,7,1,0
5000,2025-04-20 22:19:00,Feature request: please add dark mode to coffee maker.,product_feedback,neutral,en,0,22,7,4,0
1819,2023-08-23 14:15:00,Opinion: education reform will impact students the most.,politics,neutral,hi,0,48,19,4,0
3195,2024-02-15 05:04:00,Starting a 30-day strength challenge. Who’s in?,health_wellness,positive,en,0,83,20,11,0
3008,2023-03-16 03:54:00,Photos from music festival are up—tag yourself!,event,neutral,hi,1,96,17,18,0
3415,2023-12-04 02:50:00,Record broken: A. Singh sets new high for runs.,sports,positive,es,1,48,5,8,0
4529,2025-02-17 22:35:00,Reminder: drink water and stretch today! 🔥,health_wellness,positive,en,0,57,16,11,0
1898,2024-03-05 15:10:00,Tried keto for a week—here’s how I feel.,health_wellness,neutral,fr,1,28,6,4,0
1919,2024-03-15 21:07:00,Livestream starts at 10am! Don’t miss the book club.,event,positive,es,0,113,16,11,0
1271,2023-01-08 02:30:00,Join us at the music festival this Tuesday! Tickets available now. #Event,event,positive,en,1,78,30,7,0
4177,2024-12-15 03:43:00,The Stark app keeps crashing after update.,customer_support,neutral,de,0,15,4,0,0
4963,2024-10-30 13:33:00,Just had paneer tikka with friends. So good! 💪,personal_update,neutral,en,1,54,21,15,0
4884,2024-10-14 16:56:00,New drop: sneakers! Grab yours today.,promotion,neutral,en,0,37,12,7,0
4095,2024-02-19 16:03:00,Buy 1 get 1 on all coffee maker until Sunday.,promotion,positive,en,0,67,15,16,0
3160,2023-09-28 19:36:00,Loving the new Globex headphones! Battery lasts all day.,product_feedback,negative,en,0,12,3,0,0
1814,2023-09-30 07:21:00,This cat has more confidence than me 💪,meme_joke,neutral,en,0,133,29,6,0
2427,2024-05-21 12:08:00,Photos from charity run are up—tag yourself!,event,positive,en,0,71,7,12,0
3951,2024-06-11 14:59:00,Thanks Acme support for resolving my issue fast!,customer_support,positive,en,0,17,3,3,0
4429,2023-04-20 08:41:00,Heads up: concert announcement expected later this week.,news,neutral,es,1,16,2,4,0
2143,2025-06-16 19:39:00,"Hi Acme, my order #52378 hasn’t arrived. Please help.",customer_support,negative,en,0,10,3,1,0
1627,2024-09-18 15:48:00,This cat has more confidence than me 🎉,meme_joke,neutral,es,1,131,46,32,0
790,2023-09-25 19:23:00,Record broken: M. Khan sets new high for goals.,sports,neutral,en,1,12,1,1,0
3787,2023-01-18 20:18:00,Public health update: policy change cases rising in Berlin.,health_wellness,positive,fr,0,59,18,8,0
1865,2024-02-02 13:05:00,Weekend vibes at the Toronto! 💖,personal_update,negative,es,0,14,4,1,0
2866,2025-01-09 21:53:00,This cat has more confidence than me 🥲,meme_joke,neutral,en,0,13,2,1,0
872,2024-02-02 03:01:00,Feeling tired today! 😴 #Health,personal_update,positive,en,0,64,6,12,0
3272,2024-09-15 02:00:00,Just had ramen with friends. So good! 💖,personal_update,negative,en,0,18,7,4,0
3834,2025-05-29 10:07:00,Record broken: R. Patel sets new high for aces.,sports,neutral,de,0,12,1,0,0
74,2023-02-03 05:59:00,When you open the fridge and forget why you came: 😂 #relatable,meme_joke,neutral,hi,0,81,29,15,0
1753,2024-12-16 03:46:00,Latest update on policy change: authorities confirm new info.,news,neutral,en,1,26,2,7,0
1422,2024-11-28 14:59:00,Transfer rumor: A. Singh to Royals?,sports,neutral,fr,0,35,4,10,0
4222,2025-01-06 16:20:00,Friend: ‘We should work out.’ Us: 😂,meme_joke,positive,en,0,165,49,46,0
4694,2025-02-09 19:24:00,Rally at Toronto calling for climate action reform.,politics,neutral,en,1,12,3,1,0
4370,2024-12-10 20:57:00,In-depth: What weather alert means for New York.,news,neutral,hi,0,63,16,17,0
4576,2024-03-03 02:19:00,New drop: sneakers! Grab yours today.,promotion,positive,de,0,64,18,18,0
3810,2024-02-17 19:37:00,Starting a 30-day strength challenge. Who’s in?,health_wellness,neutral,en,0,67,21,16,0
2245,2024-08-17 15:31:00,The sneakers design is sleek but camera needs work.,product_feedback,neutral,fr,0,27,10,7,0
3048,2024-05-29 00:32:00,Feeling grateful today! 🎉 #Fitness,personal_update,positive,en,0,23,8,1,0
2446,2023-06-14 13:23:00,POV: You at 8am meetings 🥲🥲,meme_joke,neutral,en,0,36,8,7,0
495,2023-10-24 09:16:00,"New day, new goals. #MondayMotivation 😀",personal_update,positive,en,0,19,6,3,0
3131,2023-06-08 09:48:00,Join us at the tech summit this Thursday! Tickets available now. #MondayMotivation,event,positive,en,0,51,13,8,0
4322,2025-02-04 20:53:00,New bill on education reform passes in London.,politics,negative,en,0,28,3,5,0
4398,2024-01-06 12:57:00,Me: I’ll sleep early. Also me at 3am: 💪,meme_joke,positive,en,1,41,12,2,0
1165,2023-09-14 00:27:00,Breaking: policy change just happened in Toronto. Details emerging. #Sale,news,neutral,en,1,13,3,1,0
3735,2024-07-19 13:53:00,Weekend vibes at the Toronto! 🤷,personal_update,positive,en,1,20,2,2,0
1731,2023-10-03 02:00:00,Report: policy change could affect seniors.,news,neutral,hi,1,66,15,6,0
4813,2024-06-30 08:13:00,"Refund request for defective smartwatch, DM sent.",customer_support,neutral,en,0,18,2,2,0
2403,2025-06-12 07:21:00,Report: data breach could affect seniors.,news,neutral,en,0,62,22,17,0
3404,2024-04-03 10:25:00,The laptop design is sleek but camera needs work.,product_feedback,negative,de,0,22,8,3,0
619,2024-03-22 04:11:00,When you open the fridge and forget why you came: 😴 #relatable,meme_joke,positive,en,0,56,7,4,0
1698,2023-05-22 20:43:00,Tried keto for a week—here’s how I feel.,health_wellness,negative,de,0,12,2,0,0
3594,2023-08-15 01:54:00,Weekend vibes at the New York! 😅,personal_update,positive,en,0,15,5,1,0
1958,2024-02-11 14:51:00,Buy 1 get 1 on all headphones until Tuesday.,promotion,positive,en,0,51,15,8,0
1222,2024-12-24 18:56:00,Meetup at Sydney for book club. RSVP below.,event,positive,hi,0,75,16,20,0
2074,2023-11-23 10:57:00,Join us at the tech summit this Sunday! Tickets available now. #Sports,event,neutral,en,0,86,25,24,0
3411,2023-05-10 02:43:00,Matchday! Royals vs Lions at 2pm. Predictions?,sports,negative,en,0,97,18,17,0
870,2023-12-03 20:23:00,Updating to say coffee maker performance improved after patch.,product_feedback,neutral,fr,0,33,6,4,0
2719,2024-04-25 21:30:00,Starting a 30-day meditation challenge. Who’s in?,health_wellness,positive,en,0,85,28,23,0
1043,2025-03-13 16:42:00,Use code SAVE20 for free shipping on smartwatch.,promotion,positive,en,1,62,18,15,0
1362,2024-03-14 05:40:00,Join us at the book club this Monday! Tickets available now. #LOL,event,positive,hi,1,101,32,5,0
357,2024-02-15 04:52:00,Matchday! Tigers vs Warriors at 2pm. Predictions?,sports,positive,en,0,21,7,3,0
1163,2023-01-17 20:38:00,"Refund request for defective smartwatch, DM sent.",customer_support,negative,en,0,13,1,1,0
2766,2024-09-19 09:35:00,Countdown to book club: only 6 days left!,event,positive,en,1,54,7,3,0
3253,2024-01-05 09:56:00,Just had tacos with friends. So good! 🔥,personal_update,neutral,hi,0,45,12,3,0
1439,2023-10-03 13:03:00,Exclusive: headphones bundle for $169!,promotion,neutral,hi,1,31,11,3,0
3604,2023-02-27 16:49:00,Friend: ‘We should work out.’ Us: 💖,meme_joke,positive,hi,0,145,33,7,0
4941,2023-09-11 10:15:00,Meetup at Toronto for community fair. RSVP below.,event,positive,en,0,31,9,6,0
4594,2025-05-04 22:42:00,Buy 1 get 1 on all sneakers until Thursday.,promotion,neutral,en,0,18,3,3,0
3640,2024-06-04 17:19:00,Buy 1 get 1 on all sneakers until Wednesday.,promotion,neutral,fr,0,18,3,3,0
1254,2024-10-28 12:19:00,Meetup at Mumbai for charity run. RSVP below.,event,neutral,en,0,81,23,4,0
3366,2023-06-29 19:32:00,Report: policy change could affect small businesses.,news,neutral,de,1,39,12,3,0
333,2024-01-12 21:17:00,Join us at the charity run this Sunday! Tickets available now. #News,event,positive,es,1,93,12,18,0
3695,2023-10-27 18:19:00,"New day, new goals. #Tech 😅",personal_update,negative,en,0,50,6,13,0
3569,2024-04-10 13:34:00,Mental health matters. Take a break. 💖,health_wellness,positive,hi,0,45,13,5,0
2729,2023-05-04 20:08:00,The Globex app keeps crashing after update.,customer_support,negative,es,0,8,1,0,0
3668,2023-07-16 17:40:00,Photos from tech summit are up—tag yourself!,event,neutral,en,1,24,2,1,0
1631,2023-10-06 00:38:00,Having trouble logging into my Stark account—any fix?,customer_support,neutral,en,1,18,2,5,0
1117,2025-03-31 16:57:00,Exclusive: laptop bundle for $147!,promotion,positive,en,0,31,8,6,0
1850,2025-03-16 23:54:00,Tough loss for Royals. Refs were wild.,sports,negative,en,1,66,19,10,0
3555,2024-08-07 17:59:00,Heads up: data breach expected later this week.,news,neutral,de,1,118,36,19,0
3154,2025-01-11 00:00:00,This cat has more confidence than me 🤷,meme_joke,positive,en,0,70,22,14,0
3266,2023-05-09 09:29:00,Just had biryani with friends. So good! 🥲,personal_update,neutral,hi,0,22,4,4,0
1666,2025-03-26 06:34:00,Report: power outage could affect seniors.,news,neutral,en,1,25,9,5,0
446,2024-01-03 20:29:00,Photos from charity run are up—tag yourself!,event,positive,fr,0,40,14,5,0
2246,2025-01-18 18:54:00,Heads up: power outage expected later this week.,news,neutral,en,0,58,7,3,0
453,2024-08-22 16:00:00,Just had ramen with friends. So good! 💪,personal_update,positive,en,0,6,0,1,0
1552,2025-01-16 17:03:00,Weekend vibes at the Toronto! 😀,personal_update,positive,en,0,68,19,4,0
4435,2025-07-11 01:39:00,This cat has more confidence than me 😅,meme_joke,positive,en,1,42,9,12,0
2955,2023-07-16 15:01:00,Me: I’ll sleep early. Also me at 3am: 🤷,meme_joke,positive,fr,0,13,5,2,0
15,2024-04-01 05:47:00,Exclusive: sneakers bundle for $284!,promotion,neutral,fr,1,35,7,9,0
3629,2025-03-23 10:33:00,FLASH SALE: sneakers at 50% off. Limited time! #LOL,promotion,neutral,de,1,33,9,7,1
946,2023-06-13 03:35:00,FLASH SALE: sneakers at 10% off. Limited time! #Health,promotion,neutral,en,0,33,11,2,0
248,2024-01-22 10:56:00,New bill on education reform passes in Mumbai.,politics,neutral,en,0,14,5,3,0
4698,2023-03-11 14:40:00,Matchday! Tigers vs United at 2pm. Predictions?,sports,positive,es,0,47,13,3,0
361,2024-04-18 06:59:00,FLASH SALE: smartwatch at 30% off. Limited time! #News,promotion,negative,hi,0,24,6,2,1
4657,2023-04-04 07:00:00,Fact check: claims about healthcare and taxes.,politics,positive,es,0,5,1,1,0
1615,2025-07-13 15:49:00,Latest update on policy change: authorities confirm new info.,news,neutral,hi,0,20,6,5,0
2304,2024-02-17 02:59:00,"Hi Initech, my order #66986 hasn’t arrived. Please help.",customer_support,negative,en,1,16,4,3,0
4142,2023-10-27 21:20:00,Not impressed with Acme's coffee maker build quality.,product_feedback,positive,de,0,17,3,1,0
3169,2024-08-31 16:44:00,Me: I’ll sleep early. Also me at 3am: 😂,meme_joke,positive,de,1,25,5,3,0
2479,2024-01-29 12:02:00,Weekend vibes at the Toronto! 🔥,personal_update,positive,en,0,11,1,1,0
4215,2024-10-04 10:21:00,Livestream starts at 10am! Don’t miss the music festival.,event,neutral,es,1,77,29,16,0
4181,2023-07-06 23:45:00,POV: You at 8am meetings 💪💪,meme_joke,positive,en,0,84,20,22,0
4885,2024-01-16 20:51:00,Updating to say smartwatch performance improved after patch.,product_feedback,neutral,en,0,10,3,0,0
3164,2024-02-09 13:57:00,Transfer rumor: R. Patel to Warriors?,sports,negative,es,0,28,11,1,0
491,2023-05-18 01:07:00,Missed my sister today. 💪,personal_update,positive,en,0,12,3,1,0
863,2023-09-01 23:00:00,Reminder: drink water and stretch today! 🤷,health_wellness,neutral,en,1,56,13,11,0
1741,2023-10-18 19:17:00,Meetup at Mumbai for book club. RSVP below.,event,neutral,en,0,76,29,7,0
4100,2024-04-05 02:54:00,Mental health matters. Take a break. 💖,health_wellness,positive,fr,0,21,3,4,0
4386,2025-05-22 03:45:00,Loving the new Stark smartwatch! Battery lasts all day.,product_feedback,neutral,de,0,35,12,6,0
2448,2025-01-14 00:47:00,This cat has more confidence than me 🥲,meme_joke,negative,es,0,119,34,23,0
4231,2024-11-15 11:40:00,Missed my dad today. 🤷,personal_update,positive,hi,0,62,17,7,0
507,2023-11-14 18:39:00,The laptop design is sleek but camera needs work.,product_feedback,neutral,en,0,20,2,3,0
2678,2025-03-31 12:20:00,Rally at Toronto calling for tax policy reform.,politics,negative,hi,0,50,12,6,0
2996,2025-07-28 08:08:00,Photos from charity run are up—tag yourself!,event,positive,en,1,55,15,6,0
1943,2023-03-25 12:18:00,Meetup at Delhi for charity run. RSVP below.,event,neutral,en,0,80,17,20,0
1223,2023-09-09 09:56:00,POV: You at 8am meetings 😅😅,meme_joke,neutral,en,1,92,32,9,0
1114,2025-03-14 23:54:00,Tried vegan for a week—here’s how I feel.,health_wellness,neutral,en,0,53,5,10,0
1906,2025-05-16 16:19:00,Reminder: drink water and stretch today! 🥲,health_wellness,positive,en,0,47,14,10,0
3424,2024-11-19 11:18:00,Record broken: M. Khan sets new high for runs.,sports,neutral,en,0,9,1,1,0
1878,2025-05-26 20:49:00,Breaking: weather alert just happened in Toronto. Details emerging. #Sale,news,neutral,en,1,76,27,15,0
4673,2023-05-06 20:12:00,Exclusive: headphones bundle for $298!,promotion,neutral,de,1,19,5,4,0
434,2024-02-06 05:19:00,Countdown to community fair: only 13 days left!,event,positive,de,1,42,8,2,0
2365,2023-03-16 06:54:00,Tough loss for Royals. Refs were wild.,sports,neutral,de,1,54,7,3,0
3155,2024-06-26 07:18:00,When you open the fridge and forget why you came: 😴 #relatable,meme_joke,positive,de,0,83,16,11,0
2836,2024-09-26 23:12:00,Report: policy change could affect seniors.,news,positive,en,1,26,8,2,0
2093,2023-02-01 19:14:00,"New day, new goals. #LOL 😅",personal_update,positive,fr,0,70,21,7,0
3011,2024-12-13 23:05:00,"New day, new goals. #Sale 😅",personal_update,positive,en,0,6,1,0,0
3163,2023-10-01 07:58:00,Weekend vibes at the Berlin! 🥲,personal_update,neutral,en,1,43,15,10,0
2946,2025-07-01 05:49:00,Loving the new Stark coffee maker! Battery lasts all day.,product_feedback,negative,de,0,8,2,1,0
3917,2025-07-20 04:50:00,Report: weather alert could affect seniors.,news,neutral,en,0,76,24,5,0
2917,2024-04-28 07:24:00,Mental health matters. Take a break. 💖,health_wellness,neutral,hi,0,18,6,5,0
1103,2023-12-11 09:38:00,Report: concert announcement could affect commuters.,news,neutral,hi,1,43,11,9,0
1449,2023-12-08 09:41:00,Just had sushi with friends. So good! 🥲,personal_update,positive,fr,0,23,7,6,0
1721,2025-07-03 14:00:00,This cat has more confidence than me 💪,meme_joke,positive,de,0,30,8,5,0
4519,2024-02-07 21:43:00,Missed my dad today. 💖,personal_update,positive,en,0,9,3,0,0
3843,2024-03-15 22:48:00,"New day, new goals. #LOL 💖",personal_update,neutral,en,0,59,14,16,0
157,2024-08-12 16:05:00,Loving the new Stark headphones! Battery lasts all day.,product_feedback,neutral,en,0,27,10,6,0
2979,2024-02-27 17:07:00,Tried vegan for a week—here’s how I feel.,health_wellness,neutral,en,1,58,10,12,0
1774,2024-02-06 01:33:00,Meetup at Delhi for community fair. RSVP below.,event,positive,en,0,42,5,10,0
616,2023-03-15 10:59:00,Use code WELCOME10 for free shipping on headphones.,promotion,neutral,es,0,13,1,1,1
644,2025-02-14 12:53:00,Exclusive: laptop bundle for $76!,promotion,neutral,en,0,38,15,9,0
1936,2025-03-05 07:28:00,Loving the new Initech laptop! Battery lasts all day.,product_feedback,neutral,en,0,39,14,2,0
4278,2024-03-19 03:13:00,In-depth: What data breach means for Mumbai.,news,positive,en,1,29,10,5,0
1069,2023-05-20 19:43:00,Thanks Initech support for resolving my issue fast!,customer_support,negative,en,1,5,1,0,0
4455,2023-11-20 19:50:00,Updating to say coffee maker performance improved after patch.,product_feedback,neutral,en,1,3,1,0,0
4155,2023-10-31 09:32:00,Rally at Toronto calling for education reform reform.,politics,positive,en,0,45,15,11,0
4240,2023-10-29 21:42:00,In-depth: What market rally means for New York.,news,positive,fr,1,55,9,5,0
4869,2024-07-15 10:47:00,Buy 1 get 1 on all coffee maker until Thursday.,promotion,neutral,es,0,43,12,4,0
331,2023-12-08 19:06:00,Buy 1 get 1 on all headphones until Friday.,promotion,positive,en,1,37,12,7,0
2058,2024-06-19 22:33:00,Latest update on weather alert: authorities confirm new info.,news,neutral,en,1,103,19,18,0
2647,2023-03-24 22:49:00,Royals with an unbelievable win tonight! #News,sports,neutral,fr,0,91,18,15,0
2192,2024-05-23 09:36:00,FLASH SALE: sneakers at 70% off. Limited time! #Health,promotion,positive,en,0,42,4,4,1
623,2023-05-11 14:38:00,Missed my brother today. 🎉,personal_update,positive,fr,0,39,6,2,0
1596,2023-07-31 11:35:00,POV: You at 8am meetings 🔥🔥,meme_joke,positive,en,0,99,13,10,0
2916,2025-02-24 18:17:00,New drop: headphones! Grab yours today.,promotion,positive,en,1,55,6,5,1
4822,2023-04-13 09:20:00,Weekend vibes at the Toronto! 🔥,personal_update,positive,de,0,57,20,14,0
3899,2024-12-29 19:56:00,Tough loss for Royals. Refs were wild.,sports,positive,en,1,24,8,4,0
1920,2024-08-24 14:53:00,Weekend vibes at the Berlin! 💪,personal_update,positive,en,0,20,5,3,0
4174,2024-12-06 13:59:00,Matchday! Warriors vs City at 6pm. Predictions?,sports,neutral,en,0,22,6,2,0
4478,2023-07-24 12:37:00,Lions with an unbelievable win tonight! #News,sports,neutral,en,0,26,8,6,0
756,2023-04-09 09:50:00,Exclusive: headphones bundle for $36!,promotion,neutral,en,0,11,1,2,0
519,2024-01-13 01:44:00,Missed my mom today. 🙌,personal_update,positive,en,0,28,8,6,0
3804,2024-05-15 18:27:00,Just had pasta with friends. So good! 😂,personal_update,negative,hi,0,56,18,6,0
33,2024-12-18 09:41:00,Matchday! Royals vs United at 8pm. Predictions?,sports,positive,es,0,14,4,2,0
2938,2024-01-13 02:28:00,"Hi Umbrella, my order #31892 hasn’t arrived. Please help.",customer_support,negative,en,0,13,3,2,0
1158,2025-07-17 15:20:00,Heads up: policy change expected later this week.,news,neutral,en,0,69,25,10,0
745,2024-12-19 03:48:00,Meetup at Mumbai for tech summit. RSVP below.,event,positive,en,0,69,26,14,0
1498,2025-03-21 00:22:00,Exclusive: headphones bundle for $119!,promotion,positive,en,0,45,7,9,0
3460,2024-01-24 21:06:00,Lions with an unbelievable win tonight! #Tech,sports,neutral,es,0,24,7,4,0
3756,2023-06-20 00:46:00,Use code WELCOME10 for free shipping on headphones.,promotion,neutral,en,0,35,11,9,0
2592,2024-01-08 19:27:00,Thanks Acme support for resolving my issue fast!,customer_support,negative,en,1,3,1,0,0
784,2023-12-19 19:42:00,Just had ramen with friends. So good! 💖,personal_update,neutral,de,0,9,1,1,0
3494,2023-01-19 04:15:00,When you open the fridge and forget why you came: 🙌 #relatable,meme_joke,neutral,de,0,28,9,3,0
2950,2024-08-11 18:29:00,Friend: ‘We should work out.’ Us: 😅,meme_joke,positive,en,1,81,23,4,0
230,2025-01-24 18:38:00,Use code SAVE20 for free shipping on smartwatch.,promotion,positive,de,1,58,22,15,1
858,2023-07-30 12:42:00,Friend: ‘We should work out.’ Us: 😀,meme_joke,positive,en,0,167,47,18,0
2267,2023-03-04 20:03:00,In-depth: What weather alert means for New York.,news,neutral,en,0,116,19,6,0
4275,2025-06-09 10:04:00,Feeling grateful today! 🔥 #Breaking,personal_update,positive,en,1,78,17,20,0
409,2025-02-13 17:34:00,Meetup at Sydney for music festival. RSVP below.,event,positive,en,1,72,22,13,0
171,2025-07-27 11:04:00,"New day, new goals. #Health 😴",personal_update,positive,en,0,31,8,4,0
541,2023-02-21 14:37:00,Starting a 30-day meditation challenge. Who’s in?,health_wellness,negative,fr,0,6,1,1,0
2211,2023-07-14 12:09:00,Public health update: weather alert cases rising in Mumbai.,health_wellness,neutral,en,1,63,18,5,0
2305,2023-09-20 23:17:00,Matchday! United vs City at 8pm. Predictions?,sports,positive,en,0,85,28,7,0
2568,2024-07-15 10:43:00,Opinion: education reform will impact students the most.,politics,neutral,hi,0,63,9,14,0
614,2024-12-02 08:37:00,Missed my sister today. 🙌,personal_update,positive,es,0,53,8,11,0
2102,2024-01-17 01:37:00,Breaking: policy change just happened in Delhi. Details emerging. #LOL,news,positive,en,1,42,16,6,0
1809,2023-07-09 14:28:00,Loving the new Acme smartwatch! Battery lasts all day.,product_feedback,positive,es,1,44,8,3,0
3439,2025-07-07 02:12:00,Reminder: drink water and stretch today! 🤷,health_wellness,neutral,es,0,23,4,2,0
1162,2024-06-22 15:12:00,Just had ramen with friends. So good! 🤔,personal_update,negative,fr,0,7,0,1,0
4226,2025-01-10 00:04:00,Not impressed with Stark's smartwatch build quality.,product_feedback,neutral,de,1,10,1,1,0
3120,2023-03-07 19:18:00,Missed my mom today. 💪,personal_update,negative,de,0,58,17,5,0
3653,2024-06-20 06:42:00,Reminder: drink water and stretch today! 🤔,health_wellness,positive,fr,0,11,3,2,0
1611,2025-01-23 06:08:00,Photos from community fair are up—tag yourself!,event,positive,fr,1,91,35,20,0
1933,2024-01-04 09:12:00,Friend: ‘We should work out.’ Us: 😀,meme_joke,neutral,en,0,37,13,4,0
3028,2025-07-29 06:45:00,The sneakers design is sleek but camera needs work.,product_feedback,neutral,de,1,6,1,0,0
565,2025-05-14 02:36:00,Latest update on market rally: authorities confirm new info.,news,neutral,fr,1,85,19,11,0
3572,2023-02-01 12:52:00,Thanks Stark support for resolving my issue fast!,customer_support,neutral,en,0,2,0,0,0
4248,2023-11-15 01:41:00,POV: You at 8am meetings 💖💖,meme_joke,positive,en,0,154,34,44,0
2389,2024-08-02 10:59:00,Just had pasta with friends. So good! 😀,personal_update,neutral,en,0,57,5,11,0
1472,2025-01-29 09:39:00,Meetup at Toronto for charity run. RSVP below.,event,positive,de,0,23,7,4,0
2631,2024-03-12 13:21:00,Just had pasta with friends. So good! 😴,personal_update,positive,en,0,59,8,3,0
1836,2023-08-18 02:15:00,Report: concert announcement could affect commuters.,news,neutral,de,0,117,16,18,0
4929,2025-05-01 14:41:00,POV: You at 8am meetings 🙌🙌,meme_joke,positive,en,0,28,7,7,0
3476,2025-05-04 09:34:00,Feature request: please add dark mode to smartwatch.,product_feedback,negative,en,0,15,5,1,0
1534,2024-03-20 03:50:00,POV: You at 8am meetings 🙌🙌,meme_joke,positive,en,0,61,10,10,0
4328,2024-12-24 12:45:00,Buy 1 get 1 on all headphones until Monday.,promotion,neutral,en,1,40,13,9,0
2485,2024-09-28 17:37:00,Debate tonight on education reform. What are your thoughts?,politics,positive,en,0,38,8,1,0
4208,2024-05-16 00:28:00,Matchday! City vs City at 6pm. Predictions?,sports,positive,de,0,72,21,19,0
1173,2023-07-17 00:26:00,This cat has more confidence than me 🥲,meme_joke,neutral,en,0,11,2,0,0
1428,2024-03-28 23:16:00,Use code BUNDLE for free shipping on headphones.,promotion,positive,en,1,3,0,0,0
326,2024-07-12 08:42:00,Feeling excited today! 😴 #Fitness,personal_update,positive,fr,0,47,11,10,0
1052,2024-08-01 12:17:00,The coffee maker design is sleek but camera needs work.,product_feedback,neutral,es,0,39,12,10,0
3320,2025-06-30 04:45:00,Weekend vibes at the Mumbai! 😂,personal_update,neutral,en,0,45,6,7,0
4722,2023-11-27 10:37:00,Meetup at London for book club. RSVP below.,event,positive,en,0,36,3,8,0
3865,2025-04-14 04:21:00,New bill on climate action passes in Sydney.,politics,positive,en,1,9,2,1,0
2604,2024-09-07 14:44:00,Loving the new Initech coffee maker! Battery lasts all day.,product_feedback,positive,en,0,57,13,8,0
1739,2025-04-05 10:39:00,Breaking: concert announcement just happened in London. Details emerging. #Breaking,news,neutral,en,0,99,25,17,0
1197,2024-06-21 18:12:00,In-depth: What market rally means for Berlin.,news,negative,hi,1,43,6,4,0
621,2024-04-06 12:34:00,POV: You at 8am meetings 😀😀,meme_joke,positive,es,0,154,50,10,0
1375,2024-10-25 05:42:00,Missed my mom today. 🥲,personal_update,neutral,en,1,22,4,5,0
2880,2025-07-23 21:51:00,The laptop design is sleek but camera needs work.,product_feedback,neutral,en,0,10,1,1,0
1190,2023-06-20 08:43:00,Me: I’ll sleep early. Also me at 3am: 😅,meme_joke,positive,en,0,11,3,1,0
329,2024-03-08 12:57:00,Heads up: data breach expected later this week.,news,negative,en,1,39,13,8,0
649,2025-06-24 02:41:00,New drop: sneakers! Grab yours today.,promotion,neutral,es,1,39,4,6,1
898,2023-06-07 01:14:00,Debate tonight on tax policy. What are your thoughts?,politics,neutral,es,1,21,2,2,0
3883,2024-08-29 00:36:00,Join us at the community fair this Thursday! Tickets available now. #LOL,event,neutral,fr,1,33,3,3,0
1124,2024-10-09 07:38:00,Friend: ‘We should work out.’ Us: 🎉,meme_joke,positive,en,0,110,22,16,0
1892,2023-02-14 05:52:00,This cat has more confidence than me 😀,meme_joke,positive,de,1,109,24,23,0
4644,2023-01-13 12:50:00,This cat has more confidence than me 💖,meme_joke,positive,en,1,103,28,22,0
4792,2023-02-27 00:07:00,Rally at Delhi calling for healthcare reform.,politics,positive,de,0,26,3,3,0
4530,2024-03-25 05:18:00,Buy 1 get 1 on all smartwatch until Monday.,promotion,negative,fr,0,37,10,5,0
4235,2023-10-02 19:57:00,"New day, new goals. #Breaking 😂",personal_update,neutral,de,0,47,13,2,0
1594,2023-06-05 03:01:00,Meetup at Berlin for music festival. RSVP below.,event,neutral,en,0,11,3,3,0
3313,2025-02-25 04:46:00,Not impressed with Umbrella's headphones build quality.,product_feedback,neutral,hi,0,35,11,7,0
2548,2025-01-26 00:25:00,When you open the fridge and forget why you came: 🙌 #relatable,meme_joke,negative,es,1,28,8,7,0
1546,2023-07-15 19:43:00,The laptop design is sleek but camera needs work.,product_feedback,positive,hi,0,4,1,0,0
4337,2024-06-09 14:54:00,Record broken: A. Singh sets new high for aces.,sports,negative,en,0,61,7,16,0
1024,2023-08-15 12:24:00,Fact check: claims about privacy law and taxes.,politics,neutral,es,0,67,11,11,0
1972,2023-05-21 00:59:00,Matchday! Royals vs Warriors at 6pm. Predictions?,sports,positive,en,0,71,11,16,0
4989,2023-12-24 15:44:00,Feeling grateful today! 😴 #Sale,personal_update,positive,en,0,37,12,6,0
1715,2024-04-10 08:06:00,Matchday! Tigers vs Tigers at 10am. Predictions?,sports,negative,fr,1,59,7,7,0
1718,2024-04-11 09:59:00,Heads up: policy change expected later this week.,news,neutral,de,1,64,19,9,0
1478,2024-02-14 23:42:00,Reminder: drink water and stretch today! 🔥,health_wellness,positive,en,0,48,7,4,0
810,2025-08-07 16:12:00,Debate tonight on education reform. What are your thoughts?,politics,negative,en,1,70,20,10,0
2851,2023-01-13 23:26:00,New bill on education reform passes in Delhi.,politics,neutral,es,1,45,12,8,0
979,2024-08-10 19:24:00,Rally at Sydney calling for education reform reform.,politics,negative,en,0,5,1,1,0
4688,2023-08-14 22:58:00,When you open the fridge and forget why you came: 💖 #relatable,meme_joke,neutral,hi,0,132,34,22,0
4896,2023-07-18 05:26:00,POV: You at 8am meetings 🥲🥲,meme_joke,neutral,en,0,122,30,17,0
1685,2025-05-06 19:52:00,Meetup at Berlin for book club. RSVP below.,event,positive,de,1,29,3,3,0
4661,2024-10-19 02:15:00,Feeling tired today! 🤔 #MondayMotivation,personal_update,positive,de,0,30,5,4,0
1515,2025-05-21 03:31:00,Livestream starts at 8pm! Don’t miss the community fair.,event,positive,fr,1,90,33,8,0
2405,2023-08-23 03:48:00,Updating to say sneakers performance improved after patch.,product_feedback,neutral,de,1,35,10,7,0
2022,2023-04-08 10:52:00,Me: I’ll sleep early. Also me at 3am: 😂,meme_joke,positive,en,0,41,6,7,0
4554,2023-02-03 00:40:00,Missed my brother today. 😅,personal_update,positive,fr,1,12,4,1,0
1768,2024-01-16 04:19:00,Weekend vibes at the Sydney! 🤔,personal_update,negative,en,0,54,13,10,0
175,2023-07-07 22:58:00,Missed my sister today. 💖,personal_update,negative,hi,0,42,7,5,0
1555,2023-08-03 13:54:00,The laptop design is sleek but camera needs work.,product_feedback,positive,en,1,20,7,3,0
4216,2023-04-21 10:08:00,New drop: headphones! Grab yours today.,promotion,positive,en,1,17,6,2,0
1483,2023-06-15 22:28:00,Updating to say laptop performance improved after patch.,product_feedback,neutral,hi,0,36,7,5,0
4462,2023-08-01 13:41:00,Thanks Acme support for resolving my issue fast!,customer_support,negative,de,0,13,1,2,0
218,2023-11-05 02:59:00,When you open the fridge and forget why you came: 🤷 #relatable,meme_joke,positive,en,0,110,41,30,0
3915,2024-06-07 09:18:00,In-depth: What market rally means for Mumbai.,news,positive,en,0,13,3,3,0
3721,2023-08-15 22:36:00,"New day, new goals. #Tech 😂",personal_update,neutral,en,1,21,5,3,0
691,2025-04-25 13:42:00,City with an unbelievable win tonight! #Sports,sports,positive,en,0,31,5,2,0
2578,2023-10-22 19:13:00,Thanks Initech support for resolving my issue fast!,customer_support,negative,en,0,15,5,3,0
2234,2023-02-22 10:35:00,New bill on education reform passes in Mumbai.,politics,neutral,en,0,58,10,17,0
2239,2025-04-10 08:36:00,Opinion: tax policy will impact small businesses the most.,politics,positive,en,1,55,15,9,0
1107,2024-05-02 06:56:00,Mental health matters. Take a break. 🔥,health_wellness,positive,en,0,34,4,2,0
1790,2023-04-13 17:18:00,Rally at New York calling for climate action reform.,politics,negative,hi,0,50,12,10,0
3189,2024-08-25 21:52:00,FLASH SALE: headphones at 70% off. Limited time! #Event,promotion,neutral,es,0,3,0,0,0
2437,2025-04-14 14:45:00,The laptop design is sleek but camera needs work.,product_feedback,positive,fr,0,4,0,0,0
612,2023-10-16 22:16:00,Updating to say coffee maker performance improved after patch.,product_feedback,negative,de,0,21,4,5,0
3661,2024-03-12 20:19:00,Missed my dad today. 🥲,personal_update,positive,en,1,76,9,16,0
3712,2025-04-24 09:09:00,Latest update on concert announcement: authorities confirm new info.,news,negative,hi,0,110,41,32,0
577,2024-02-07 15:29:00,Feeling excited today! 🤔 #Health,personal_update,neutral,es,0,28,10,1,0
2064,2025-01-06 03:23:00,Public health update: weather alert cases rising in New York.,health_wellness,positive,en,0,89,14,21,0
4436,2024-05-09 17:20:00,Meetup at Sydney for tech summit. RSVP below.,event,positive,es,0,70,10,3,0
1181,2023-12-16 08:27:00,Countdown to music festival: only 8 days left!,event,positive,de,1,84,8,24,0
889,2023-12-15 07:06:00,Starting a 30-day cycling challenge. Who’s in?,health_wellness,neutral,en,1,48,8,8,0
3129,2023-06-14 23:55:00,Rally at Sydney calling for education reform reform.,politics,neutral,en,0,9,2,2,0
1733,2023-12-23 05:59:00,Me: I’ll sleep early. Also me at 3am: 😀,meme_joke,positive,de,0,159,62,25,0
2664,2024-10-18 13:58:00,Use code WELCOME10 for free shipping on sneakers.,promotion,positive,en,1,53,6,4,0
818,2025-06-26 01:43:00,Just had sushi with friends. So good! 😂,personal_update,positive,en,1,52,8,12,0
3278,2023-07-15 04:05:00,Friend: ‘We should work out.’ Us: 🎉,meme_joke,positive,en,0,170,21,48,0
1860,2025-01-24 20:29:00,Me: I’ll sleep early. Also me at 3am: 🥲,meme_joke,positive,fr,0,57,19,4,0
209,2025-03-19 20:25:00,Weekend vibes at the Mumbai! 😴,personal_update,neutral,hi,0,54,14,6,0
294,2024-12-23 17:16:00,Friend: ‘We should work out.’ Us: 🤷,meme_joke,positive,en,0,164,64,21,0
1120,2024-03-18 06:37:00,Not impressed with Globex's coffee maker build quality.,product_feedback,negative,en,0,8,1,2,0
2214,2024-04-13 06:41:00,Feeling excited today! 😴 #Tech,personal_update,positive,hi,0,29,3,4,0
1610,2024-09-29 14:33:00,In-depth: What market rally means for Mumbai.,news,neutral,de,1,75,18,20,0
1265,2024-12-14 04:55:00,Transfer rumor: M. Khan to City?,sports,negative,es,0,47,6,11,0
991,2023-06-26 10:59:00,Breaking: power outage just happened in New York. Details emerging. #Sports,news,positive,en,0,40,11,5,0
4198,2023-07-08 21:29:00,Just had tacos with friends. So good! 🙌,personal_update,neutral,en,1,11,1,0,0
1617,2023-06-14 23:17:00,Just had ramen with friends. So good! 🤷,personal_update,positive,en,0,61,16,9,0
354,2024-05-07 09:06:00,Latest update on power outage: authorities confirm new info.,news,neutral,en,0,90,19,12,0
4558,2023-05-13 21:54:00,Missed my mom today. 🎉,personal_update,negative,en,1,12,3,2,0
2023,2023-01-10 06:16:00,In-depth: What weather alert means for Berlin.,news,neutral,en,0,61,10,12,0
3691,2023-07-22 21:34:00,Me: I’ll sleep early. Also me at 3am: 💪,meme_joke,neutral,de,1,76,19,6,0
2556,2023-10-01 19:51:00,In-depth: What concert announcement means for Sydney.,news,neutral,en,1,24,6,2,0
3049,2025-03-20 23:54:00,Fact check: claims about privacy law and taxes.,politics,neutral,en,1,23,5,2,0
1229,2025-02-18 18:33:00,Me: I’ll sleep early. Also me at 3am: 🤔,meme_joke,positive,es,0,144,43,9,0
260,2025-07-21 21:11:00,Report: power outage could affect commuters.,news,neutral,en,1,89,28,14,0
1520,2024-10-30 07:40:00,Not impressed with Stark's laptop build quality.,product_feedback,positive,en,0,52,13,2,0
1778,2023-05-17 14:20:00,Thanks Globex support for resolving my issue fast!,customer_support,negative,es,0,11,1,1,0
4740,2025-01-28 15:26:00,Livestream starts at 8pm! Don’t miss the charity run.,event,neutral,en,0,65,20,12,0
1771,2024-06-19 20:28:00,"New day, new goals. #LOL 💖",personal_update,neutral,en,1,54,9,4,0
4354,2023-08-19 01:14:00,Matchday! Lions vs Tigers at 10am. Predictions?,sports,positive,hi,0,92,34,15,0
53,2023-08-18 03:12:00,Thanks Umbrella support for resolving my issue fast!,customer_support,negative,en,0,20,3,2,0
3474,2024-08-07 01:58:00,The Acme app keeps crashing after update.,customer_support,neutral,en,0,2,0,0,0
4684,2025-04-17 10:44:00,The Acme app keeps crashing after update.,customer_support,negative,en,0,3,0,0,0
4412,2024-12-24 07:45:00,Just had sushi with friends. So good! 🥲,personal_update,neutral,en,0,39,13,8,0
2410,2024-01-11 01:44:00,POV: You at 8am meetings 🔥🔥,meme_joke,neutral,fr,0,114,43,20,0
2788,2024-12-16 23:58:00,Record broken: M. Khan sets new high for points.,sports,positive,es,1,113,16,30,0
2345,2025-01-01 02:30:00,"Hi Stark, my order #45156 hasn’t arrived. Please help.",customer_support,negative,de,0,16,5,4,0
1034,2023-03-31 11:00:00,"Hi Umbrella, my order #42463 hasn’t arrived. Please help.",customer_support,negative,es,0,1,0,0,0
1098,2023-05-07 13:06:00,Loving the new Initech smartwatch! Battery lasts all day.,product_feedback,positive,hi,1,10,1,1,0
544,2024-07-04 16:40:00,New bill on tax policy passes in Delhi.,politics,positive,en,1,60,23,13,0
1047,2024-09-29 10:56:00,Loving the new Acme laptop! Battery lasts all day.,product_feedback,positive,hi,0,17,5,2,0
1895,2025-06-14 11:41:00,Missed my brother today. 😂,personal_update,neutral,es,0,56,8,9,0
4377,2023-07-27 21:01:00,"Hi Umbrella, my order #37267 hasn’t arrived. Please help.",customer_support,negative,fr,0,14,4,3,0
31,2025-05-02 09:49:00,The sneakers design is sleek but camera needs work.,product_feedback,neutral,en,1,5,1,1,0
726,2023-07-06 00:36:00,POV: You at 8am meetings 💪💪,meme_joke,neutral,en,0,46,5,5,0
4962,2023-11-23 18:51:00,Countdown to tech summit: only 6 days left!,event,positive,en,1,73,28,20,0
4719,2024-03-25 23:29:00,Rally at Sydney calling for climate action reform.,politics,positive,hi,0,51,14,8,0
3904,2023-12-14 20:34:00,Missed my brother today. 🤷,personal_update,neutral,en,0,58,15,5,0
1427,2025-01-06 20:11:00,The smartwatch design is sleek but camera needs work.,product_feedback,neutral,hi,0,21,5,1,0
2498,2023-04-24 19:24:00,Photos from tech summit are up—tag yourself!,event,positive,hi,1,67,17,5,0
437,2023-07-12 19:38:00,"Refund request for defective smartwatch, DM sent.",customer_support,negative,en,0,17,2,4,0
2471,2024-02-08 17:43:00,Latest update on concert announcement: authorities confirm new info.,news,positive,en,0,22,4,1,0
913,2025-04-25 08:06:00,Missed my brother today. 🥲,personal_update,positive,de,0,52,13,12,0
4223,2024-08-22 07:29:00,New bill on healthcare passes in Delhi.,politics,positive,de,0,72,23,7,0
4353,2024-11-24 20:05:00,Buy 1 get 1 on all headphones until Sunday.,promotion,positive,en,0,68,17,13,0
4513,2025-06-09 22:59:00,This cat has more confidence than me 😂,meme_joke,neutral,en,0,90,11,24,0
4444,2025-07-08 04:48:00,Matchday! Warriors vs Royals at 8pm. Predictions?,sports,negative,fr,0,16,4,1,0
2288,2025-01-15 14:34:00,The smartwatch design is sleek but camera needs work.,product_feedback,neutral,de,0,30,7,5,0
4598,2024-01-17 04:37:00,Rally at Toronto calling for privacy law reform.,politics,positive,en,0,26,6,5,0
1239,2023-07-19 00:50:00,Use code BUNDLE for free shipping on smartwatch.,promotion,neutral,en,0,4,1,1,0
904,2023-09-18 02:39:00,"New day, new goals. #LOL 😴",personal_update,neutral,fr,0,19,6,2,0
3621,2024-04-08 13:31:00,Latest update on concert announcement: authorities confirm new info.,news,neutral,en,1,112,32,24,0
3232,2024-09-04 19:25:00,Use code BUNDLE for free shipping on headphones.,promotion,neutral,en,1,35,9,4,0
2860,2024-06-08 04:26:00,Public health update: market rally cases rising in Mumbai.,health_wellness,negative,en,0,8,2,2,0
508,2024-11-17 21:38:00,Debate tonight on healthcare. What are your thoughts?,politics,negative,hi,0,31,7,3,0
3222,2024-09-30 04:35:00,Thanks Globex support for resolving my issue fast!,customer_support,negative,de,0,17,6,3,0
184,2023-09-15 06:02:00,Feature request: please add noise cancellation to coffee maker.,product_feedback,neutral,en,1,30,6,6,0
1565,2023-11-13 16:04:00,New drop: smartwatch! Grab yours today.,promotion,positive,en,1,56,17,7,1
2705,2024-03-22 01:47:00,Photos from music festival are up—tag yourself!,event,neutral,es,1,32,3,3,0
322,2025-02-18 16:32:00,Having trouble logging into my Globex account—any fix?,customer_support,neutral,hi,0,4,0,1,0
3564,2025-08-03 01:17:00,Breaking: data breach just happened in Mumbai. Details emerging. #Health,news,negative,hi,0,87,30,12,0
1539,2023-08-30 01:38:00,Buy 1 get 1 on all sneakers until Thursday.,promotion,neutral,fr,0,11,3,2,0
1838,2023-04-03 19:56:00,Just had tacos with friends. So good! 🎉,personal_update,negative,en,0,31,7,7,0
2381,2024-04-13 02:16:00,Livestream starts at 2pm! Don’t miss the community fair.,event,positive,en,0,54,13,4,0
1913,2025-03-15 23:38:00,Me: I’ll sleep early. Also me at 3am: 🙌,meme_joke,positive,es,0,30,6,7,0
1841,2023-12-19 18:40:00,Record broken: R. Patel sets new high for goals.,sports,positive,en,0,9,2,2,0
2116,2023-05-25 11:04:00,Reminder: drink water and stretch today! 🥲,health_wellness,positive,es,0,57,22,7,0
4438,2023-01-24 19:20:00,"New day, new goals. #Sports 🎉",personal_update,positive,en,0,18,3,2,0
1147,2025-03-28 01:08:00,Debate tonight on privacy law. What are your thoughts?,politics,positive,en,0,65,23,10,0
2487,2024-07-20 07:22:00,The coffee maker design is sleek but camera needs work.,product_feedback,neutral,en,0,12,2,3,0
45,2023-07-16 07:08:00,Weekend vibes at the London! 🙌,personal_update,positive,en,0,32,6,7,0
2155,2024-08-17 20:10:00,Livestream starts at 10am! Don’t miss the tech summit.,event,positive,es,0,21,6,5,0
1527,2025-03-07 09:21:00,Fact check: claims about tax policy and taxes.,politics,neutral,en,0,26,6,7,0
4856,2023-10-06 00:19:00,Feeling grateful today! 😴 #News,personal_update,positive,en,0,69,26,3,0
1379,2025-01-30 12:39:00,Breaking: policy change just happened in Toronto. Details emerging. #Sale,news,positive,en,0,62,10,16,0
1766,2024-06-14 14:31:00,Exclusive: laptop bundle for $170!,promotion,positive,hi,0,68,24,18,0
3013,2024-11-12 00:17:00,Loving the new Initech sneakers! Battery lasts all day.,product_feedback,neutral,hi,0,8,2,1,0
414,2023-03-04 17:03:00,Weekend vibes at the Sydney! 🎉,personal_update,neutral,hi,0,38,6,10,0
4285,2023-09-07 10:22:00,This cat has more confidence than me 🎉,meme_joke,positive,fr,0,147,15,38,0
1408,2024-02-08 12:05:00,Reminder: drink water and stretch today! 💖,health_wellness,positive,es,0,39,6,5,0
1659,2023-11-11 12:24:00,Photos from community fair are up—tag yourself!,event,positive,en,1,90,23,8,0
802,2024-10-10 14:26:00,Debate tonight on tax policy. What are your thoughts?,politics,negative,es,0,8,3,1,0
1289,2023-03-12 22:27:00,Not impressed with Acme's laptop build quality.,product_feedback,negative,en,0,14,1,2,0
2183,2025-01-17 02:57:00,Use code WELCOME10 for free shipping on coffee maker.,promotion,positive,en,1,37,13,10,0
2589,2023-03-15 06:42:00,Use code FREESHIP for free shipping on laptop.,promotion,positive,de,0,30,11,7,0
2616,2023-10-31 01:49:00,Tried low-carb for a week—here’s how I feel.,health_wellness,negative,en,0,48,4,4,0
2319,2025-05-23 05:20:00,Friend: ‘We should work out.’ Us: 🤔,meme_joke,positive,de,0,63,13,10,0
257,2023-11-03 10:37:00,Thanks Globex support for resolving my issue fast!,customer_support,negative,en,1,12,3,2,0
4542,2023-08-07 09:46:00,Transfer rumor: K. Garcia to United?,sports,neutral,hi,0,55,14,15,0
1730,2025-01-03 05:13:00,This cat has more confidence than me 😴,meme_joke,positive,en,0,122,44,10,0
1152,2025-06-22 15:23:00,Feature request: please add noise cancellation to laptop.,product_feedback,positive,en,0,43,16,8,0
4145,2023-11-10 12:08:00,Friend: ‘We should work out.’ Us: 🥲,meme_joke,positive,en,0,101,34,16,0
648,2024-08-20 00:00:00,Warriors with an unbelievable win tonight! #LOL,sports,positive,hi,0,52,8,15,0
2909,2023-05-01 03:36:00,Heads up: power outage expected later this week.,news,neutral,en,0,30,9,8,0
1703,2025-04-13 05:59:00,"Hi Acme, my order #55871 hasn’t arrived. Please help.",customer_support,negative,de,1,5,0,1,0
1882,2023-11-07 00:06:00,Feeling excited today! 🤷 #Breaking,personal_update,neutral,en,0,48,16,2,0
3769,2023-07-15 23:17:00,Just had ramen with friends. So good! 🤷,personal_update,negative,fr,0,42,13,7,0
1316,2023-10-18 11:23:00,The sneakers design is sleek but camera needs work.,product_feedback,negative,fr,0,30,7,2,0
2270,2024-04-18 03:32:00,Heads up: data breach expected later this week.,news,neutral,en,0,100,33,23,0
1967,2024-01-27 00:18:00,Livestream starts at 10am! Don’t miss the community fair.,event,neutral,en,0,55,17,13,0
2466,2024-08-12 02:55:00,Photos from music festival are up—tag yourself!,event,neutral,en,1,93,25,20,0
3856,2024-10-07 18:46:00,Not impressed with Initech's coffee maker build quality.,product_feedback,negative,en,1,10,2,2,0
1351,2025-04-01 23:09:00,Breaking: data breach just happened in Mumbai. Details emerging. #Sale,news,positive,en,0,93,26,23,0
3297,2025-07-25 14:52:00,Thanks Initech support for resolving my issue fast!,customer_support,negative,en,1,12,2,1,0
113,2023-06-21 02:52:00,POV: You at 8am meetings 🥲🥲,meme_joke,positive,en,0,36,7,7,0
3134,2025-04-19 17:54:00,Mental health matters. Take a break. 🎉,health_wellness,positive,en,0,25,5,3,0
264,2025-02-24 19:31:00,Transfer rumor: M. Khan to Tigers?,sports,positive,en,1,14,5,2,0
1394,2025-05-02 12:31:00,Countdown to book club: only 9 days left!,event,positive,en,0,42,8,4,0
1879,2024-08-10 19:01:00,The Acme app keeps crashing after update.,customer_support,negative,en,0,4,0,0,0
1187,2025-06-20 14:04:00,Feeling grateful today! 😀 #Sale,personal_update,positive,en,0,27,5,3,0
3072,2024-11-27 20:31:00,Opinion: climate action will impact small businesses the most.,politics,neutral,hi,0,51,9,8,0
57,2024-04-26 09:34:00,Report: policy change could affect seniors.,news,neutral,en,0,86,31,18,0
1310,2025-04-10 20:42:00,The Umbrella app keeps crashing after update.,customer_support,neutral,en,0,7,1,1,0
696,2025-03-06 16:19:00,Countdown to charity run: only 3 days left!,event,neutral,hi,0,29,7,2,0
2953,2023-11-16 11:54:00,Missed my mom today. 😂,personal_update,neutral,en,1,35,8,2,0
1727,2023-06-05 21:15:00,POV: You at 8am meetings 🤔🤔,meme_joke,neutral,es,0,71,19,16,0
2092,2023-06-03 21:28:00,Just had biryani with friends. So good! 😴,personal_update,neutral,hi,0,48,14,4,0
3870,2024-09-29 11:42:00,Starting a 30-day running challenge. Who’s in?,health_wellness,positive,hi,0,69,27,19,0
320,2025-04-25 00:08:00,Missed my mom today. 😀,personal_update,neutral,en,0,44,5,4,0
4321,2023-12-22 22:10:00,Livestream starts at 2pm! Don’t miss the community fair.,event,positive,en,0,36,10,4,0
683,2023-06-15 18:03:00,Report: policy change could affect small businesses.,news,neutral,fr,1,110,19,12,0
3842,2023-05-07 05:38:00,Just had biryani with friends. So good! 🎉,personal_update,positive,en,0,30,3,3,0
3214,2024-08-26 03:16:00,Use code DEAL50 for free shipping on coffee maker.,promotion,negative,fr,0,19,1,3,0
2003,2024-08-24 11:01:00,Not impressed with Globex's smartwatch build quality.,product_feedback,positive,en,0,24,3,6,0
4783,2024-01-05 16:19:00,Record broken: L. Chen sets new high for aces.,sports,positive,en,0,112,27,22,0
4151,2024-06-22 11:08:00,Buy 1 get 1 on all coffee maker until Saturday.,promotion,neutral,en,1,48,15,7,0
287,2024-06-25 16:57:00,New drop: coffee maker! Grab yours today.,promotion,positive,en,1,15,3,1,1
1889,2023-06-13 08:29:00,Exclusive: sneakers bundle for $65!,promotion,negative,en,1,34,4,4,0
2338,2024-09-07 07:53:00,"New day, new goals. #Sports 😂",personal_update,positive,en,0,14,2,3,0
2521,2025-03-30 22:26:00,Join us at the tech summit this Saturday! Tickets available now. #Event,event,positive,de,1,101,23,11,0
2278,2025-03-06 10:47:00,Reminder: drink water and stretch today! 🙌,health_wellness,neutral,en,0,23,4,6,0
2128,2024-10-24 13:52:00,Updating to say laptop performance improved after patch.,product_feedback,positive,es,1,60,18,8,0
3500,2024-05-13 03:20:00,Me: I’ll sleep early. Also me at 3am: 🥲,meme_joke,neutral,hi,1,147,54,23,0
4212,2024-07-14 05:30:00,Join us at the tech summit this Monday! Tickets available now. #Breaking,event,neutral,en,0,26,4,2,0
2084,2024-04-01 13:40:00,Buy 1 get 1 on all smartwatch until Saturday.,promotion,neutral,en,0,22,6,5,0
737,2023-02-16 04:42:00,Transfer rumor: A. Singh to United?,sports,negative,es,0,78,27,18,0
4802,2025-01-12 12:26:00,Missed my brother today. 💪,personal_update,positive,en,0,58,6,16,0
337,2023-11-02 03:07:00,Loving the new Stark headphones! Battery lasts all day.,product_feedback,negative,fr,0,36,4,8,0
2597,2023-02-14 19:53:00,Tough loss for Tigers. Refs were wild.,sports,negative,fr,1,87,29,11,0
2772,2023-04-20 04:37:00,Tough loss for United. Refs were wild.,sports,neutral,en,1,15,4,0,0
3705,2025-04-06 06:28:00,New drop: coffee maker! Grab yours today.,promotion,positive,fr,0,56,21,8,0
4405,2025-01-24 23:42:00,"New day, new goals. #Tech 🎉",personal_update,positive,de,0,58,18,5,0
1072,2025-07-26 08:17:00,Breaking: power outage just happened in Berlin. Details emerging. #Health,news,neutral,en,0,39,12,7,0
2291,2024-11-28 21:45:00,Report: market rally could affect seniors.,news,neutral,en,0,84,8,19,0
1673,2025-05-02 19:41:00,In-depth: What weather alert means for Toronto.,news,positive,en,1,35,11,9,0
4084,2025-07-15 11:00:00,Reminder: drink water and stretch today! 😂,health_wellness,positive,es,0,64,20,9,0
4251,2024-09-25 18:13:00,Use code DEAL50 for free shipping on sneakers.,promotion,positive,fr,0,27,7,3,0
4114,2025-03-10 08:55:00,Fact check: claims about tax policy and taxes.,politics,positive,en,0,40,6,11,0
4409,2023-03-04 03:52:00,Exclusive: laptop bundle for $86!,promotion,neutral,en,1,15,3,1,0
3367,2024-06-17 14:08:00,This cat has more confidence than me 🙌,meme_joke,positive,en,0,19,5,5,0
1489,2025-01-19 13:30:00,Matchday! City vs City at 8pm. Predictions?,sports,neutral,es,0,75,19,14,0
499,2023-12-15 17:43:00,Feature request: please add faster charging to smartwatch.,product_feedback,positive,en,0,52,8,11,0
4383,2023-06-01 02:49:00,Photos from tech summit are up—tag yourself!,event,neutral,de,0,63,24,14,0
3480,2024-03-18 19:09:00,Rally at Sydney calling for education reform reform.,politics,negative,en,0,21,4,4,0
2582,2024-01-01 14:30:00,Tried Mediterranean for a week—here’s how I feel.,health_wellness,neutral,fr,0,50,11,14,0
3124,2024-08-05 10:56:00,Record broken: K. Garcia sets new high for points.,sports,neutral,fr,0,51,11,13,0
2922,2025-02-07 14:31:00,Weekend vibes at the New York! 🤔,personal_update,positive,en,0,21,8,5,0
4378,2024-01-12 18:26:00,FLASH SALE: headphones at 10% off. Limited time! #Breaking,promotion,neutral,en,1,46,6,13,0
2645,2024-06-11 23:48:00,Exclusive: laptop bundle for $246!,promotion,neutral,en,1,33,11,2,0
4287,2024-11-03 04:24:00,"New day, new goals. #Tech 😅",personal_update,positive,en,0,13,4,3,0
4041,2024-04-22 09:59:00,Reminder: drink water and stretch today! 💖,health_wellness,neutral,en,0,5,1,1,0
2035,2024-04-14 18:44:00,Weekend vibes at the Berlin! 💖,personal_update,neutral,en,0,39,10,9,0
1023,2024-03-23 07:32:00,POV: You at 8am meetings 😅😅,meme_joke,positive,en,0,137,38,14,0
2283,2024-06-09 10:45:00,Breaking: power outage just happened in Sydney. Details emerging. #Sale,news,neutral,en,0,85,24,12,0
4887,2025-03-19 16:15:00,Feature request: please add faster charging to laptop.,product_feedback,neutral,en,0,32,7,4,0
4220,2024-01-21 05:49:00,POV: You at 8am meetings 😴😴,meme_joke,neutral,de,0,104,41,16,0
3064,2024-02-28 23:39:00,Matchday! Tigers vs Royals at 2pm. Predictions?,sports,positive,fr,0,83,23,13,0
4366,2024-06-26 11:20:00,When you open the fridge and forget why you came: 😀 #relatable,meme_joke,positive,de,0,147,29,12,0
666,2023-06-19 22:07:00,Friend: ‘We should work out.’ Us: 💖,meme_joke,positive,en,0,122,24,16,0
3933,2023-09-30 00:02:00,Report: power outage could affect students.,news,positive,fr,1,99,16,28,0
2639,2023-10-21 10:05:00,Just had ramen with friends. So good! 🥲,personal_update,neutral,en,1,18,5,4,0
3177,2024-09-25 02:43:00,Feeling grateful today! 😴 #Fitness,personal_update,positive,de,1,20,3,5,0
4266,2024-12-26 17:32:00,New drop: smartwatch! Grab yours today.,promotion,positive,en,0,66,22,3,0
3122,2023-10-27 02:09:00,Feeling meh today! 😴 #MondayMotivation,personal_update,positive,en,0,72,21,4,0
1018,2025-07-11 23:33:00,New bill on climate action passes in Berlin.,politics,positive,en,1,83,31,22,0
558,2025-03-22 07:20:00,Buy 1 get 1 on all coffee maker until Monday.,promotion,positive,de,0,27,2,5,0
2400,2024-10-05 08:35:00,Tried low-carb for a week—here’s how I feel.,health_wellness,negative,es,1,27,5,1,0
1208,2025-01-06 22:22:00,In-depth: What power outage means for New York.,news,neutral,de,1,13,3,1,0
2006,2023-02-02 11:53:00,Missed my dad today. 😅,personal_update,positive,en,0,75,13,6,0
2657,2025-05-20 12:41:00,Weekend vibes at the London! 😅,personal_update,positive,de,0,53,11,3,0
2136,2023-12-23 20:07:00,"New day, new goals. #News 💪",personal_update,positive,en,0,40,4,5,0
1511,2024-01-13 16:25:00,FLASH SALE: sneakers at 15% off. Limited time! #Health,promotion,neutral,en,0,15,3,1,0
1737,2024-12-02 22:28:00,In-depth: What weather alert means for London.,news,neutral,de,1,99,13,18,0
246,2025-01-16 08:12:00,Transfer rumor: R. Patel to Royals?,sports,positive,en,1,78,27,21,0
1164,2024-05-31 03:39:00,Heads up: policy change expected later this week.,news,neutral,hi,1,17,2,4,0
3363,2023-01-15 12:54:00,Use code SAVE20 for free shipping on headphones.,promotion,positive,hi,1,25,7,7,0
267,2023-07-26 08:55:00,Loving the new Umbrella coffee maker! Battery lasts all day.,product_feedback,positive,fr,0,20,5,5,0
2367,2024-03-20 08:09:00,Meetup at Sydney for community fair. RSVP below.,event,positive,es,1,59,20,10,0
1115,2023-10-06 12:06:00,Fact check: claims about climate action and taxes.,politics,negative,en,0,7,1,0,0
64,2023-08-30 01:42:00,Friend: ‘We should work out.’ Us: 🥲,meme_joke,neutral,en,0,12,2,1,0
2593,2025-03-28 18:08:00,Having trouble logging into my Stark account—any fix?,customer_support,negative,en,0,0,0,0,0
2789,2023-12-07 16:36:00,Rally at Sydney calling for healthcare reform.,politics,neutral,en,0,44,15,7,0
2758,2023-10-08 00:46:00,Feeling happy today! 🤷 #Sports,personal_update,positive,fr,0,59,6,6,0
3012,2024-11-28 12:09:00,Me: I’ll sleep early. Also me at 3am: 😀,meme_joke,positive,hi,0,102,38,23,0
3077,2024-11-27 01:27:00,Debate tonight on privacy law. What are your thoughts?,politics,neutral,en,1,14,4,2,0
2999,2023-07-05 11:19:00,Tigers with an unbelievable win tonight! #Tech,sports,negative,de,0,81,26,11,0
2816,2025-07-13 23:09:00,In-depth: What data breach means for Mumbai.,news,neutral,fr,1,14,2,2,0
2260,2024-07-06 01:58:00,Join us at the community fair this Sunday! Tickets available now. #Event,event,positive,en,1,42,13,11,0
4959,2024-03-09 02:58:00,Meetup at Toronto for charity run. RSVP below.,event,positive,en,1,52,9,12,0
3205,2023-04-15 03:52:00,Use code FREESHIP for free shipping on headphones.,promotion,neutral,en,0,17,5,0,0
1238,2024-07-02 09:04:00,Friend: ‘We should work out.’ Us: 💪,meme_joke,positive,hi,0,73,16,13,0
104,2024-07-20 01:53:00,This cat has more confidence than me 💖,meme_joke,neutral,es,1,115,44,22,0
2644,2024-10-10 06:44:00,Updating to say headphones performance improved after patch.,product_feedback,positive,fr,1,29,6,2,0
273,2023-01-04 20:52:00,Rally at London calling for education reform reform.,politics,neutral,hi,0,64,16,13,0
509,2025-08-03 06:00:00,Fact check: claims about privacy law and taxes.,politics,neutral,de,0,52,10,10,0
2227,2024-01-16 07:45:00,Buy 1 get 1 on all smartwatch until Saturday.,promotion,neutral,en,0,39,14,7,0
4934,2023-09-30 02:23:00,Not impressed with Stark's laptop build quality.,product_feedback,negative,en,0,38,4,8,0
2442,2023-07-10 12:34:00,Exclusive: sneakers bundle for $103!,promotion,positive,en,0,59,10,4,0
866,2025-05-20 20:53:00,Matchday! City vs Royals at 6pm. Predictions?,sports,negative,en,1,49,19,11,0
3327,2024-02-23 06:48:00,Join us at the charity run this Saturday! Tickets available now. #Tech,event,positive,en,1,21,4,3,0
909,2025-03-25 11:52:00,Meetup at Sydney for music festival. RSVP below.,event,positive,es,0,63,7,13,0
2115,2024-09-15 12:52:00,Friend: ‘We should work out.’ Us: 💪,meme_joke,positive,hi,0,23,9,3,0
3897,2023-09-09 20:52:00,Breaking: market rally just happened in Toronto. Details emerging. #Health,news,neutral,en,1,53,6,8,0
1628,2024-08-22 21:10:00,Heads up: policy change expected later this week.,news,neutral,en,1,54,20,5,0
2874,2023-08-15 06:40:00,Missed my dad today. 💖,personal_update,neutral,es,0,8,2,1,0
1523,2024-08-18 02:25:00,Missed my mom today. 😂,personal_update,neutral,en,0,48,11,11,0
836,2024-03-09 19:11:00,New drop: smartwatch! Grab yours today.,promotion,positive,en,1,51,11,11,0
359,2024-02-17 19:53:00,Breaking: concert announcement just happened in Berlin. Details emerging. #Tech,news,neutral,fr,0,72,20,5,0
139,2024-07-04 18:16:00,Feeling happy today! 🤷 #LOL,personal_update,negative,fr,0,54,13,6,0
300,2023-09-06 06:52:00,Having trouble logging into my Stark account—any fix?,customer_support,neutral,en,0,18,7,5,0
1557,2023-01-31 21:25:00,Weekend vibes at the Berlin! 🙌,personal_update,neutral,en,0,42,16,9,0
1004,2025-03-29 09:47:00,"New day, new goals. #Event 🤔",personal_update,positive,fr,0,16,4,2,0
383,2025-03-17 03:06:00,New bill on tax policy passes in Mumbai.,politics,neutral,en,0,69,19,11,0
942,2025-06-09 09:17:00,The headphones design is sleek but camera needs work.,product_feedback,positive,en,0,45,16,9,0
4447,2024-08-09 00:48:00,"New day, new goals. #Breaking 😀",personal_update,negative,fr,0,38,10,2,0
4855,2024-01-01 11:54:00,Join us at the charity run this Tuesday! Tickets available now. #News,event,neutral,fr,0,77,19,16,0
762,2023-01-20 17:57:00,New drop: smartwatch! Grab yours today.,promotion,neutral,en,1,33,12,9,0
1706,2023-06-07 22:19:00,Report: power outage could affect commuters.,news,neutral,hi,0,40,13,5,0
1874,2023-10-05 03:54:00,"New day, new goals. #Tech 🔥",personal_update,positive,fr,0,47,17,8,0
2551,2024-07-19 19:46:00,Thanks Initech support for resolving my issue fast!,customer_support,negative,de,0,3,1,0,0
2087,2023-02-07 14:14:00,Weekend vibes at the Toronto! 🤔,personal_update,negative,en,0,33,12,3,0
2198,2024-04-03 11:03:00,"Refund request for defective smartwatch, DM sent.",customer_support,neutral,en,0,13,3,0,0
899,2023-08-11 10:39:00,Heads up: concert announcement expected later this week.,news,neutral,de,1,26,9,6,0
4000,2024-05-12 19:48:00,Meetup at Toronto for charity run. RSVP below.,event,negative,de,1,7,2,1,0
3616,2024-05-22 23:45:00,Heads up: policy change expected later this week.,news,positive,en,0,49,14,13,0
1403,2024-07-16 15:17:00,Join us at the charity run this Thursday! Tickets available now. #Health,event,neutral,en,1,40,9,8,0
3874,2023-07-09 09:40:00,Public health update: policy change cases rising in New York.,health_wellness,positive,en,0,12,2,0,0
3786,2023-01-29 05:16:00,"New day, new goals. #Sale 🎉",personal_update,positive,en,0,63,7,8,0
4387,2023-11-27 15:47:00,When you open the fridge and forget why you came: 🥲 #relatable,meme_joke,positive,es,1,32,8,6,0
2956,2024-08-17 14:55:00,Transfer rumor: A. Singh to Warriors?,sports,positive,en,1,68,16,3,0
1513,2023-10-30 14:29:00,Weekend vibes at the Delhi! 🤷,personal_update,positive,en,1,67,21,14,0
1189,2024-06-05 13:03:00,New bill on climate action passes in Sydney.,politics,neutral,en,0,11,1,1,0
2990,2024-12-23 16:51:00,Countdown to charity run: only 13 days left!,event,positive,en,1,81,13,17,0
2081,2023-04-21 15:20:00,Opinion: healthcare will impact seniors the most.,politics,neutral,es,0,14,1,2,0
4984,2024-10-14 08:06:00,The headphones design is sleek but camera needs work.,product_feedback,neutral,en,1,30,6,6,0
3438,2023-02-12 14:43:00,Countdown to music festival: only 14 days left!,event,positive,hi,1,84,29,22,0
109,2024-09-30 12:37:00,Tough loss for United. Refs were wild.,sports,positive,en,0,65,12,11,0
4699,2023-10-04 16:05:00,Missed my dad today. 😴,personal_update,negative,hi,1,41,4,6,0
2828,2024-05-31 15:26:00,"New day, new goals. #LOL 😂",personal_update,positive,en,0,24,7,4,0
4748,2023-02-10 18:22:00,Opinion: healthcare will impact small businesses the most.,politics,positive,hi,0,52,13,12,0
59,2025-06-12 22:40:00,Just had tacos with friends. So good! 🤔,personal_update,negative,en,1,40,7,10,0
77,2024-10-02 15:38:00,Missed my brother today. 😴,personal_update,neutral,en,0,28,4,3,0
797,2023-10-22 08:01:00,"New day, new goals. #Event 🤔",personal_update,positive,en,1,53,13,5,0
369,2023-02-02 03:33:00,Tried Mediterranean for a week—here’s how I feel.,health_wellness,positive,en,0,31,5,5,0
4906,2024-11-20 16:29:00,Weekend vibes at the Toronto! 😅,personal_update,negative,en,0,50,9,3,0
786,2024-02-28 18:08:00,Matchday! Lions vs City at 8pm. Predictions?,sports,positive,es,0,58,16,7,0
2089,2024-01-17 01:35:00,New drop: smartwatch! Grab yours today.,promotion,neutral,en,0,46,10,3,0
2315,2023-04-14 15:02:00,Record broken: A. Singh sets new high for goals.,sports,positive,en,0,71,8,19,0
3385,2024-02-02 22:40:00,Join us at the community fair this Monday! Tickets available now. #Sale,event,positive,hi,0,15,2,3,0
3606,2025-03-10 17:07:00,Missed my mom today. 😴,personal_update,positive,en,0,55,9,5,0
4112,2023-03-22 21:11:00,Buy 1 get 1 on all laptop until Monday.,promotion,neutral,es,0,50,7,13,0
1903,2024-06-26 17:04:00,Feature request: please add offline sync to smartwatch.,product_feedback,neutral,en,0,33,8,9,0
1704,2023-03-21 03:56:00,Just had paneer tikka with friends. So good! 😴,personal_update,neutral,de,0,55,5,3,0
122,2023-02-24 21:03:00,Exclusive: laptop bundle for $110!,promotion,neutral,en,1,36,4,5,0
1845,2025-06-13 13:08:00,The Acme app keeps crashing after update.,customer_support,negative,en,0,11,1,0,0
2370,2023-05-14 00:24:00,Feature request: please add dark mode to headphones.,product_feedback,negative,en,0,36,10,10,0
3729,2024-02-11 15:22:00,Me: I’ll sleep early. Also me at 3am: 🤷,meme_joke,positive,en,0,117,36,15,0
911,2023-11-14 12:06:00,Photos from charity run are up—tag yourself!,event,neutral,es,0,38,9,6,0
125,2025-04-23 20:00:00,Transfer rumor: M. Khan to United?,sports,negative,en,0,83,21,24,0
2573,2024-06-13 23:33:00,"New day, new goals. #News 💖",personal_update,negative,en,0,32,6,4,0
1587,2024-02-21 11:29:00,Missed my brother today. 😴,personal_update,neutral,fr,0,59,10,7,0
1258,2025-04-26 02:16:00,"Refund request for defective coffee maker, DM sent.",customer_support,negative,en,0,1,0,0,0
3442,2023-04-16 09:13:00,Debate tonight on privacy law. What are your thoughts?,politics,positive,de,0,71,10,5,0
3481,2024-05-24 03:17:00,Opinion: tax policy will impact commuters the most.,politics,neutral,es,0,23,6,3,0
4109,2023-03-03 19:50:00,Public health update: data breach cases rising in Berlin.,health_wellness,positive,en,1,54,19,5,0
1179,2024-10-14 14:01:00,Buy 1 get 1 on all coffee maker until Monday.,promotion,neutral,es,1,40,13,2,1
3464,2024-02-12 06:32:00,In-depth: What concert announcement means for New York.,news,negative,en,1,83,14,4,0
3470,2023-01-17 23:57:00,Breaking: weather alert just happened in London. Details emerging. #MondayMotivation,news,positive,es,1,66,9,3,0
3468,2023-05-30 18:02:00,Me: I’ll sleep early. Also me at 3am: 💖,meme_joke,neutral,es,0,68,16,4,0
2104,2023-05-15 04:26:00,Exclusive: headphones bundle for $285!,promotion,neutral,en,0,17,5,4,1
443,2024-08-04 05:06:00,The Stark app keeps crashing after update.,customer_support,negative,en,0,0,0,0,0
2228,2023-01-03 00:06:00,Opinion: education reform will impact students the most.,politics,neutral,hi,0,6,2,0,0
4417,2025-07-21 04:15:00,FLASH SALE: laptop at 20% off. Limited time! #Sale,promotion,positive,en,1,35,7,7,0
926,2024-04-22 20:15:00,Feeling grateful today! 😀 #MondayMotivation,personal_update,positive,es,0,68,20,19,0
4021,2024-08-03 04:10:00,Weekend vibes at the Delhi! 🙌,personal_update,neutral,en,0,56,16,8,0
2146,2025-01-02 03:40:00,Friend: ‘We should work out.’ Us: 😅,meme_joke,positive,en,0,87,10,22,0
4771,2023-05-18 01:02:00,Public health update: data breach cases rising in Berlin.,health_wellness,positive,en,1,83,12,16,0
1412,2023-09-06 00:56:00,Buy 1 get 1 on all headphones until Wednesday.,promotion,neutral,hi,0,6,2,1,0
3467,2024-05-26 07:34:00,Just had paneer tikka with friends. So good! 🤔,personal_update,negative,es,0,19,4,4,0
2073,2024-06-17 10:15:00,Weekend vibes at the Berlin! 😀,personal_update,negative,en,0,30,8,1,0
1510,2025-04-07 09:14:00,Feeling excited today! 😂 #Breaking,personal_update,neutral,en,0,13,2,2,0
1228,2025-03-01 17:15:00,Loving the new Globex smartwatch! Battery lasts all day.,product_feedback,positive,hi,1,46,13,12,0
4073,2025-04-15 10:53:00,The headphones design is sleek but camera needs work.,product_feedback,positive,en,0,33,9,5,0
2586,2023-02-25 18:32:00,Transfer rumor: M. Khan to Warriors?,sports,positive,en,0,87,16,25,0
4451,2024-11-16 14:19:00,New bill on privacy law passes in New York.,politics,neutral,hi,0,54,15,15,0
2952,2024-05-19 23:01:00,Missed my grandma today. 💖,personal_update,neutral,fr,0,30,3,2,0
3886,2023-01-03 09:06:00,FLASH SALE: sneakers at 70% off. Limited time! #News,promotion,positive,es,1,27,8,5,0
325,2023-03-13 05:11:00,Breaking: power outage just happened in Toronto. Details emerging. #LOL,news,neutral,hi,1,98,16,12,0
3978,2025-03-19 21:16:00,"Hi Globex, my order #13821 hasn’t arrived. Please help.",customer_support,negative,de,0,15,4,0,0
3577,2025-03-12 15:28:00,Weekend vibes at the New York! 😴,personal_update,neutral,es,0,41,8,6,0
2212,2023-03-25 09:52:00,"New day, new goals. #News 🤔",personal_update,positive,en,0,62,15,16,0
3299,2023-10-01 07:14:00,Meetup at Delhi for tech summit. RSVP below.,event,positive,de,0,82,9,13,0
3036,2025-02-24 16:29:00,Exclusive: laptop bundle for $133!,promotion,positive,en,1,32,9,2,0
1499,2024-04-06 21:50:00,Countdown to book club: only 10 days left!,event,positive,en,0,50,18,10,0
1503,2023-11-12 16:14:00,Fact check: claims about healthcare and taxes.,politics,negative,en,0,16,2,4,0
1007,2024-02-15 00:06:00,Rally at Berlin calling for climate action reform.,politics,neutral,en,1,73,16,16,0
4180,2024-06-12 00:13:00,The Acme app keeps crashing after update.,customer_support,negative,de,0,1,0,0,0
3014,2024-07-03 19:15:00,The Umbrella app keeps crashing after update.,customer_support,positive,en,0,7,1,0,0
3517,2023-06-29 04:18:00,New drop: coffee maker! Grab yours today.,promotion,positive,de,1,15,3,0,0
1468,2025-02-23 05:36:00,The Initech app keeps crashing after update.,customer_support,negative,en,0,2,0,0,0
1226,2023-10-30 00:35:00,In-depth: What market rally means for Mumbai.,news,neutral,en,1,22,2,5,0
3168,2025-04-01 10:16:00,Feeling excited today! 😀 #News,personal_update,neutral,fr,0,33,5,3,0
2268,2024-03-21 22:10:00,Updating to say coffee maker performance improved after patch.,product_feedback,neutral,en,0,7,1,1,0
3809,2023-07-23 16:20:00,Updating to say coffee maker performance improved after patch.,product_feedback,positive,en,0,42,9,11,0
1217,2023-06-26 14:51:00,Use code WELCOME10 for free shipping on sneakers.,promotion,positive,en,1,45,7,11,0
3977,2024-08-15 14:15:00,Fact check: claims about privacy law and taxes.,politics,neutral,de,0,35,6,4,0
4585,2025-02-16 21:28:00,Just had sushi with friends. So good! 💖,personal_update,neutral,fr,0,21,5,3,0
421,2025-08-01 05:22:00,Heads up: weather alert expected later this week.,news,positive,fr,0,49,9,14,0
3423,2025-04-09 12:42:00,The smartwatch design is sleek but camera needs work.,product_feedback,neutral,es,0,28,10,7,0
7,2024-07-07 00:05:00,Feeling excited today! 🔥 #Tech,personal_update,neutral,en,0,59,15,3,0
933,2024-10-06 12:20:00,Latest update on policy change: authorities confirm new info.,news,neutral,en,0,99,22,26,0
1692,2023-11-29 15:34:00,Updating to say coffee maker performance improved after patch.,product_feedback,positive,en,0,46,5,11,0
440,2023-06-06 04:32:00,Tried keto for a week—here’s how I feel.,health_wellness,positive,hi,0,10,1,1,0
1314,2024-07-05 01:44:00,Reminder: drink water and stretch today! 💪,health_wellness,neutral,hi,0,68,22,3,0
679,2024-02-12 10:16:00,Debate tonight on privacy law. What are your thoughts?,politics,positive,en,0,32,12,1,0
1944,2025-06-24 15:01:00,"Hi Stark, my order #71105 hasn’t arrived. Please help.",customer_support,negative,de,0,2,0,0,0
4611,2024-10-16 17:36:00,Exclusive: sneakers bundle for $177!,promotion,positive,fr,1,15,5,2,0
3304,2023-12-24 03:00:00,In-depth: What weather alert means for Toronto.,news,neutral,hi,1,19,2,2,0
2269,2024-05-12 08:35:00,Heads up: weather alert expected later this week.,news,neutral,de,0,41,11,11,0
4634,2024-11-17 18:39:00,Transfer rumor: J. Smith to Tigers?,sports,neutral,en,0,60,6,13,0
4081,2024-02-08 14:47:00,Loving the new Umbrella sneakers! Battery lasts all day.,product_feedback,positive,hi,0,19,2,1,0
2519,2024-12-08 23:11:00,Join us at the tech summit this Saturday! Tickets available now. #Sale,event,positive,de,1,84,24,19,0
2440,2025-07-25 07:42:00,"New day, new goals. #LOL 😅",personal_update,negative,en,0,18,3,3,0
4038,2023-03-04 12:00:00,Use code SAVE20 for free shipping on sneakers.,promotion,neutral,en,0,50,13,9,0
1894,2024-03-14 13:01:00,New drop: laptop! Grab yours today.,promotion,neutral,en,1,26,6,4,0
4245,2023-01-18 10:57:00,Transfer rumor: R. Patel to City?,sports,positive,hi,0,29,7,4,0
4830,2023-07-30 18:34:00,"New day, new goals. #News 💪",personal_update,negative,en,0,51,10,5,0
2641,2024-12-05 16:43:00,Mental health matters. Take a break. 🤔,health_wellness,positive,fr,0,64,8,13,0
195,2023-05-22 22:25:00,Friend: ‘We should work out.’ Us: 😴,meme_joke,neutral,en,0,16,6,2,0
1475,2023-09-30 19:03:00,"Hi Umbrella, my order #85602 hasn’t arrived. Please help.",customer_support,negative,en,0,15,5,1,0
4617,2025-07-27 03:53:00,"Hi Acme, my order #80231 hasn’t arrived. Please help.",customer_support,negative,en,1,5,0,0,0
1212,2025-02-18 09:11:00,Me: I’ll sleep early. Also me at 3am: 🥲,meme_joke,positive,fr,0,93,9,24,0
2439,2024-07-23 05:35:00,Loving the new Initech sneakers! Battery lasts all day.,product_feedback,positive,en,0,11,2,3,0
1658,2024-12-17 18:47:00,"New day, new goals. #MondayMotivation 🙌",personal_update,positive,en,0,45,13,10,0
2701,2024-10-07 02:25:00,Public health update: data breach cases rising in Sydney.,health_wellness,positive,fr,0,5,1,0,0
3083,2025-01-28 21:47:00,Reminder: drink water and stretch today! 😴,health_wellness,neutral,de,0,66,12,13,0
2706,2025-07-29 06:03:00,When you open the fridge and forget why you came: 🤷 #relatable,meme_joke,neutral,en,0,10,3,2,0
4227,2024-12-29 06:56:00,Just had sushi with friends. So good! 💖,personal_update,neutral,en,0,39,11,5,0
2843,2024-07-29 02:56:00,Countdown to charity run: only 5 days left!,event,positive,de,1,62,6,10,0
2303,2025-07-07 08:09:00,Feature request: please add faster charging to laptop.,product_feedback,positive,en,0,24,4,2,0
1131,2024-04-21 10:31:00,Buy 1 get 1 on all smartwatch until Tuesday.,promotion,positive,en,1,55,17,7,0
1462,2024-11-15 12:18:00,"New day, new goals. #MondayMotivation 😂",personal_update,positive,en,0,12,2,2,0
277,2024-04-29 11:48:00,The laptop design is sleek but camera needs work.,product_feedback,negative,es,0,35,7,5,0
2223,2024-11-16 07:44:00,Not impressed with Globex's headphones build quality.,product_feedback,negative,en,0,12,1,0,0
2332,2025-04-06 02:56:00,Breaking: concert announcement just happened in London. Details emerging. #Tech,news,neutral,en,0,39,6,5,0
4323,2023-02-27 22:05:00,The laptop design is sleek but camera needs work.,product_feedback,positive,de,0,20,2,3,0
1303,2023-06-30 11:02:00,Weekend vibes at the London! 😴,personal_update,positive,en,0,65,22,8,0
2518,2023-11-25 05:10:00,When you open the fridge and forget why you came: 🙌 #relatable,meme_joke,neutral,de,0,125,49,15,0
223,2023-06-04 17:54:00,Feature request: please add noise cancellation to laptop.,product_feedback,negative,fr,0,20,6,3,0
2037,2025-05-19 13:09:00,Rally at Sydney calling for education reform reform.,politics,neutral,en,0,35,6,2,0
1925,2023-09-14 12:36:00,Join us at the tech summit this Thursday! Tickets available now. #LOL,event,negative,hi,1,57,11,2,0
574,2025-02-16 22:58:00,Feeling grateful today! 🔥 #LOL,personal_update,positive,en,0,12,1,3,0
1237,2025-02-27 01:30:00,Lions with an unbelievable win tonight! #Breaking,sports,positive,en,0,44,11,8,0
3545,2024-06-19 18:31:00,"New day, new goals. #Tech 😴",personal_update,positive,en,0,41,13,8,0
2134,2023-08-06 00:30:00,FLASH SALE: headphones at 20% off. Limited time! #Sale,promotion,neutral,en,1,8,2,1,0
1335,2024-01-05 12:23:00,Tried vegan for a week—here’s how I feel.,health_wellness,positive,fr,0,60,23,3,0
2458,2023-11-15 22:09:00,Just had tacos with friends. So good! 💪,personal_update,negative,de,0,24,4,3,0
419,2023-10-12 06:52:00,Thanks Globex support for resolving my issue fast!,customer_support,negative,fr,0,0,0,0,0
4915,2024-01-04 19:40:00,Exclusive: headphones bundle for $285!,promotion,positive,de,1,21,2,1,0
1105,2024-03-06 15:30:00,This cat has more confidence than me 💖,meme_joke,negative,en,0,42,9,11,0
258,2024-05-15 00:11:00,POV: You at 8am meetings 🔥🔥,meme_joke,positive,en,0,55,6,12,0
296,2024-10-04 19:00:00,Loving the new Globex headphones! Battery lasts all day.,product_feedback,positive,en,0,51,6,4,0
2362,2023-11-21 16:44:00,New drop: laptop! Grab yours today.,promotion,neutral,en,0,45,11,6,1
387,2024-04-20 03:34:00,Mental health matters. Take a break. 😀,health_wellness,positive,en,0,36,9,7,0
3309,2023-06-20 19:09:00,"Hi Stark, my order #65849 hasn’t arrived. Please help.",customer_support,negative,de,1,11,4,3,0
4014,2023-03-15 14:30:00,Meetup at Berlin for tech summit. RSVP below.,event,positive,en,0,42,4,10,0
2232,2025-04-09 09:19:00,When you open the fridge and forget why you came: 😂 #relatable,meme_joke,neutral,en,0,68,25,12,0
2555,2025-05-30 13:00:00,Matchday! United vs Lions at 10am. Predictions?,sports,positive,es,1,93,14,9,0
4336,2023-07-19 21:01:00,Meetup at New York for charity run. RSVP below.,event,positive,en,1,49,11,6,0
3516,2023-10-15 13:46:00,Exclusive: smartwatch bundle for $257!,promotion,neutral,hi,1,37,6,8,1
1840,2024-07-15 14:50:00,Lions with an unbelievable win tonight! #Event,sports,positive,fr,0,77,14,21,0
4385,2024-04-20 07:23:00,Fact check: claims about education reform and taxes.,politics,positive,en,0,27,10,5,0
1564,2023-10-06 21:58:00,Updating to say headphones performance improved after patch.,product_feedback,positive,en,1,39,14,4,0
2016,2024-01-17 01:04:00,Weekend vibes at the London! 😀,personal_update,neutral,en,0,60,8,13,0
1401,2023-05-16 00:53:00,FLASH SALE: sneakers at 40% off. Limited time! #MondayMotivation,promotion,positive,en,1,60,16,4,0
713,2024-07-05 18:22:00,Transfer rumor: R. Patel to United?,sports,positive,en,0,36,13,3,0
2421,2024-04-12 22:38:00,Missed my grandma today. 🙌,personal_update,positive,en,1,70,12,9,0
2620,2023-03-06 07:14:00,Meetup at Sydney for book club. RSVP below.,event,positive,en,1,65,9,6,0
210,2024-06-16 15:50:00,Updating to say headphones performance improved after patch.,product_feedback,neutral,fr,0,8,2,1,0
4945,2023-12-30 16:04:00,Matchday! Tigers vs United at 6pm. Predictions?,sports,positive,en,0,51,10,11,0
1290,2025-07-06 00:18:00,Mental health matters. Take a break. 🔥,health_wellness,positive,hi,1,73,20,19,0
450,2024-06-02 14:04:00,Weekend vibes at the New York! 🤔,personal_update,neutral,de,0,42,15,10,0
4092,2023-02-24 13:30:00,Buy 1 get 1 on all coffee maker until Saturday.,promotion,neutral,hi,0,9,2,0,1
2570,2023-03-07 15:59:00,In-depth: What policy change means for Toronto.,news,neutral,es,1,89,18,25,0
1821,2023-11-18 21:46:00,Matchday! Tigers vs Warriors at 10am. Predictions?,sports,positive,es,0,10,3,0,0
959,2024-11-24 13:57:00,New drop: headphones! Grab yours today.,promotion,positive,de,1,12,4,1,0
1794,2024-01-01 02:05:00,In-depth: What policy change means for Mumbai.,news,positive,fr,1,44,6,8,0
4787,2024-08-28 16:11:00,Missed my grandma today. 🔥,personal_update,negative,es,0,44,16,11,0
655,2023-03-26 17:27:00,Thanks Umbrella support for resolving my issue fast!,customer_support,negative,fr,0,10,1,2,0
2408,2023-02-04 16:44:00,United with an unbelievable win tonight! #Tech,sports,neutral,hi,0,40,4,3,0
3853,2024-11-16 23:05:00,Feeling meh today! 🎉 #Event,personal_update,positive,en,0,5,1,0,0
1996,2023-01-07 06:31:00,Weekend vibes at the Toronto! 😅,personal_update,negative,es,0,24,6,2,0
1761,2023-06-18 12:45:00,Breaking: market rally just happened in London. Details emerging. #Sale,news,neutral,es,1,35,10,3,0
2355,2025-07-28 15:30:00,Loving the new Acme laptop! Battery lasts all day.,product_feedback,positive,fr,1,45,12,3,0
2742,2024-04-18 12:10:00,Breaking: concert announcement just happened in New York. Details emerging. #Fitness,news,neutral,en,0,103,18,10,0
2618,2023-08-05 18:05:00,New drop: sneakers! Grab yours today.,promotion,positive,de,1,46,17,4,1
412,2023-09-16 23:01:00,"Hi Globex, my order #18474 hasn’t arrived. Please help.",customer_support,negative,fr,0,2,0,0,0
1775,2025-02-09 22:20:00,Heads up: concert announcement expected later this week.,news,negative,en,0,22,3,2,0
3979,2024-10-30 12:20:00,FLASH SALE: smartwatch at 20% off. Limited time! #LOL,promotion,positive,es,1,8,2,2,0
2187,2023-12-01 03:36:00,In-depth: What concert announcement means for London.,news,neutral,hi,0,38,5,8,0
2380,2024-05-09 09:43:00,Join us at the charity run this Monday! Tickets available now. #Tech,event,positive,es,1,72,10,21,0
3964,2025-02-25 07:39:00,Feeling grateful today! 😂 #Fitness,personal_update,negative,en,0,31,9,9,0
4312,2024-04-15 15:33:00,Rally at Delhi calling for tax policy reform.,politics,negative,en,0,53,11,3,0
4775,2025-07-18 04:59:00,POV: You at 8am meetings 🙌🙌,meme_joke,neutral,hi,0,123,38,33,0
3703,2024-04-09 18:34:00,Starting a 30-day yoga challenge. Who’s in?,health_wellness,neutral,hi,1,40,7,10,0
3973,2023-12-21 06:49:00,Transfer rumor: L. Chen to United?,sports,positive,en,0,118,18,14,0
4766,2025-02-15 08:47:00,Having trouble logging into my Stark account—any fix?,customer_support,negative,fr,1,16,3,0,0
3559,2023-11-18 04:39:00,Transfer rumor: A. Singh to Royals?,sports,negative,en,0,41,6,10,0
4111,2023-06-17 17:48:00,Just had pasta with friends. So good! 🤷,personal_update,positive,en,1,65,6,14,0
3498,2023-05-24 22:36:00,When you open the fridge and forget why you came: 😅 #relatable,meme_joke,positive,en,1,47,6,11,0
3766,2024-08-15 13:50:00,Loving the new Umbrella headphones! Battery lasts all day.,product_feedback,positive,es,0,5,0,0,0
431,2023-07-09 16:00:00,Loving the new Stark smartwatch! Battery lasts all day.,product_feedback,negative,en,0,37,13,2,0
4485,2024-03-14 05:31:00,Weekend vibes at the New York! 🔥,personal_update,positive,en,0,53,11,13,0
2322,2024-03-19 17:50:00,Countdown to charity run: only 13 days left!,event,neutral,hi,0,51,12,8,0
1367,2024-06-03 20:21:00,Meetup at Delhi for book club. RSVP below.,event,positive,de,1,107,41,19,0
1993,2023-09-09 23:41:00,Debate tonight on healthcare. What are your thoughts?,politics,neutral,en,0,54,14,11,0
2852,2024-11-01 14:22:00,Tough loss for Warriors. Refs were wild.,sports,neutral,en,1,71,13,11,0
1177,2024-04-23 14:31:00,Feature request: please add noise cancellation to smartwatch.,product_feedback,negative,es,0,4,0,0,0
3529,2024-05-22 10:00:00,Report: concert announcement could affect seniors.,news,neutral,fr,1,114,42,5,0
1477,2025-07-14 07:24:00,Transfer rumor: L. Chen to Lions?,sports,neutral,en,1,34,10,8,0
3741,2024-06-08 20:59:00,Feature request: please add offline sync to laptop.,product_feedback,negative,en,1,15,4,2,0
2046,2023-10-11 13:13:00,This cat has more confidence than me 🎉,meme_joke,positive,en,0,43,9,4,0
103,2023-10-26 02:30:00,Starting a 30-day cycling challenge. Who’s in?,health_wellness,positive,en,0,17,1,1,0
4332,2023-05-14 14:45:00,Rally at Mumbai calling for tax policy reform.,politics,positive,en,0,70,26,15,0
2993,2023-11-30 20:25:00,New drop: headphones! Grab yours today.,promotion,positive,en,1,61,7,12,0
1264,2023-04-07 11:31:00,"New day, new goals. #MondayMotivation 🤷",personal_update,positive,en,0,35,9,6,0
2882,2023-01-09 10:43:00,Record broken: J. Smith sets new high for points.,sports,positive,hi,0,83,15,16,0
3139,2024-08-26 03:41:00,Mental health matters. Take a break. 😴,health_wellness,positive,en,1,13,4,3,0
3623,2025-03-29 08:04:00,Feeling meh today! 🤷 #Sports,personal_update,negative,en,0,60,21,3,0
3204,2025-05-26 18:46:00,The headphones design is sleek but camera needs work.,product_feedback,neutral,en,0,14,1,1,0
4279,2025-02-01 17:25:00,The sneakers design is sleek but camera needs work.,product_feedback,positive,es,0,4,0,1,0
3300,2023-09-29 22:46:00,Me: I’ll sleep early. Also me at 3am: 🥲,meme_joke,positive,en,0,105,14,10,0
4994,2025-04-08 07:32:00,Opinion: privacy law will impact small businesses the most.,politics,neutral,en,0,15,4,3,0
3634,2024-09-12 19:09:00,The coffee maker design is sleek but camera needs work.,product_feedback,neutral,hi,1,11,1,0,0
1644,2024-12-31 23:07:00,Having trouble logging into my Acme account—any fix?,customer_support,negative,en,1,12,3,1,0
4506,2023-01-02 04:31:00,Matchday! Warriors vs Tigers at 8pm. Predictions?,sports,negative,fr,0,55,14,11,0
1,2023-06-09 06:48:00,Loving the new Stark smartwatch! Battery lasts all day.,product_feedback,negative,hi,0,10,3,1,0
1581,2023-11-13 13:59:00,Feeling excited today! 😂 #Event,personal_update,neutral,en,0,33,6,3,0
4423,2025-06-21 09:36:00,Record broken: K. Garcia sets new high for aces.,sports,neutral,en,1,99,38,11,0
4117,2024-07-30 17:09:00,Updating to say laptop performance improved after patch.,product_feedback,neutral,fr,0,34,5,7,0
1357,2025-06-10 23:24:00,In-depth: What policy change means for Toronto.,news,neutral,en,0,20,4,4,0
4202,2025-01-04 23:08:00,Debate tonight on tax policy. What are your thoughts?,politics,neutral,en,0,72,23,12,0
4575,2025-08-04 01:40:00,Opinion: healthcare will impact commuters the most.,politics,neutral,en,1,76,16,10,0
3734,2023-08-23 02:37:00,Photos from community fair are up—tag yourself!,event,positive,es,1,37,4,2,0
2026,2024-03-12 07:00:00,New bill on education reform passes in Mumbai.,politics,negative,en,0,49,10,13,0
2219,2025-08-03 09:07:00,Record broken: A. Singh sets new high for goals.,sports,positive,en,0,23,6,5,0
397,2024-10-29 09:14:00,Just had sushi with friends. So good! 🤔,personal_update,negative,en,0,56,6,16,0
4942,2023-01-15 03:56:00,Friend: ‘We should work out.’ Us: 🤷,meme_joke,positive,en,0,91,21,14,0
1065,2023-05-20 15:44:00,This cat has more confidence than me 💪,meme_joke,positive,es,0,129,14,34,0
3081,2025-01-22 03:18:00,Updating to say headphones performance improved after patch.,product_feedback,positive,de,1,28,7,7,0
2154,2024-01-30 17:11:00,Livestream starts at 6pm! Don’t miss the charity run.,event,positive,fr,0,55,7,9,0
819,2024-08-03 02:50:00,FLASH SALE: laptop at 15% off. Limited time! #MondayMotivation,promotion,positive,hi,1,15,4,1,0
1813,2024-09-14 00:04:00,Mental health matters. Take a break. 😴,health_wellness,neutral,fr,0,18,2,3,0
2553,2025-07-07 15:34:00,Updating to say smartwatch performance improved after patch.,product_feedback,negative,de,0,33,6,8,0
1553,2025-04-16 21:46:00,FLASH SALE: sneakers at 20% off. Limited time! #Sports,promotion,neutral,en,1,17,4,1,0
4048,2025-06-13 03:55:00,Loving the new Stark sneakers! Battery lasts all day.,product_feedback,negative,de,0,16,5,3,0
817,2023-09-06 12:19:00,Buy 1 get 1 on all headphones until Sunday.,promotion,neutral,hi,0,6,0,1,0
1573,2025-04-25 03:05:00,Meetup at Delhi for music festival. RSVP below.,event,positive,en,0,117,28,9,0
4553,2025-07-07 20:36:00,Meetup at Toronto for community fair. RSVP below.,event,positive,en,0,108,42,15,0
1801,2024-09-12 06:13:00,Weekend vibes at the Delhi! 😴,personal_update,neutral,de,0,12,2,1,0
4288,2024-04-17 20:27:00,Breaking: market rally just happened in Berlin. Details emerging. #Tech,news,neutral,en,0,70,27,19,0
382,2024-04-17 16:41:00,FLASH SALE: laptop at 25% off. Limited time! #Health,promotion,neutral,en,1,31,12,7,0
2875,2023-11-20 06:31:00,Thanks Globex support for resolving my issue fast!,customer_support,negative,en,1,16,2,0,0
4348,2024-04-27 20:53:00,"Hi Stark, my order #73550 hasn’t arrived. Please help.",customer_support,neutral,en,1,15,4,1,0
4627,2025-02-12 20:43:00,"Hi Stark, my order #93430 hasn’t arrived. Please help.",customer_support,negative,es,0,3,0,0,0
3504,2023-03-09 03:46:00,FLASH SALE: coffee maker at 60% off. Limited time! #Breaking,promotion,neutral,hi,1,49,7,8,0
2312,2025-02-28 07:12:00,Feeling tired today! 😴 #Fitness,personal_update,positive,fr,0,28,7,2,0
1781,2025-03-31 22:42:00,Latest update on data breach: authorities confirm new info.,news,positive,de,1,46,17,5,0
2727,2023-11-15 09:14:00,Thanks Stark support for resolving my issue fast!,customer_support,neutral,en,0,20,5,3,0
2438,2025-08-04 16:57:00,Photos from music festival are up—tag yourself!,event,positive,en,0,89,26,23,0
2334,2025-01-20 00:35:00,Feature request: please add noise cancellation to sneakers.,product_feedback,neutral,fr,1,40,9,10,0
865,2024-02-07 01:39:00,Record broken: A. Singh sets new high for points.,sports,negative,es,0,48,8,4,0
3639,2025-04-27 13:10:00,Fact check: claims about education reform and taxes.,politics,neutral,fr,0,10,1,1,0
3165,2025-05-27 09:07:00,Feeling excited today! 🙌 #Breaking,personal_update,negative,en,0,26,8,4,0
555,2024-08-14 19:56:00,"New day, new goals. #Tech 😂",personal_update,negative,hi,0,11,1,0,0
1160,2023-06-29 19:17:00,Matchday! City vs Lions at 2pm. Predictions?,sports,negative,es,0,65,17,13,0
1214,2024-03-18 12:28:00,Record broken: R. Patel sets new high for aces.,sports,neutral,es,0,92,10,23,0
3761,2024-05-15 12:44:00,Fact check: claims about privacy law and taxes.,politics,positive,en,0,63,11,16,0
4214,2023-10-24 13:47:00,Meetup at Berlin for book club. RSVP below.,event,neutral,en,1,33,13,3,0
49,2023-03-11 11:15:00,Matchday! Tigers vs Lions at 8pm. Predictions?,sports,negative,en,1,36,11,5,0
2368,2024-01-08 23:34:00,Heads up: data breach expected later this week.,news,positive,en,1,13,2,3,0
701,2024-10-18 08:42:00,Weekend vibes at the London! 🥲,personal_update,positive,en,0,5,1,0,0
653,2023-02-10 16:10:00,Exclusive: sneakers bundle for $44!,promotion,neutral,en,0,35,8,5,0
3934,2023-03-11 19:45:00,Feature request: please add faster charging to coffee maker.,product_feedback,positive,en,0,7,1,1,0
4410,2025-06-08 22:28:00,Use code WELCOME10 for free shipping on sneakers.,promotion,positive,en,1,65,16,9,0
3312,2023-01-10 15:22:00,Tried vegan for a week—here’s how I feel.,health_wellness,positive,fr,0,10,1,1,0
749,2025-01-23 04:37:00,Heads up: weather alert expected later this week.,news,neutral,en,1,72,24,8,0
1456,2023-07-21 16:46:00,Buy 1 get 1 on all sneakers until Saturday.,promotion,positive,en,0,23,8,6,0
4196,2023-11-04 23:00:00,Exclusive: smartwatch bundle for $255!,promotion,positive,en,0,61,7,6,0
2390,2024-11-15 23:21:00,New drop: coffee maker! Grab yours today.,promotion,neutral,en,0,4,1,0,0
3495,2024-05-11 17:45:00,The Umbrella app keeps crashing after update.,customer_support,neutral,de,0,18,5,2,0
867,2024-05-09 11:23:00,Breaking: weather alert just happened in Toronto. Details emerging. #Fitness,news,positive,en,0,35,9,2,0
753,2024-12-13 02:23:00,Loving the new Globex laptop! Battery lasts all day.,product_feedback,positive,fr,0,25,4,5,0
1645,2023-08-04 10:53:00,Missed my dad today. 😅,personal_update,positive,en,0,11,1,1,0
93,2024-01-13 18:31:00,In-depth: What concert announcement means for New York.,news,neutral,en,0,48,15,5,0
4825,2025-03-13 20:04:00,Breaking: market rally just happened in London. Details emerging. #LOL,news,neutral,en,0,104,15,14,0
3102,2024-06-12 06:29:00,Lions with an unbelievable win tonight! #Event,sports,positive,fr,1,82,23,8,0
2433,2023-08-10 11:26:00,When you open the fridge and forget why you came: 🔥 #relatable,meme_joke,positive,fr,0,150,59,31,0
2630,2023-05-11 11:14:00,Heads up: weather alert expected later this week.,news,negative,en,1,77,13,5,0
1491,2023-01-27 13:29:00,Reminder: drink water and stretch today! 😅,health_wellness,positive,fr,0,82,32,13,0
2896,2025-04-09 11:54:00,Feeling meh today! 😀 #News,personal_update,neutral,es,0,34,8,8,0
2178,2024-12-25 04:46:00,"New day, new goals. #LOL 🥲",personal_update,positive,es,0,5,1,0,0
730,2025-01-27 19:56:00,Tough loss for Tigers. Refs were wild.,sports,neutral,hi,0,96,24,5,0
4760,2024-02-01 02:34:00,Missed my dad today. 🔥,personal_update,neutral,es,0,15,3,2,0
2472,2023-02-09 00:50:00,POV: You at 8am meetings 💖💖,meme_joke,positive,en,0,116,24,34,0
2243,2023-05-22 16:04:00,Missed my brother today. 😅,personal_update,neutral,fr,0,37,11,4,0
1937,2025-02-16 15:34:00,Buy 1 get 1 on all smartwatch until Friday.,promotion,negative,fr,1,9,1,1,0
1746,2025-04-16 23:13:00,Countdown to charity run: only 14 days left!,event,positive,en,1,78,28,15,0
4747,2023-04-26 21:56:00,Meetup at Mumbai for charity run. RSVP below.,event,positive,en,1,48,10,6,0
4374,2023-07-29 20:12:00,Feature request: please add faster charging to laptop.,product_feedback,negative,en,1,12,2,1,0
3492,2025-06-21 01:45:00,Friend: ‘We should work out.’ Us: 💪,meme_joke,neutral,en,1,40,8,6,0
1111,2024-07-31 16:47:00,When you open the fridge and forget why you came: 😅 #relatable,meme_joke,positive,hi,1,153,46,34,0
3338,2024-05-10 19:42:00,Feeling tired today! 💖 #Tech,personal_update,positive,hi,1,37,5,10,0
4033,2023-02-05 09:37:00,Tough loss for Warriors. Refs were wild.,sports,neutral,en,0,8,2,0,0
4472,2023-01-18 15:16:00,Exclusive: coffee maker bundle for $112!,promotion,neutral,de,1,8,2,0,1
4158,2023-09-18 16:07:00,Tough loss for City. Refs were wild.,sports,positive,de,0,92,34,24,0
347,2023-09-06 11:14:00,Record broken: R. Patel sets new high for aces.,sports,positive,fr,0,79,14,8,0
1186,2024-12-22 21:35:00,Matchday! Tigers vs Tigers at 10am. Predictions?,sports,positive,de,1,63,15,12,0
4007,2025-04-16 00:34:00,Opinion: privacy law will impact commuters the most.,politics,neutral,es,0,7,2,1,0
1516,2025-04-28 21:06:00,Feature request: please add offline sync to headphones.,product_feedback,neutral,en,1,26,5,5,0
4670,2023-01-20 16:14:00,Feeling grateful today! 💪 #Sports,personal_update,positive,en,0,31,12,6,0
579,2024-04-06 10:54:00,Warriors with an unbelievable win tonight! #MondayMotivation,sports,neutral,en,0,78,20,23,0
1965,2023-12-02 08:32:00,Opinion: climate action will impact students the most.,politics,neutral,en,1,53,11,4,0
76,2023-04-16 00:05:00,Missed my dad today. 😂,personal_update,positive,hi,1,62,16,11,0
1430,2024-07-08 17:07:00,Public health update: data breach cases rising in Sydney.,health_wellness,positive,es,0,41,14,10,0
3713,2023-08-01 11:12:00,Weekend vibes at the Mumbai! 💪,personal_update,neutral,en,0,14,1,3,0
4431,2025-04-28 05:34:00,Matchday! United vs Royals at 10am. Predictions?,sports,positive,fr,0,25,6,7,0
2752,2024-07-28 19:55:00,Countdown to book club: only 13 days left!,event,neutral,de,0,90,24,17,0
4953,2024-04-16 11:55:00,Thanks Acme support for resolving my issue fast!,customer_support,negative,en,1,14,1,1,0
1847,2024-08-26 16:59:00,Photos from charity run are up—tag yourself!,event,positive,en,1,101,18,23,0
132,2025-07-18 07:33:00,Weekend vibes at the Delhi! 😂,personal_update,positive,es,0,14,3,2,0
179,2024-12-13 19:59:00,Buy 1 get 1 on all sneakers until Sunday.,promotion,neutral,es,0,29,10,7,0
2900,2024-06-16 10:12:00,Tried keto for a week—here’s how I feel.,health_wellness,neutral,en,0,67,19,8,0
4467,2023-03-01 06:49:00,Updating to say coffee maker performance improved after patch.,product_feedback,negative,hi,0,15,3,3,0
4195,2023-01-26 07:10:00,Record broken: A. Singh sets new high for aces.,sports,neutral,en,0,30,11,3,0
2523,2024-07-31 04:49:00,Mental health matters. Take a break. 😴,health_wellness,positive,fr,1,53,20,4,0
1843,2024-05-03 00:01:00,Feeling tired today! 🤔 #Event,personal_update,neutral,en,0,9,1,1,0
2099,2024-06-23 00:00:00,Updating to say laptop performance improved after patch.,product_feedback,neutral,en,0,11,2,0,0
3950,2024-05-20 16:02:00,Transfer rumor: J. Smith to Tigers?,sports,positive,en,0,63,12,6,0
2374,2024-04-08 21:30:00,Missed my mom today. 😀,personal_update,negative,en,1,41,4,8,0
605,2025-05-22 16:22:00,Friend: ‘We should work out.’ Us: 🥲,meme_joke,neutral,en,0,21,5,2,0
2628,2023-10-29 13:52:00,Loving the new Initech smartwatch! Battery lasts all day.,product_feedback,negative,en,1,19,6,2,0
26,2024-03-28 01:13:00,Buy 1 get 1 on all coffee maker until Wednesday.,promotion,positive,en,0,49,14,8,0
659,2023-07-25 04:36:00,Feature request: please add dark mode to headphones.,product_feedback,positive,es,0,48,17,13,0
4978,2025-01-11 06:42:00,Tough loss for Tigers. Refs were wild.,sports,neutral,en,0,76,12,20,0
3318,2024-08-05 10:08:00,Friend: ‘We should work out.’ Us: 🤷,meme_joke,neutral,fr,0,135,22,29,0
3869,2023-10-28 03:04:00,Public health update: data breach cases rising in London.,health_wellness,positive,es,0,77,25,14,0
174,2024-01-28 01:05:00,Heads up: data breach expected later this week.,news,positive,es,1,130,48,8,0
1612,2023-12-12 05:53:00,Countdown to community fair: only 3 days left!,event,positive,en,1,20,7,2,0
438,2024-09-13 14:18:00,POV: You at 8am meetings 🤷🤷,meme_joke,positive,en,1,80,18,7,0
332,2023-04-17 15:01:00,City with an unbelievable win tonight! #Sports,sports,neutral,de,0,21,5,2,0
3101,2024-02-14 21:39:00,In-depth: What policy change means for Toronto.,news,neutral,en,0,59,10,8,0
1455,2025-01-08 10:27:00,Report: power outage could affect small businesses.,news,positive,fr,0,134,51,37,0
343,2023-09-24 05:24:00,Not impressed with Umbrella's laptop build quality.,product_feedback,neutral,fr,0,38,11,9,0
3210,2023-08-18 19:55:00,Livestream starts at 8pm! Don’t miss the book club.,event,neutral,en,0,81,28,13,0
4577,2025-02-10 15:41:00,"Hi Stark, my order #58058 hasn’t arrived. Please help.",customer_support,neutral,en,1,5,1,1,0
1089,2024-01-01 13:48:00,Feeling excited today! 🔥 #Breaking,personal_update,neutral,fr,0,13,3,2,0
480,2024-01-17 20:21:00,Countdown to book club: only 13 days left!,event,positive,es,0,53,5,11,0
728,2023-01-04 06:35:00,Having trouble logging into my Umbrella account—any fix?,customer_support,negative,hi,0,15,1,3,0
3784,2025-06-09 19:42:00,Record broken: M. Khan sets new high for runs.,sports,positive,en,0,98,19,15,0
977,2024-07-29 23:52:00,Just had paneer tikka with friends. So good! 😂,personal_update,positive,en,0,32,5,4,0
3785,2024-07-01 19:28:00,"New day, new goals. #Breaking 💖",personal_update,positive,en,0,51,5,3,0
2978,2024-09-05 21:13:00,Just had pasta with friends. So good! 😴,personal_update,positive,fr,1,54,16,15,0
1929,2023-01-07 20:20:00,New drop: headphones! Grab yours today.,promotion,neutral,en,1,36,6,4,0
1469,2023-07-02 01:35:00,"New day, new goals. #Tech 😀",personal_update,neutral,en,0,11,4,1,0
1225,2023-10-01 14:14:00,Just had ramen with friends. So good! 🎉,personal_update,positive,hi,0,54,16,10,0
2857,2023-04-06 06:20:00,"New day, new goals. #Health 💪",personal_update,neutral,hi,0,52,18,15,0
1953,2023-06-10 20:17:00,Missed my sister today. 🙌,personal_update,positive,en,1,60,18,15,0
4831,2023-03-14 08:08:00,New bill on privacy law passes in Sydney.,politics,neutral,en,0,17,3,4,0
4501,2025-03-06 21:01:00,Weekend vibes at the Toronto! 🙌,personal_update,positive,en,0,51,12,8,0
1893,2023-11-09 09:37:00,The sneakers design is sleek but camera needs work.,product_feedback,negative,en,0,24,7,6,0
1300,2024-10-17 19:44:00,Matchday! United vs City at 6pm. Predictions?,sports,positive,de,0,42,7,5,0
2991,2024-01-07 12:44:00,In-depth: What data breach means for Berlin.,news,neutral,en,1,56,6,13,0
4600,2024-06-24 00:39:00,"New day, new goals. #Tech 😂",personal_update,neutral,de,0,23,7,4,0
661,2023-10-10 02:59:00,Tried low-carb for a week—here’s how I feel.,health_wellness,negative,fr,0,54,20,14,0
4578,2023-09-26 20:28:00,Missed my mom today. 😂,personal_update,positive,fr,0,12,1,2,0
4074,2024-03-30 14:43:00,Loving the new Initech sneakers! Battery lasts all day.,product_feedback,neutral,en,0,21,7,1,0
2785,2023-04-21 23:46:00,Thanks Acme support for resolving my issue fast!,customer_support,negative,es,0,7,0,1,0
4938,2023-03-20 05:34:00,Breaking: power outage just happened in Sydney. Details emerging. #News,news,negative,en,0,43,10,11,0
3828,2025-04-24 22:39:00,Public health update: concert announcement cases rising in Berlin.,health_wellness,positive,fr,0,19,6,4,0
2715,2024-03-14 19:07:00,"New day, new goals. #MondayMotivation 🙌",personal_update,positive,en,0,56,14,10,0
4658,2024-01-20 07:09:00,Loving the new Stark sneakers! Battery lasts all day.,product_feedback,neutral,en,0,7,2,1,0
268,2023-12-08 04:45:00,Tried low-carb for a week—here’s how I feel.,health_wellness,positive,fr,0,53,14,9,0
4443,2023-01-26 10:38:00,Weekend vibes at the Toronto! 🎉,personal_update,positive,en,1,29,8,3,0
4960,2024-01-08 14:13:00,"New day, new goals. #Health 😀",personal_update,neutral,en,0,6,1,1,0
3373,2024-03-29 05:52:00,FLASH SALE: headphones at 25% off. Limited time! #Event,promotion,neutral,en,1,7,2,1,0
3596,2023-09-25 08:13:00,New bill on education reform passes in Toronto.,politics,neutral,hi,1,34,7,8,0
4317,2024-03-16 03:10:00,When you open the fridge and forget why you came: 🥲 #relatable,meme_joke,positive,en,1,125,14,8,0
3723,2023-04-21 09:56:00,Weekend vibes at the Sydney! 🔥,personal_update,neutral,en,0,29,5,6,0
3407,2024-12-05 02:14:00,Feeling meh today! 💖 #Breaking,personal_update,positive,en,0,21,5,5,0
1279,2024-10-16 09:31:00,Reminder: drink water and stretch today! 💖,health_wellness,positive,en,0,46,13,13,0
4641,2025-05-02 21:01:00,Tried Mediterranean for a week—here’s how I feel.,health_wellness,positive,en,0,57,10,4,0
3918,2024-04-09 13:51:00,Livestream starts at 10am! Don’t miss the music festival.,event,neutral,en,0,66,10,8,0
2679,2025-01-30 21:34:00,Feeling grateful today! 😅 #Sale,personal_update,positive,en,0,54,6,4,0
1622,2025-08-03 19:25:00,Join us at the music festival this Wednesday! Tickets available now. #Sports,event,neutral,en,0,11,2,1,0
4104,2025-07-22 01:30:00,Updating to say headphones performance improved after patch.,product_feedback,negative,en,1,40,6,9,0
2858,2024-10-18 06:55:00,Rally at Toronto calling for privacy law reform.,politics,positive,es,0,65,22,12,0
1897,2023-03-24 21:59:00,Weekend vibes at the Berlin! 😅,personal_update,negative,fr,0,34,4,8,0
3925,2023-01-07 07:12:00,Rally at Berlin calling for tax policy reform.,politics,negative,de,0,42,14,12,0
3015,2023-06-30 02:12:00,Meetup at Sydney for book club. RSVP below.,event,neutral,hi,0,52,11,15,0
4439,2023-11-30 22:36:00,Fact check: claims about healthcare and taxes.,politics,positive,es,0,7,2,1,0
68,2025-03-02 21:52:00,Breaking: market rally just happened in Berlin. Details emerging. #Tech,news,neutral,hi,0,103,28,20,0
2043,2024-12-21 23:37:00,"Refund request for defective laptop, DM sent.",customer_support,negative,de,0,7,2,0,0
2581,2025-06-05 18:04:00,Transfer rumor: R. Patel to City?,sports,positive,en,0,92,20,23,0
3783,2023-06-17 02:10:00,Tried vegan for a week—here’s how I feel.,health_wellness,neutral,en,1,46,7,4,0
3791,2024-08-26 22:11:00,Countdown to music festival: only 11 days left!,event,positive,en,1,101,36,9,0
821,2025-04-30 17:42:00,Meetup at Toronto for music festival. RSVP below.,event,positive,en,1,20,2,5,0
1227,2024-04-11 14:16:00,Report: concert announcement could affect small businesses.,news,positive,hi,1,136,33,32,0
2992,2025-07-16 21:06:00,Heads up: market rally expected later this week.,news,neutral,en,1,110,22,29,0
3133,2024-03-16 07:30:00,FLASH SALE: laptop at 25% off. Limited time! #MondayMotivation,promotion,positive,fr,0,8,1,1,0
2744,2025-03-28 15:12:00,Feature request: please add noise cancellation to coffee maker.,product_feedback,negative,fr,1,25,4,4,0
4458,2025-03-20 06:52:00,Feature request: please add offline sync to laptop.,product_feedback,positive,en,0,5,1,0,0
4270,2023-10-26 14:21:00,The Umbrella app keeps crashing after update.,customer_support,negative,de,0,0,0,0,0
3350,2025-01-31 21:00:00,Tough loss for Tigers. Refs were wild.,sports,neutral,en,0,72,28,12,0
1144,2024-06-06 07:20:00,New drop: smartwatch! Grab yours today.,promotion,positive,hi,0,40,13,5,1
398,2025-04-09 21:11:00,Royals with an unbelievable win tonight! #Fitness,sports,positive,hi,0,72,28,16,0
2907,2024-08-20 09:47:00,Exclusive: smartwatch bundle for $172!,promotion,neutral,fr,1,5,1,0,0
4302,2025-03-15 07:20:00,Latest update on concert announcement: authorities confirm new info.,news,negative,en,1,95,12,19,0
2760,2023-10-21 06:04:00,Updating to say coffee maker performance improved after patch.,product_feedback,negative,hi,0,37,13,5,0
1399,2025-01-30 12:07:00,New drop: smartwatch! Grab yours today.,promotion,neutral,en,1,19,3,1,0
1660,2024-09-04 15:00:00,Fact check: claims about healthcare and taxes.,politics,positive,de,0,48,17,5,0
980,2024-03-06 06:15:00,Buy 1 get 1 on all coffee maker until Sunday.,promotion,neutral,en,0,7,1,0,0
1299,2025-02-09 14:20:00,Buy 1 get 1 on all headphones until Monday.,promotion,neutral,en,0,3,0,0,0
3556,2024-11-07 12:33:00,Exclusive: sneakers bundle for $124!,promotion,positive,de,1,56,18,9,1
83,2023-08-14 09:02:00,Weekend vibes at the Toronto! 🥲,personal_update,positive,en,0,15,4,3,0
4508,2023-07-18 17:54:00,Use code BUNDLE for free shipping on coffee maker.,promotion,neutral,de,1,14,3,1,1
2459,2023-07-11 01:56:00,Friend: ‘We should work out.’ Us: 😂,meme_joke,positive,hi,0,125,16,14,0
3740,2023-10-10 16:11:00,Feature request: please add offline sync to headphones.,product_feedback,neutral,en,1,8,2,0,0
3782,2023-10-20 05:17:00,Public health update: power outage cases rising in Mumbai.,health_wellness,neutral,en,0,70,16,6,0
2289,2025-07-28 11:00:00,Feeling meh today! 💖 #LOL,personal_update,neutral,en,0,41,12,9,0
424,2024-06-26 06:15:00,Just had sushi with friends. So good! 🙌,personal_update,positive,en,0,46,13,3,0
4340,2025-05-24 15:44:00,Just had ramen with friends. So good! 🎉,personal_update,neutral,fr,0,35,5,4,0
1905,2025-05-07 05:38:00,Just had sushi with friends. So good! 😂,personal_update,neutral,en,1,10,2,2,0
4539,2023-05-06 11:29:00,"New day, new goals. #Breaking 💖",personal_update,positive,es,0,50,15,4,0
3353,2024-09-12 02:21:00,POV: You at 8am meetings 😀😀,meme_joke,positive,en,0,59,18,3,0
3103,2024-10-16 05:01:00,Join us at the music festival this Saturday! Tickets available now. #News,event,neutral,de,0,47,7,4,0
1566,2024-05-10 04:47:00,Missed my sister today. 🤷,personal_update,positive,fr,0,33,9,5,0
3356,2024-08-07 11:36:00,Photos from tech summit are up—tag yourself!,event,positive,en,1,68,25,8,0
840,2025-04-29 11:26:00,"Refund request for defective smartwatch, DM sent.",customer_support,neutral,es,0,15,1,2,0
501,2024-02-21 01:46:00,Transfer rumor: M. Khan to Lions?,sports,positive,en,0,47,18,2,0
142,2024-01-17 11:54:00,Thanks Initech support for resolving my issue fast!,customer_support,neutral,es,0,14,2,3,0
1378,2025-07-26 06:42:00,Loving the new Globex sneakers! Battery lasts all day.,product_feedback,positive,en,0,25,3,3,0
3698,2023-07-26 13:09:00,Weekend vibes at the Sydney! 💪,personal_update,positive,es,0,45,10,12,0
2145,2023-03-27 19:05:00,FLASH SALE: smartwatch at 25% off. Limited time! #LOL,promotion,positive,en,0,62,6,6,1
1139,2023-09-08 03:42:00,Feeling grateful today! 😅 #Tech,personal_update,positive,fr,0,49,13,13,0
2928,2025-06-19 09:57:00,Exclusive: headphones bundle for $284!,promotion,positive,en,0,33,11,5,0
1788,2023-06-25 05:45:00,FLASH SALE: smartwatch at 15% off. Limited time! #Fitness,promotion,neutral,hi,0,5,0,1,0
3485,2023-11-05 02:32:00,Livestream starts at 2pm! Don’t miss the community fair.,event,neutral,es,1,36,9,3,0
551,2023-07-04 01:54:00,Rally at Mumbai calling for climate action reform.,politics,positive,fr,0,82,11,16,0
4907,2023-12-21 16:36:00,POV: You at 8am meetings 🥲🥲,meme_joke,positive,de,0,85,21,5,0
2020,2025-02-04 05:19:00,Starting a 30-day cycling challenge. Who’s in?,health_wellness,positive,fr,0,46,15,5,0
949,2024-10-26 06:43:00,Reminder: drink water and stretch today! 😂,health_wellness,negative,en,0,51,7,3,0
2601,2024-03-24 22:54:00,Countdown to charity run: only 4 days left!,event,positive,es,0,82,20,19,0
533,2023-04-28 04:25:00,Tough loss for Tigers. Refs were wild.,sports,positive,en,0,81,20,16,0
1830,2023-12-25 19:57:00,Just had tacos with friends. So good! 🙌,personal_update,positive,en,0,35,6,5,0
2918,2023-04-26 09:43:00,Just had sushi with friends. So good! 😴,personal_update,positive,hi,0,8,3,0,0
4419,2023-03-18 00:57:00,"Hi Initech, my order #84278 hasn’t arrived. Please help.",customer_support,positive,de,0,28,8,8,0
3872,2024-04-15 09:32:00,In-depth: What policy change means for Toronto.,news,positive,en,0,18,1,5,0
1603,2024-06-02 18:36:00,Loving the new Stark smartwatch! Battery lasts all day.,product_feedback,neutral,en,1,11,2,2,0
640,2024-12-07 11:32:00,Weekend vibes at the Toronto! 💪,personal_update,neutral,es,1,13,4,0,0
4833,2024-07-14 17:06:00,Thanks Acme support for resolving my issue fast!,customer_support,neutral,en,0,2,0,0,0
968,2024-07-17 11:52:00,Transfer rumor: J. Smith to United?,sports,positive,fr,0,87,26,7,0
4238,2023-04-14 12:01:00,Latest update on data breach: authorities confirm new info.,news,neutral,de,1,40,14,10,0
2698,2024-08-15 17:44:00,Record broken: A. Singh sets new high for goals.,sports,positive,en,1,101,35,13,0
1684,2024-04-28 01:23:00,Buy 1 get 1 on all sneakers until Saturday.,promotion,positive,en,1,23,7,5,0
4471,2023-09-01 17:01:00,"Hi Initech, my order #65792 hasn’t arrived. Please help.",customer_support,positive,en,0,24,5,4,0
2343,2024-11-16 04:53:00,Livestream starts at 8pm! Don’t miss the tech summit.,event,neutral,en,1,85,18,10,0
156,2023-06-27 15:52:00,Tried low-carb for a week—here’s how I feel.,health_wellness,negative,en,1,12,3,2,0
2488,2024-09-30 00:17:00,Friend: ‘We should work out.’ Us: 🤔,meme_joke,positive,en,0,139,19,24,0
4642,2024-11-11 04:00:00,Feeling happy today! 😀 #Sports,personal_update,positive,en,0,24,4,4,0
1090,2023-08-19 01:17:00,Updating to say sneakers performance improved after patch.,product_feedback,neutral,hi,0,12,1,2,0
2656,2023-06-18 16:09:00,Matchday! Tigers vs Warriors at 6pm. Predictions?,sports,positive,en,0,88,14,22,0
4241,2025-08-04 02:09:00,Latest update on weather alert: authorities confirm new info.,news,neutral,en,0,66,14,4,0
289,2024-06-07 05:15:00,Having trouble logging into my Globex account—any fix?,customer_support,negative,en,0,13,2,1,0
931,2024-03-11 04:22:00,Not impressed with Globex's coffee maker build quality.,product_feedback,negative,es,0,29,3,6,0
2536,2023-10-02 12:00:00,Public health update: weather alert cases rising in Berlin.,health_wellness,neutral,en,0,69,26,4,0
4029,2023-06-18 18:39:00,Matchday! Lions vs City at 2pm. Predictions?,sports,positive,fr,0,52,9,11,0
3372,2023-11-02 02:49:00,Loving the new Initech headphones! Battery lasts all day.,product_feedback,negative,fr,0,36,10,10,0
4622,2023-01-19 20:51:00,Feature request: please add offline sync to laptop.,product_feedback,neutral,fr,0,14,1,0,0
3292,2024-08-27 00:42:00,POV: You at 8am meetings 😴😴,meme_joke,positive,en,0,164,44,46,0
943,2024-01-08 16:54:00,Exclusive: laptop bundle for $34!,promotion,neutral,hi,1,48,16,13,0
3860,2024-06-18 19:18:00,New drop: coffee maker! Grab yours today.,promotion,positive,en,1,15,3,1,1
4663,2024-09-12 14:59:00,Feeling excited today! 😅 #Breaking,personal_update,positive,en,0,5,1,1,0
1699,2025-02-17 14:32:00,Weekend vibes at the London! 🙌,personal_update,negative,en,0,30,3,3,0
4709,2024-12-21 21:01:00,Thanks Acme support for resolving my issue fast!,customer_support,negative,de,0,5,0,1,0
3201,2025-04-04 20:31:00,Weekend vibes at the Berlin! 😴,personal_update,positive,hi,0,34,11,9,0
4602,2023-12-30 22:01:00,Report: power outage could affect seniors.,news,positive,en,0,78,27,4,0
4609,2023-02-21 06:11:00,Fact check: claims about tax policy and taxes.,politics,neutral,de,0,26,9,5,0
986,2025-02-10 00:15:00,Matchday! City vs Royals at 8pm. Predictions?,sports,positive,en,1,94,31,24,0
3319,2024-07-29 13:42:00,Mental health matters. Take a break. 😂,health_wellness,positive,fr,1,9,3,0,0
2868,2024-02-25 08:53:00,Just had tacos with friends. So good! 😅,personal_update,negative,en,0,38,14,6,0
4057,2023-05-20 07:45:00,FLASH SALE: coffee maker at 60% off. Limited time! #Sports,promotion,negative,fr,1,22,4,2,0
4778,2023-05-05 11:36:00,Weekend vibes at the Berlin! 💖,personal_update,neutral,hi,0,13,2,3,0
982,2024-06-13 13:47:00,Reminder: drink water and stretch today! 🙌,health_wellness,positive,fr,0,57,12,14,0
2493,2025-05-30 19:01:00,Not impressed with Acme's laptop build quality.,product_feedback,neutral,es,0,15,2,0,0
3793,2024-12-29 19:55:00,Rally at Toronto calling for education reform reform.,politics,positive,en,0,23,3,2,0
3549,2025-07-18 21:00:00,Mental health matters. Take a break. 🤷,health_wellness,positive,hi,0,13,2,1,0
2943,2023-03-16 15:16:00,Meetup at Delhi for community fair. RSVP below.,event,positive,hi,1,13,2,1,0
3528,2024-09-16 15:25:00,Meetup at New York for charity run. RSVP below.,event,positive,en,0,35,11,4,0
3846,2024-11-08 06:06:00,Breaking: policy change just happened in Berlin. Details emerging. #Health,news,neutral,hi,1,35,7,8,0
1458,2023-12-15 17:30:00,Weekend vibes at the Delhi! 🎉,personal_update,positive,hi,1,9,2,2,0
1396,2024-02-18 11:28:00,Join us at the community fair this Sunday! Tickets available now. #Tech,event,positive,hi,1,53,19,3,0
265,2025-02-14 07:39:00,Friend: ‘We should work out.’ Us: 🙌,meme_joke,positive,en,0,41,7,9,0
4096,2024-03-27 03:35:00,Join us at the charity run this Friday! Tickets available now. #MondayMotivation,event,neutral,hi,1,82,31,17,0
930,2025-03-26 00:11:00,Loving the new Globex smartwatch! Battery lasts all day.,product_feedback,positive,hi,0,22,5,1,0
4872,2025-07-28 00:13:00,Feeling tired today! 😴 #Sports,personal_update,neutral,en,0,37,12,7,0
2693,2025-04-12 09:34:00,Mental health matters. Take a break. 🙌,health_wellness,neutral,hi,0,70,9,18,0
247,2023-01-26 23:14:00,Not impressed with Stark's smartwatch build quality.,product_feedback,neutral,es,0,23,2,4,0
3590,2023-05-20 20:21:00,POV: You at 8am meetings 😴😴,meme_joke,neutral,es,0,97,16,13,0
1759,2023-03-15 15:59:00,Tough loss for Tigers. Refs were wild.,sports,positive,es,0,104,40,15,0
4866,2025-01-09 09:41:00,Debate tonight on climate action. What are your thoughts?,politics,positive,hi,0,13,2,2,0
2811,2025-06-23 06:55:00,Missed my dad today. 🤔,personal_update,positive,en,0,74,11,4,0
924,2025-01-04 07:16:00,Use code DEAL50 for free shipping on coffee maker.,promotion,positive,en,1,3,1,0,0
2881,2025-04-29 22:33:00,Tough loss for Warriors. Refs were wild.,sports,neutral,en,0,64,12,13,0
269,2024-06-05 22:31:00,Just had ramen with friends. So good! 😀,personal_update,negative,hi,0,52,19,11,0
670,2023-03-14 12:30:00,Missed my mom today. 🥲,personal_update,negative,hi,1,5,0,0,0
4476,2024-09-19 02:49:00,"Refund request for defective headphones, DM sent.",customer_support,negative,en,0,13,1,3,0
1911,2025-02-05 01:19:00,Not impressed with Globex's coffee maker build quality.,product_feedback,neutral,en,0,31,3,8,0
2986,2023-05-08 17:20:00,Just had pasta with friends. So good! 😀,personal_update,positive,hi,0,52,16,6,0
1153,2023-11-04 07:47:00,Breaking: concert announcement just happened in London. Details emerging. #Fitness,news,neutral,fr,1,21,2,3,0
4818,2024-01-13 10:00:00,The coffee maker design is sleek but camera needs work.,product_feedback,neutral,hi,0,19,3,3,0
3456,2024-08-02 01:04:00,Record broken: L. Chen sets new high for goals.,sports,positive,en,1,23,5,6,0
4242,2024-04-18 23:06:00,Feature request: please add faster charging to coffee maker.,product_feedback,positive,en,0,8,1,2,0
4550,2023-12-11 14:38:00,"New day, new goals. #Event 😅",personal_update,negative,en,1,37,14,5,0
2173,2023-05-31 20:58:00,Livestream starts at 2pm! Don’t miss the tech summit.,event,neutral,hi,1,43,14,6,0
4516,2023-09-19 17:06:00,Rally at Toronto calling for climate action reform.,politics,neutral,en,0,25,5,6,0
1916,2024-07-27 06:10:00,This cat has more confidence than me 💪,meme_joke,positive,en,0,59,11,12,0
613,2024-10-06 07:38:00,Public health update: market rally cases rising in Toronto.,health_wellness,neutral,en,0,67,12,3,0
2407,2024-10-09 18:21:00,Feeling meh today! 💪 #Fitness,personal_update,negative,en,0,35,5,6,0
4206,2025-05-07 12:59:00,Just had pasta with friends. So good! 😅,personal_update,neutral,de,0,21,4,6,0
1899,2024-10-15 09:46:00,POV: You at 8am meetings 🥲🥲,meme_joke,positive,fr,0,104,40,20,0
1650,2023-03-20 01:51:00,Heads up: data breach expected later this week.,news,neutral,en,0,12,3,2,0
2608,2024-11-29 23:05:00,United with an unbelievable win tonight! #Tech,sports,neutral,en,1,61,10,7,0
259,2024-05-01 05:38:00,Rally at Mumbai calling for education reform reform.,politics,negative,en,1,41,9,9,0
848,2024-10-28 12:35:00,Tigers with an unbelievable win tonight! #Breaking,sports,neutral,en,1,99,27,14,0
4252,2024-04-25 09:06:00,Photos from tech summit are up—tag yourself!,event,neutral,fr,0,18,1,3,0
1234,2025-05-17 18:23:00,Public health update: data breach cases rising in New York.,health_wellness,positive,en,0,49,16,7,0
1128,2024-12-14 11:20:00,Tough loss for Warriors. Refs were wild.,sports,positive,fr,0,62,12,6,0
1968,2024-08-27 07:42:00,"Refund request for defective laptop, DM sent.",customer_support,negative,es,0,9,1,1,0
559,2024-01-06 22:04:00,Opinion: tax policy will impact seniors the most.,politics,positive,fr,1,72,11,13,0
3906,2025-05-29 20:47:00,Photos from tech summit are up—tag yourself!,event,positive,en,1,57,10,11,0
485,2025-03-15 03:55:00,Use code FREESHIP for free shipping on headphones.,promotion,positive,hi,1,60,8,13,0
1321,2023-01-06 09:18:00,Debate tonight on education reform. What are your thoughts?,politics,neutral,fr,1,35,8,7,0
3405,2025-02-27 08:25:00,Buy 1 get 1 on all laptop until Tuesday.,promotion,positive,es,0,6,2,1,0
8,2023-03-24 05:04:00,Buy 1 get 1 on all sneakers until Sunday.,promotion,neutral,en,0,36,5,10,0
3280,2024-04-27 22:36:00,Not impressed with Initech's coffee maker build quality.,product_feedback,neutral,fr,0,37,9,3,0
3190,2023-08-19 13:30:00,Just had ramen with friends. So good! 😀,personal_update,positive,en,0,74,23,19,0
1451,2024-04-11 11:01:00,Loving the new Umbrella coffee maker! Battery lasts all day.,product_feedback,positive,en,0,45,8,5,0
3981,2023-12-23 07:41:00,Matchday! Tigers vs Royals at 2pm. Predictions?,sports,positive,hi,0,46,8,10,0
1815,2023-11-03 16:39:00,Tough loss for Warriors. Refs were wild.,sports,positive,en,0,10,3,1,0
774,2023-03-29 20:32:00,Latest update on policy change: authorities confirm new info.,news,neutral,de,0,90,12,5,0
1012,2025-03-15 08:49:00,Use code FREESHIP for free shipping on smartwatch.,promotion,neutral,en,0,30,3,2,0
2819,2024-01-13 11:57:00,Friend: ‘We should work out.’ Us: 🤷,meme_joke,positive,en,1,79,30,21,0
3276,2023-10-23 23:36:00,Mental health matters. Take a break. 😂,health_wellness,positive,hi,0,77,29,7,0
1992,2024-12-31 23:51:00,"New day, new goals. #LOL 🔥",personal_update,neutral,fr,0,32,8,8,0
1278,2023-04-09 22:56:00,Record broken: L. Chen sets new high for points.,sports,positive,en,0,47,13,5,0
1784,2023-01-28 11:12:00,"New day, new goals. #Sale 🤔",personal_update,positive,en,0,78,19,9,0
3106,2023-03-02 13:16:00,Feature request: please add faster charging to coffee maker.,product_feedback,positive,es,0,6,1,0,0
447,2024-07-15 12:33:00,Opinion: tax policy will impact small businesses the most.,politics,neutral,es,0,45,14,11,0
881,2025-01-22 00:35:00,The Globex app keeps crashing after update.,customer_support,negative,de,0,4,0,0,0
4460,2024-09-06 17:07:00,Just had pasta with friends. So good! 😅,personal_update,positive,en,0,38,10,2,0
782,2024-03-14 10:03:00,"New day, new goals. #Event 🥲",personal_update,neutral,hi,0,36,8,5,0
1750,2024-04-22 00:06:00,Me: I’ll sleep early. Also me at 3am: 😅,meme_joke,positive,de,0,151,47,26,0
3389,2024-02-13 04:53:00,Exclusive: laptop bundle for $256!,promotion,neutral,fr,1,50,8,3,1
4882,2024-06-24 02:43:00,FLASH SALE: smartwatch at 60% off. Limited time! #Breaking,promotion,neutral,fr,0,46,6,3,1
884,2025-01-01 18:51:00,Feeling excited today! 🙌 #Sports,personal_update,positive,fr,0,46,17,9,0
2945,2024-08-03 11:18:00,"New day, new goals. #Sale 😀",personal_update,positive,fr,0,31,8,5,0
1092,2024-04-14 17:42:00,Report: policy change could affect students.,news,neutral,en,0,91,11,12,0
4784,2024-09-09 14:33:00,Breaking: policy change just happened in London. Details emerging. #Event,news,neutral,en,0,96,33,21,0
532,2023-11-25 03:29:00,Feeling tired today! 🤷 #News,personal_update,neutral,en,0,57,15,14,0
4023,2023-08-06 04:39:00,Just had ramen with friends. So good! 😅,personal_update,positive,en,1,75,26,9,0
4422,2025-03-16 14:55:00,Tried Mediterranean for a week—here’s how I feel.,health_wellness,positive,en,0,25,6,5,0
4099,2024-02-25 05:51:00,Friend: ‘We should work out.’ Us: 🤷,meme_joke,positive,de,1,79,25,13,0
1728,2024-04-05 12:07:00,Livestream starts at 6pm! Don’t miss the book club.,event,positive,es,0,61,15,4,0
611,2025-06-23 17:29:00,The Umbrella app keeps crashing after update.,customer_support,negative,en,0,13,4,1,0
571,2025-03-13 23:23:00,Feature request: please add noise cancellation to laptop.,product_feedback,positive,fr,0,59,11,17,0
2672,2024-11-08 16:36:00,FLASH SALE: smartwatch at 10% off. Limited time! #Health,promotion,positive,en,1,51,7,9,1
3719,2023-05-27 09:33:00,"New day, new goals. #LOL 😂",personal_update,positive,fr,0,14,3,2,0
344,2024-05-06 20:54:00,Feeling tired today! 💖 #LOL,personal_update,positive,de,0,6,1,1,0
3001,2023-05-14 23:40:00,Fact check: claims about healthcare and taxes.,politics,neutral,en,1,52,10,10,0
3140,2023-07-04 06:56:00,Me: I’ll sleep early. Also me at 3am: 💪,meme_joke,positive,en,0,140,42,36,0
435,2024-06-26 09:21:00,Report: power outage could affect small businesses.,news,neutral,hi,0,64,18,12,0
1904,2025-07-27 21:54:00,Missed my brother today. 🙌,personal_update,neutral,fr,0,16,4,0,0
3805,2024-10-04 22:44:00,Meetup at Sydney for book club. RSVP below.,event,positive,es,1,13,2,1,0
4777,2023-04-06 02:15:00,Debate tonight on education reform. What are your thoughts?,politics,negative,hi,1,10,1,2,0
2070,2023-05-06 08:24:00,Just had pasta with friends. So good! 😀,personal_update,neutral,de,1,7,1,0,0
1538,2023-06-01 04:21:00,The Stark app keeps crashing after update.,customer_support,neutral,en,0,13,4,2,0
2253,2023-03-01 19:18:00,Missed my brother today. 😅,personal_update,positive,es,0,25,5,6,0
2347,2024-08-26 23:46:00,Thanks Acme support for resolving my issue fast!,customer_support,positive,en,1,26,6,2,0
1518,2024-02-22 00:21:00,Feature request: please add offline sync to sneakers.,product_feedback,neutral,de,0,39,13,10,0
966,2025-06-04 05:13:00,Fact check: claims about education reform and taxes.,politics,neutral,en,0,62,7,14,0
4407,2023-11-05 20:09:00,Friend: ‘We should work out.’ Us: 🔥,meme_joke,positive,en,0,151,16,20,0
529,2024-08-22 02:40:00,This cat has more confidence than me 🤷,meme_joke,negative,en,0,117,39,25,0
177,2025-06-27 18:57:00,New drop: coffee maker! Grab yours today.,promotion,neutral,en,0,6,0,1,0
3483,2025-01-08 16:08:00,Me: I’ll sleep early. Also me at 3am: 😂,meme_joke,neutral,de,0,14,1,3,0
2544,2023-05-21 22:35:00,Livestream starts at 6pm! Don’t miss the charity run.,event,neutral,en,0,79,30,8,0
4936,2023-11-16 11:40:00,Heads up: weather alert expected later this week.,news,neutral,de,1,31,11,4,0
573,2023-03-27 03:29:00,Countdown to charity run: only 6 days left!,event,neutral,de,1,84,10,9,0
2300,2024-10-13 09:15:00,When you open the fridge and forget why you came: 🥲 #relatable,meme_joke,neutral,en,1,45,17,9,0
3509,2023-05-12 04:00:00,Feeling tired today! 🎉 #Breaking,personal_update,negative,en,0,46,17,2,0
2460,2025-04-04 14:24:00,Debate tonight on education reform. What are your thoughts?,politics,neutral,en,0,65,12,8,0
3610,2024-10-19 13:25:00,Buy 1 get 1 on all laptop until Thursday.,promotion,neutral,en,1,13,2,3,0
4555,2024-09-05 01:33:00,Join us at the tech summit this Tuesday! Tickets available now. #Sale,event,positive,en,0,41,7,8,0
2209,2023-09-25 13:43:00,Use code BUNDLE for free shipping on laptop.,promotion,positive,en,0,63,8,6,1
4721,2025-07-13 15:16:00,The headphones design is sleek but camera needs work.,product_feedback,neutral,de,0,13,3,2,0
2756,2025-08-08 15:24:00,POV: You at 8am meetings 💖💖,meme_joke,neutral,en,0,57,22,11,0
384,2023-10-23 00:14:00,Friend: ‘We should work out.’ Us: 🎉,meme_joke,positive,hi,1,19,6,1,0
853,2023-12-31 11:12:00,Tough loss for Warriors. Refs were wild.,sports,positive,en,0,37,4,10,0
1881,2024-11-24 09:48:00,Just had paneer tikka with friends. So good! 🥲,personal_update,positive,es,0,70,22,3,0
371,2025-02-23 04:51:00,Use code BUNDLE for free shipping on coffee maker.,promotion,neutral,hi,1,6,2,0,0
2379,2024-03-08 02:46:00,Loving the new Stark coffee maker! Battery lasts all day.,product_feedback,neutral,es,0,35,8,5,0
4324,2025-03-27 08:39:00,Feature request: please add noise cancellation to smartwatch.,product_feedback,positive,en,0,41,15,3,0
1106,2024-10-05 20:16:00,Latest update on concert announcement: authorities confirm new info.,news,neutral,de,1,31,3,3,0
3414,2024-12-16 15:07:00,Having trouble logging into my Initech account—any fix?,customer_support,negative,en,0,5,1,0,0
3947,2023-05-15 10:25:00,Public health update: market rally cases rising in Delhi.,health_wellness,neutral,en,0,7,2,0,0
1337,2023-12-15 21:43:00,Debate tonight on privacy law. What are your thoughts?,politics,negative,de,1,42,6,9,0
2190,2023-10-04 18:06:00,Debate tonight on education reform. What are your thoughts?,politics,positive,en,0,62,14,3,0
4595,2025-06-05 00:12:00,Meetup at New York for community fair. RSVP below.,event,positive,fr,0,33,10,6,0
2320,2023-04-08 03:55:00,Just had pasta with friends. So good! 😂,personal_update,positive,en,0,28,11,1,0
4706,2025-07-18 00:42:00,Friend: ‘We should work out.’ Us: 💪,meme_joke,positive,en,0,86,23,24,0
3711,2025-05-01 14:33:00,New drop: smartwatch! Grab yours today.,promotion,positive,en,1,45,17,6,0
4849,2023-08-03 04:26:00,Warriors with an unbelievable win tonight! #Event,sports,neutral,en,0,57,18,14,0
1172,2024-08-07 05:11:00,Loving the new Stark laptop! Battery lasts all day.,product_feedback,neutral,hi,1,5,0,0,0
4326,2025-05-07 22:29:00,Rally at Delhi calling for tax policy reform.,politics,neutral,hi,1,12,3,1,0
2695,2023-02-09 01:38:00,Friend: ‘We should work out.’ Us: 💪,meme_joke,neutral,en,1,123,18,29,0
1423,2024-03-19 08:26:00,Just had paneer tikka with friends. So good! 😂,personal_update,neutral,en,0,30,7,5,0
2342,2023-10-31 10:20:00,The Stark app keeps crashing after update.,customer_support,negative,en,0,4,1,0,0
2652,2024-10-23 12:59:00,Countdown to music festival: only 3 days left!,event,positive,es,0,55,18,15,0
4156,2024-12-30 05:35:00,This cat has more confidence than me 😀,meme_joke,positive,hi,0,81,16,20,0
1465,2023-03-23 22:27:00,Buy 1 get 1 on all sneakers until Wednesday.,promotion,positive,en,1,16,6,1,0
875,2025-05-20 10:11:00,Starting a 30-day cycling challenge. Who’s in?,health_wellness,neutral,es,0,54,18,9,0
3340,2024-04-03 13:36:00,Public health update: market rally cases rising in Berlin.,health_wellness,neutral,en,1,33,8,8,0
4341,2024-06-14 23:49:00,Report: weather alert could affect seniors.,news,positive,en,1,99,14,12,0
1252,2025-02-05 17:41:00,Use code BUNDLE for free shipping on laptop.,promotion,positive,de,0,25,4,6,1
2349,2025-02-07 22:20:00,"New day, new goals. #Breaking 🔥",personal_update,positive,es,0,6,1,1,0
841,2023-08-23 15:21:00,"New day, new goals. #Sports 🤷",personal_update,neutral,en,0,31,11,6,0
4569,2023-10-24 20:32:00,Updating to say smartwatch performance improved after patch.,product_feedback,positive,de,0,45,15,10,0
582,2024-07-18 06:39:00,Missed my brother today. 😀,personal_update,positive,en,1,66,9,4,0
205,2024-09-03 16:48:00,The Stark app keeps crashing after update.,customer_support,neutral,hi,0,12,1,1,0
1642,2024-06-14 08:00:00,Weekend vibes at the London! 💪,personal_update,negative,en,0,17,2,2,0
2015,2024-11-28 22:37:00,POV: You at 8am meetings 🤷🤷,meme_joke,positive,en,0,42,14,5,0
906,2023-06-02 15:53:00,Missed my sister today. 💖,personal_update,neutral,de,1,59,6,6,0
632,2023-05-25 09:28:00,Me: I’ll sleep early. Also me at 3am: 😴,meme_joke,positive,de,0,103,30,14,0
3365,2024-07-08 12:29:00,This cat has more confidence than me 😅,meme_joke,neutral,es,0,24,2,5,0
1975,2025-04-16 15:03:00,Buy 1 get 1 on all sneakers until Friday.,promotion,neutral,en,0,50,10,8,0
163,2024-04-25 22:41:00,"Hi Globex, my order #27241 hasn’t arrived. Please help.",customer_support,neutral,hi,0,16,2,4,0
3173,2024-08-24 03:41:00,Breaking: weather alert just happened in Mumbai. Details emerging. #Health,news,neutral,hi,1,111,44,24,0
3613,2025-02-21 20:04:00,This cat has more confidence than me 🤷,meme_joke,neutral,fr,0,87,11,10,0
4676,2023-08-15 13:13:00,Use code BUNDLE for free shipping on headphones.,promotion,neutral,en,0,3,0,0,0
618,2024-07-04 01:24:00,Having trouble logging into my Globex account—any fix?,customer_support,negative,en,0,3,0,0,0
4069,2023-11-09 04:18:00,Use code WELCOME10 for free shipping on smartwatch.,promotion,neutral,en,0,27,6,1,1
1432,2024-09-11 19:48:00,Weekend vibes at the Sydney! 🎉,personal_update,neutral,es,0,60,13,15,0
548,2023-04-02 09:04:00,Tried low-carb for a week—here’s how I feel.,health_wellness,neutral,en,0,59,6,15,0
3335,2024-07-16 07:56:00,Fact check: claims about climate action and taxes.,politics,positive,en,0,62,14,13,0
4547,2025-03-09 15:56:00,The headphones design is sleek but camera needs work.,product_feedback,negative,hi,0,16,2,2,0
4224,2024-12-18 03:16:00,Me: I’ll sleep early. Also me at 3am: 🤷,meme_joke,positive,de,0,42,12,4,0
2388,2024-12-09 22:20:00,POV: You at 8am meetings 😂😂,meme_joke,positive,en,0,12,4,3,0
4244,2023-09-18 08:44:00,"New day, new goals. #LOL 🙌",personal_update,neutral,hi,0,13,3,3,0
3996,2023-06-10 20:29:00,"Hi Initech, my order #22063 hasn’t arrived. Please help.",customer_support,positive,en,1,29,7,8,0
4066,2024-09-13 02:38:00,Me: I’ll sleep early. Also me at 3am: 🤷,meme_joke,neutral,es,0,20,4,3,0
1862,2025-05-15 21:50:00,Not impressed with Umbrella's coffee maker build quality.,product_feedback,positive,fr,0,45,6,2,0
641,2024-02-07 21:39:00,In-depth: What policy change means for New York.,news,neutral,en,0,24,3,2,0
3903,2024-12-20 11:41:00,Tried low-carb for a week—here’s how I feel.,health_wellness,neutral,hi,0,55,21,10,0
638,2024-08-13 01:23:00,Mental health matters. Take a break. 😂,health_wellness,neutral,hi,0,26,9,4,0
4263,2024-12-17 20:12:00,This cat has more confidence than me 🎉,meme_joke,neutral,de,0,75,17,4,0
3911,2023-06-25 12:50:00,"New day, new goals. #Sports 🤷",personal_update,negative,es,1,21,4,5,0
2987,2025-01-30 05:24:00,Countdown to charity run: only 10 days left!,event,neutral,de,0,61,7,11,0
2097,2023-03-24 02:01:00,Public health update: power outage cases rising in Mumbai.,health_wellness,positive,en,1,77,25,14,0
4612,2023-10-05 09:19:00,Opinion: healthcare will impact students the most.,politics,negative,en,0,41,10,5,0
3076,2024-12-22 17:07:00,Just had ramen with friends. So good! 🎉,personal_update,positive,en,0,69,17,14,0
3675,2023-05-11 15:14:00,Countdown to music festival: only 9 days left!,event,positive,en,0,79,9,17,0
2842,2024-09-22 03:04:00,Latest update on concert announcement: authorities confirm new info.,news,neutral,fr,1,39,4,6,0
922,2023-11-07 13:44:00,Livestream starts at 2pm! Don’t miss the tech summit.,event,positive,en,1,66,10,12,0
547,2023-06-06 17:21:00,Exclusive: laptop bundle for $234!,promotion,neutral,en,1,22,3,3,1
3667,2023-08-14 19:30:00,Having trouble logging into my Initech account—any fix?,customer_support,negative,en,0,2,0,0,0
1901,2024-07-16 14:54:00,Transfer rumor: K. Garcia to United?,sports,negative,en,0,4,1,1,0
2029,2024-05-04 12:49:00,In-depth: What weather alert means for Toronto.,news,positive,en,1,130,50,37,0
2302,2023-06-27 00:48:00,Weekend vibes at the London! 🥲,personal_update,positive,hi,0,24,3,4,0
1886,2023-10-04 15:27:00,New drop: laptop! Grab yours today.,promotion,positive,en,1,53,7,10,0
1643,2024-09-01 12:27:00,Report: weather alert could affect small businesses.,news,neutral,en,0,14,5,2,0
3510,2025-01-03 11:35:00,Reminder: drink water and stretch today! 😴,health_wellness,positive,en,0,21,2,6,0
4810,2024-10-03 00:57:00,"New day, new goals. #LOL 🎉",personal_update,neutral,en,0,16,1,2,0
2098,2025-03-10 06:12:00,Opinion: healthcare will impact students the most.,politics,negative,en,0,3,1,0,0
4358,2025-05-20 18:38:00,Missed my dad today. 💖,personal_update,positive,hi,0,59,10,5,0
3789,2023-02-17 07:12:00,Missed my grandma today. 😴,personal_update,positive,en,0,59,16,17,0
4495,2025-02-11 10:20:00,Debate tonight on climate action. What are your thoughts?,politics,neutral,de,0,49,10,3,0
4968,2023-09-04 07:05:00,Weekend vibes at the London! 🎉,personal_update,negative,en,1,54,11,14,0
837,2023-08-24 07:16:00,"Hi Globex, my order #46758 hasn’t arrived. Please help.",customer_support,neutral,en,0,10,3,1,0
602,2024-04-26 06:02:00,Weekend vibes at the London! 🤔,personal_update,positive,es,0,36,7,8,0
2185,2025-06-26 21:28:00,Feature request: please add noise cancellation to smartwatch.,product_feedback,neutral,en,0,40,6,6,0
3866,2024-12-26 13:46:00,Meetup at London for book club. RSVP below.,event,positive,en,0,23,3,5,0
2482,2023-11-14 17:55:00,"New day, new goals. #Sports 🔥",personal_update,neutral,hi,0,52,10,2,0
4308,2025-05-07 23:42:00,"New day, new goals. #Health 😴",personal_update,positive,hi,0,52,15,9,0
1583,2023-04-23 09:39:00,Just had biryani with friends. So good! 🥲,personal_update,neutral,en,0,35,12,2,0
4267,2023-10-04 06:51:00,Just had sushi with friends. So good! 🙌,personal_update,positive,hi,1,49,7,10,0
2534,2024-11-01 15:50:00,Updating to say smartwatch performance improved after patch.,product_feedback,neutral,fr,0,36,11,4,0
2726,2025-03-30 00:08:00,Mental health matters. Take a break. 🥲,health_wellness,neutral,en,0,57,16,11,0
1071,2023-05-25 14:10:00,United with an unbelievable win tonight! #News,sports,neutral,en,1,69,14,18,0
1776,2025-03-13 14:53:00,Me: I’ll sleep early. Also me at 3am: 🙌,meme_joke,positive,en,0,103,30,18,0
4809,2024-10-17 22:25:00,Rally at Mumbai calling for privacy law reform.,politics,neutral,de,0,45,9,3,0
1284,2024-11-18 05:31:00,Report: weather alert could affect commuters.,news,neutral,en,1,100,28,14,0
3051,2023-03-23 11:01:00,Weekend vibes at the New York! 🤷,personal_update,positive,de,0,61,6,6,0
4754,2024-02-07 23:34:00,Exclusive: headphones bundle for $252!,promotion,positive,en,1,68,17,19,0
1837,2024-09-16 19:18:00,POV: You at 8am meetings 🤷🤷,meme_joke,positive,en,1,29,3,6,0
4243,2024-05-02 17:16:00,Buy 1 get 1 on all headphones until Wednesday.,promotion,positive,de,1,60,21,16,0
1020,2025-07-26 12:45:00,Latest update on weather alert: authorities confirm new info.,news,negative,en,0,64,14,10,0
4134,2023-02-09 11:22:00,Countdown to tech summit: only 1 days left!,event,positive,en,1,18,2,4,0
1327,2023-01-25 09:15:00,Thanks Stark support for resolving my issue fast!,customer_support,negative,de,0,4,0,0,0
476,2023-08-17 14:16:00,Friend: ‘We should work out.’ Us: 😅,meme_joke,neutral,en,0,69,26,17,0
4272,2025-05-04 01:04:00,POV: You at 8am meetings 😀😀,meme_joke,positive,en,0,114,23,14,0
1652,2023-08-01 06:45:00,Breaking: power outage just happened in Berlin. Details emerging. #News,news,neutral,es,0,44,9,9,0
3999,2023-02-24 17:44:00,Public health update: market rally cases rising in Toronto.,health_wellness,neutral,fr,0,7,1,1,0
4468,2025-04-22 02:18:00,Tough loss for City. Refs were wild.,sports,positive,en,0,99,13,13,0
2611,2024-09-30 16:41:00,The coffee maker design is sleek but camera needs work.,product_feedback,positive,en,0,28,10,7,0
2477,2023-10-31 01:06:00,Missed my brother today. 🤔,personal_update,negative,en,0,9,1,1,0
2584,2023-06-10 10:13:00,In-depth: What power outage means for Delhi.,news,positive,en,0,47,18,5,0
1374,2024-10-20 05:03:00,When you open the fridge and forget why you came: 🙌 #relatable,meme_joke,positive,en,1,84,18,19,0
740,2023-08-30 04:29:00,New bill on tax policy passes in New York.,politics,neutral,en,0,6,2,1,0
3619,2024-05-18 17:59:00,Feature request: please add faster charging to headphones.,product_feedback,negative,es,0,40,4,11,0
2441,2023-06-23 18:00:00,Just had biryani with friends. So good! 🤷,personal_update,neutral,en,0,43,4,11,0
868,2023-01-20 11:20:00,The Globex app keeps crashing after update.,customer_support,neutral,en,1,11,3,0,0
1141,2023-03-19 17:14:00,Use code DEAL50 for free shipping on coffee maker.,promotion,neutral,en,1,48,7,5,1
998,2023-10-24 00:20:00,Latest update on concert announcement: authorities confirm new info.,news,neutral,en,0,69,19,6,0
1338,2024-04-14 13:58:00,"Refund request for defective smartwatch, DM sent.",customer_support,neutral,en,0,1,0,0,0
542,2024-10-25 02:12:00,"New day, new goals. #LOL 😀",personal_update,neutral,fr,1,38,15,7,0
1100,2024-04-29 15:31:00,Livestream starts at 10am! Don’t miss the tech summit.,event,neutral,fr,1,53,8,11,0
1133,2024-09-26 06:23:00,Photos from music festival are up—tag yourself!,event,positive,en,1,83,22,6,0
4065,2024-07-25 08:18:00,Public health update: data breach cases rising in London.,health_wellness,neutral,de,0,10,1,1,0
2716,2023-03-15 20:35:00,"Refund request for defective smartwatch, DM sent.",customer_support,negative,en,0,1,0,0,0
2259,2023-03-29 12:22:00,Report: concert announcement could affect commuters.,news,positive,hi,1,116,12,30,0
4751,2023-09-08 15:23:00,POV: You at 8am meetings 😴😴,meme_joke,positive,en,0,114,43,27,0
60,2024-11-09 15:33:00,Exclusive: headphones bundle for $75!,promotion,neutral,es,1,36,5,4,0
2884,2024-08-04 22:08:00,New drop: headphones! Grab yours today.,promotion,positive,de,1,36,14,3,0
1939,2024-05-23 01:18:00,Loving the new Globex laptop! Battery lasts all day.,product_feedback,negative,fr,0,37,9,8,0
2577,2023-07-27 15:26:00,Mental health matters. Take a break. 💖,health_wellness,positive,de,0,27,8,3,0
4937,2025-07-19 10:01:00,Opinion: tax policy will impact commuters the most.,politics,neutral,de,0,70,22,13,0
1079,2023-08-30 09:11:00,Updating to say headphones performance improved after patch.,product_feedback,negative,de,0,34,11,9,0
3250,2023-01-26 22:32:00,Having trouble logging into my Umbrella account—any fix?,customer_support,negative,en,1,4,1,0,0
3128,2024-09-14 12:45:00,New drop: coffee maker! Grab yours today.,promotion,neutral,de,1,5,0,0,0
2489,2023-10-10 23:32:00,Missed my dad today. 😅,personal_update,positive,en,0,56,13,16,0
941,2024-11-24 15:47:00,Weekend vibes at the Mumbai! 💖,personal_update,negative,de,1,57,20,5,0
1081,2023-12-21 09:56:00,Updating to say laptop performance improved after patch.,product_feedback,negative,en,0,8,1,0,0
188,2024-10-31 21:33:00,When you open the fridge and forget why you came: 🤔 #relatable,meme_joke,neutral,fr,1,20,4,2,0
2635,2025-05-19 14:51:00,"Refund request for defective headphones, DM sent.",customer_support,negative,en,0,9,1,0,0
2086,2023-02-13 08:04:00,Thanks Initech support for resolving my issue fast!,customer_support,neutral,en,1,6,2,1,0
2250,2023-10-08 01:35:00,Weekend vibes at the Delhi! 🥲,personal_update,neutral,en,0,6,1,0,0
4891,2023-10-12 02:59:00,Feeling excited today! 😅 #Sports,personal_update,positive,en,0,44,4,7,0
2024,2023-03-16 03:51:00,Meetup at New York for charity run. RSVP below.,event,neutral,fr,1,19,2,3,0
3540,2024-08-02 09:30:00,Feeling meh today! 💪 #Breaking,personal_update,positive,fr,0,30,5,8,0
4049,2024-02-10 15:28:00,The smartwatch design is sleek but camera needs work.,product_feedback,positive,en,1,55,19,10,0
3607,2023-06-11 12:10:00,Matchday! Tigers vs Royals at 10am. Predictions?,sports,positive,en,0,81,11,16,0
227,2024-12-01 09:53:00,Weekend vibes at the Toronto! 🤔,personal_update,positive,en,1,66,12,19,0
4848,2023-01-12 15:36:00,Starting a 30-day strength challenge. Who’s in?,health_wellness,neutral,fr,0,68,14,14,0
1930,2023-12-14 00:15:00,New drop: smartwatch! Grab yours today.,promotion,positive,en,1,38,5,10,0
3056,2023-08-24 09:07:00,POV: You at 8am meetings 🤔🤔,meme_joke,positive,en,0,38,9,7,0
4490,2023-06-11 06:39:00,Meetup at Mumbai for book club. RSVP below.,event,positive,en,1,40,10,7,0
1405,2023-09-05 00:12:00,Public health update: concert announcement cases rising in Berlin.,health_wellness,neutral,en,0,55,8,10,0
2180,2023-04-25 11:09:00,Latest update on market rally: authorities confirm new info.,news,positive,en,1,82,20,9,0
698,2025-05-18 00:54:00,Opinion: healthcare will impact commuters the most.,politics,negative,en,1,42,14,8,0
1125,2023-01-15 23:38:00,Just had tacos with friends. So good! 😅,personal_update,positive,en,0,49,5,5,0
3362,2023-04-02 22:15:00,FLASH SALE: sneakers at 60% off. Limited time! #MondayMotivation,promotion,neutral,en,0,20,6,2,0
4136,2024-05-29 13:20:00,Me: I’ll sleep early. Also me at 3am: 😅,meme_joke,neutral,es,0,21,7,4,0
1779,2024-07-31 01:50:00,Tough loss for Warriors. Refs were wild.,sports,positive,fr,0,83,27,20,0
2859,2025-06-13 00:43:00,When you open the fridge and forget why you came: 🙌 #relatable,meme_joke,positive,fr,0,27,5,2,0
1038,2025-05-15 20:23:00,Rally at Delhi calling for tax policy reform.,politics,positive,en,0,9,2,2,0
4457,2024-09-11 03:27:00,Tough loss for Royals. Refs were wild.,sports,negative,en,0,45,6,5,0
2257,2024-04-30 03:59:00,Thanks Umbrella support for resolving my issue fast!,customer_support,neutral,en,1,20,5,2,0
314,2025-06-06 03:07:00,Feeling excited today! 😀 #Health,personal_update,negative,fr,1,43,4,12,0
2282,2023-12-26 09:12:00,Tried keto for a week—here’s how I feel.,health_wellness,neutral,en,0,30,11,4,0
1417,2024-10-12 16:14:00,Feature request: please add faster charging to smartwatch.,product_feedback,positive,en,0,2,0,0,0
1037,2024-11-27 03:10:00,In-depth: What policy change means for Mumbai.,news,neutral,en,0,91,32,20,0
2160,2024-07-15 08:15:00,Just had ramen with friends. So good! 💖,personal_update,neutral,hi,0,53,12,7,0
4164,2024-12-09 10:37:00,Missed my brother today. 😂,personal_update,positive,en,0,75,19,6,0
1755,2025-02-28 09:21:00,Tough loss for United. Refs were wild.,sports,positive,en,0,103,12,27,0
3113,2024-02-13 02:54:00,Just had tacos with friends. So good! 🤔,personal_update,positive,en,0,17,5,2,0
2814,2023-12-11 05:11:00,Record broken: A. Singh sets new high for runs.,sports,positive,es,0,98,34,13,0
2699,2025-03-21 15:25:00,When you open the fridge and forget why you came: 🤷 #relatable,meme_joke,positive,en,1,40,5,4,0
3208,2024-11-07 11:57:00,Latest update on weather alert: authorities confirm new info.,news,neutral,fr,0,87,18,24,0
4351,2023-07-06 20:50:00,Livestream starts at 10am! Don’t miss the community fair.,event,positive,en,1,40,6,2,0
3432,2023-05-04 08:25:00,Transfer rumor: K. Garcia to City?,sports,positive,en,0,31,11,6,0
1507,2023-09-08 03:18:00,"New day, new goals. #Sports 🙌",personal_update,neutral,hi,0,38,12,11,0
1924,2025-06-24 22:19:00,The Umbrella app keeps crashing after update.,customer_support,negative,fr,0,5,0,1,0
449,2023-12-26 21:31:00,Public health update: data breach cases rising in London.,health_wellness,neutral,en,0,59,18,12,0
4129,2025-03-08 23:40:00,FLASH SALE: headphones at 50% off. Limited time! #Fitness,promotion,neutral,en,0,19,6,3,0
2529,2024-10-03 19:03:00,Transfer rumor: J. Smith to Tigers?,sports,neutral,fr,1,44,11,11,0
4970,2025-05-29 03:45:00,Missed my brother today. 🤷,personal_update,positive,en,1,24,7,4,0
2790,2025-03-14 17:54:00,Updating to say sneakers performance improved after patch.,product_feedback,positive,hi,0,12,3,1,0
362,2024-03-12 18:46:00,This cat has more confidence than me 🔥,meme_joke,neutral,en,0,80,14,22,0
2184,2025-07-04 11:08:00,Missed my brother today. 🥲,personal_update,positive,es,0,60,8,11,0
1135,2023-07-08 12:24:00,The Stark app keeps crashing after update.,customer_support,neutral,en,0,14,2,2,0
3881,2023-11-18 20:15:00,Warriors with an unbelievable win tonight! #Breaking,sports,neutral,en,0,23,8,4,0
2156,2024-04-05 09:20:00,Exclusive: smartwatch bundle for $294!,promotion,neutral,en,1,33,11,4,0
1831,2025-01-26 01:36:00,Weekend vibes at the London! 🤔,personal_update,neutral,es,0,24,6,6,0
1054,2025-07-26 07:10:00,In-depth: What concert announcement means for Mumbai.,news,neutral,fr,0,87,15,25,0
23,2024-09-27 01:39:00,Feeling tired today! 🤔 #Breaking,personal_update,positive,en,0,80,31,10,0
2067,2023-12-20 14:33:00,Missed my grandma today. 💪,personal_update,positive,en,0,79,30,16,0
1654,2023-02-06 04:18:00,"Hi Acme, my order #84644 hasn’t arrived. Please help.",customer_support,negative,en,0,2,0,0,0
2588,2023-11-25 07:21:00,Starting a 30-day strength challenge. Who’s in?,health_wellness,neutral,en,0,10,3,0,0
3211,2025-05-06 17:02:00,The sneakers design is sleek but camera needs work.,product_feedback,negative,fr,0,30,9,3,0
4303,2025-04-24 04:12:00,Meetup at Berlin for tech summit. RSVP below.,event,negative,en,1,52,12,9,0
4037,2024-05-27 22:05:00,Livestream starts at 8pm! Don’t miss the tech summit.,event,neutral,en,1,92,35,24,0
2326,2024-11-04 07:51:00,Opinion: climate action will impact seniors the most.,politics,negative,en,0,55,18,9,0
461,2024-10-22 22:04:00,Join us at the tech summit this Wednesday! Tickets available now. #Health,event,neutral,fr,0,11,3,2,0
1068,2023-06-02 12:51:00,The Stark app keeps crashing after update.,customer_support,negative,fr,0,8,1,1,0
88,2024-02-26 19:43:00,Loving the new Initech sneakers! Battery lasts all day.,product_feedback,neutral,fr,0,15,4,1,0
1431,2024-11-21 03:08:00,Feature request: please add offline sync to smartwatch.,product_feedback,positive,fr,0,37,14,8,0
2648,2025-01-15 21:47:00,New drop: sneakers! Grab yours today.,promotion,neutral,en,0,40,4,2,0
283,2023-05-30 07:17:00,"Hi Stark, my order #13396 hasn’t arrived. Please help.",customer_support,negative,en,0,11,4,2,0
463,2025-03-02 03:17:00,"New day, new goals. #LOL 🥲",personal_update,positive,en,1,30,8,2,0
213,2025-02-22 21:21:00,"New day, new goals. #Sale 🔥",personal_update,neutral,en,1,18,3,3,0
2500,2023-08-27 05:34:00,Missed my brother today. 🥲,personal_update,neutral,hi,1,20,7,4,0
1369,2025-02-08 00:19:00,Feeling meh today! 😀 #Breaking,personal_update,positive,en,0,67,17,10,0
235,2024-04-01 20:13:00,FLASH SALE: smartwatch at 20% off. Limited time! #Breaking,promotion,neutral,de,1,42,15,9,0
2771,2024-07-23 19:21:00,Me: I’ll sleep early. Also me at 3am: 😅,meme_joke,neutral,hi,0,52,12,3,0
598,2023-03-21 18:49:00,Feeling grateful today! 😴 #Sale,personal_update,positive,hi,0,59,23,6,0
4421,2024-11-21 04:44:00,Debate tonight on healthcare. What are your thoughts?,politics,neutral,en,0,25,3,3,0
2251,2025-06-15 00:46:00,Livestream starts at 8pm! Don’t miss the charity run.,event,positive,fr,1,15,4,3,0
4032,2023-02-11 00:02:00,FLASH SALE: sneakers at 70% off. Limited time! #Sale,promotion,neutral,hi,0,8,1,0,0
2284,2024-05-15 08:02:00,Updating to say laptop performance improved after patch.,product_feedback,positive,de,1,37,8,5,0
663,2025-05-27 21:27:00,Feeling grateful today! 😂 #Fitness,personal_update,neutral,en,0,38,5,4,0
4964,2023-02-16 21:01:00,The Stark app keeps crashing after update.,customer_support,neutral,en,0,13,1,3,0
2286,2023-02-17 19:06:00,Just had paneer tikka with friends. So good! 😀,personal_update,positive,en,0,18,2,1,0
4717,2024-01-18 19:14:00,Latest update on market rally: authorities confirm new info.,news,neutral,en,1,113,36,12,0
3194,2023-05-10 18:16:00,Join us at the community fair this Thursday! Tickets available now. #Tech,event,negative,en,1,10,1,2,0
2504,2023-02-14 22:16:00,Breaking: market rally just happened in Toronto. Details emerging. #Sports,news,neutral,en,0,112,14,12,0
4044,2025-02-27 17:02:00,Starting a 30-day cycling challenge. Who’s in?,health_wellness,positive,de,1,46,7,4,0
780,2024-03-04 03:42:00,Having trouble logging into my Acme account—any fix?,customer_support,negative,en,0,11,1,0,0
4020,2025-02-09 11:19:00,Countdown to book club: only 6 days left!,event,neutral,hi,0,28,6,2,0
3427,2024-11-18 20:35:00,City with an unbelievable win tonight! #Sports,sports,positive,fr,0,32,8,6,0
4307,2024-06-16 06:35:00,Heads up: power outage expected later this week.,news,neutral,en,0,16,4,0,0
3197,2023-06-27 15:48:00,Friend: ‘We should work out.’ Us: 💖,meme_joke,positive,en,0,155,59,18,0
4836,2025-04-08 16:55:00,Weekend vibes at the Sydney! 💖,personal_update,negative,en,0,21,8,4,0
686,2023-05-15 04:05:00,Feeling happy today! 🔥 #Event,personal_update,negative,de,1,26,8,2,0
3170,2024-08-16 02:13:00,Rally at London calling for privacy law reform.,politics,neutral,en,0,7,1,0,0
3927,2024-08-06 01:47:00,Just had ramen with friends. So good! 🎉,personal_update,positive,en,0,66,26,5,0
3435,2024-04-25 17:44:00,"New day, new goals. #Health 💖",personal_update,positive,en,0,21,7,5,0
2172,2024-09-05 01:40:00,Opinion: education reform will impact seniors the most.,politics,positive,en,0,42,8,3,0
3690,2023-07-30 09:41:00,The Acme app keeps crashing after update.,customer_support,negative,en,0,12,4,1,0
1851,2025-07-17 06:07:00,The laptop design is sleek but camera needs work.,product_feedback,neutral,en,0,20,3,4,0
488,2024-08-23 06:40:00,Feeling grateful today! 🙌 #LOL,personal_update,neutral,es,1,32,5,8,0
1689,2024-06-15 19:12:00,Just had tacos with friends. So good! 🥲,personal_update,neutral,en,0,18,2,4,0
2231,2024-11-03 00:37:00,Thanks Globex support for resolving my issue fast!,customer_support,neutral,fr,1,11,1,1,0
3265,2024-05-19 07:16:00,Just had ramen with friends. So good! 🔥,personal_update,negative,en,0,50,15,11,0
2321,2024-09-17 16:54:00,The Initech app keeps crashing after update.,customer_support,negative,en,0,18,7,2,0
783,2024-05-12 03:34:00,Updating to say smartwatch performance improved after patch.,product_feedback,positive,hi,1,17,2,1,0
522,2023-02-08 02:53:00,Report: concert announcement could affect students.,news,neutral,hi,0,52,14,6,0
523,2023-12-29 05:29:00,Join us at the community fair this Tuesday! Tickets available now. #News,event,positive,es,0,106,35,6,0
2838,2024-08-19 06:50:00,In-depth: What weather alert means for Mumbai.,news,neutral,es,0,101,20,6,0
4540,2023-04-14 07:55:00,Breaking: concert announcement just happened in Berlin. Details emerging. #News,news,neutral,fr,1,95,33,21,0
2399,2023-09-24 21:42:00,Updating to say sneakers performance improved after patch.,product_feedback,neutral,hi,0,38,6,10,0
2208,2024-02-04 00:04:00,Latest update on market rally: authorities confirm new info.,news,neutral,en,1,120,46,21,0
3478,2023-03-27 04:04:00,Transfer rumor: A. Singh to City?,sports,positive,en,0,28,10,6,0
3553,2024-04-19 13:13:00,Feeling meh today! 🎉 #LOL,personal_update,neutral,de,0,43,7,7,0
4088,2023-10-30 21:54:00,Missed my grandma today. 💖,personal_update,neutral,es,0,52,5,15,0
2823,2023-10-10 10:43:00,This cat has more confidence than me 😴,meme_joke,neutral,en,0,138,35,14,0
1512,2024-10-09 09:17:00,Weekend vibes at the Berlin! 🎉,personal_update,negative,en,0,55,19,10,0
1883,2025-04-08 16:49:00,New drop: laptop! Grab yours today.,promotion,positive,en,1,52,9,14,0
652,2024-04-12 08:01:00,Feeling meh today! 💖 #Breaking,personal_update,negative,de,0,3,0,0,0
4931,2025-04-05 22:06:00,When you open the fridge and forget why you came: 🙌 #relatable,meme_joke,positive,es,1,67,10,5,0
3090,2023-06-10 01:01:00,Weekend vibes at the Toronto! 🙌,personal_update,positive,fr,0,46,10,6,0
370,2024-08-30 18:44:00,Missed my grandma today. 🔥,personal_update,positive,es,0,7,1,1,0
4998,2023-02-03 09:58:00,Use code DEAL50 for free shipping on smartwatch.,promotion,neutral,en,0,26,6,7,1
119,2025-05-14 14:21:00,Just had tacos with friends. So good! 💖,personal_update,negative,de,1,26,9,6,0
3321,2023-01-05 23:18:00,In-depth: What concert announcement means for Sydney.,news,positive,en,1,133,17,19,0
3035,2024-02-07 12:31:00,Heads up: data breach expected later this week.,news,neutral,en,0,15,2,3,0
2217,2023-11-27 15:26:00,FLASH SALE: coffee maker at 30% off. Limited time! #Tech,promotion,neutral,de,1,7,2,0,1
3543,2024-08-11 02:45:00,Feeling happy today! 🤔 #Health,personal_update,neutral,en,0,27,7,3,0
1614,2024-05-17 23:15:00,Starting a 30-day yoga challenge. Who’s in?,health_wellness,positive,en,0,37,5,4,0
3152,2024-07-31 02:45:00,Buy 1 get 1 on all laptop until Friday.,promotion,neutral,de,1,39,12,4,0
963,2025-08-01 07:55:00,Me: I’ll sleep early. Also me at 3am: 🎉,meme_joke,positive,en,0,112,15,9,0
2511,2024-01-14 16:52:00,Join us at the music festival this Saturday! Tickets available now. #News,event,positive,en,1,25,4,5,0
3832,2024-03-11 03:40:00,This cat has more confidence than me 💪,meme_joke,positive,en,0,164,22,48,0
2824,2024-05-22 04:54:00,When you open the fridge and forget why you came: 🥲 #relatable,meme_joke,positive,en,0,23,7,5,0
4344,2024-09-02 03:52:00,Meetup at Sydney for tech summit. RSVP below.,event,neutral,en,1,51,16,3,0
3033,2023-11-17 01:44:00,Photos from book club are up—tag yourself!,event,neutral,es,0,41,9,5,0
2416,2023-06-29 17:39:00,Just had ramen with friends. So good! 🤔,personal_update,neutral,de,0,51,8,5,0
4655,2025-06-19 09:14:00,Countdown to music festival: only 5 days left!,event,positive,de,1,117,41,19,0
4237,2023-01-06 23:28:00,Warriors with an unbelievable win tonight! #Tech,sports,positive,fr,0,62,18,11,0
2186,2024-07-12 13:33:00,Feature request: please add dark mode to coffee maker.,product_feedback,neutral,en,1,6,1,1,0
3670,2023-04-04 18:17:00,New drop: sneakers! Grab yours today.,promotion,neutral,es,1,31,11,2,0
2038,2024-04-04 01:09:00,This cat has more confidence than me 😂,meme_joke,positive,en,0,44,14,9,0
4363,2024-07-25 21:31:00,Photos from book club are up—tag yourself!,event,positive,de,1,24,5,1,0
773,2023-02-11 19:48:00,Feeling happy today! 🎉 #Sports,personal_update,neutral,fr,1,47,9,8,0
1285,2024-08-13 08:33:00,Updating to say headphones performance improved after patch.,product_feedback,neutral,en,0,4,0,0,0
4604,2023-09-01 21:02:00,When you open the fridge and forget why you came: 🥲 #relatable,meme_joke,positive,en,0,167,27,43,0
4795,2025-04-06 23:38:00,In-depth: What data breach means for New York.,news,neutral,es,1,17,3,3,0
1415,2024-02-14 18:58:00,Countdown to music festival: only 3 days left!,event,neutral,en,1,92,34,5,0
1235,2024-11-03 12:42:00,Countdown to book club: only 12 days left!,event,positive,en,0,97,28,19,0
2700,2023-07-25 08:42:00,New drop: smartwatch! Grab yours today.,promotion,positive,en,1,27,10,5,0
436,2024-01-29 04:39:00,Countdown to charity run: only 14 days left!,event,positive,hi,0,10,1,2,0
1675,2024-04-30 07:00:00,Livestream starts at 6pm! Don’t miss the book club.,event,positive,de,0,112,36,25,0
366,2023-12-07 21:54:00,Missed my brother today. 🎉,personal_update,positive,hi,0,29,8,6,0
2650,2024-03-05 11:10:00,This cat has more confidence than me 😴,meme_joke,neutral,en,0,34,9,2,0
232,2025-04-27 16:02:00,"New day, new goals. #Fitness 😴",personal_update,positive,en,0,38,7,3,0
4268,2025-03-20 06:40:00,Exclusive: coffee maker bundle for $162!,promotion,positive,en,1,42,8,3,0
4042,2023-08-20 18:20:00,Updating to say laptop performance improved after patch.,product_feedback,negative,en,0,7,2,1,0
4400,2024-06-03 16:24:00,Debate tonight on education reform. What are your thoughts?,politics,negative,hi,0,19,6,3,0
408,2025-05-27 02:21:00,Latest update on weather alert: authorities confirm new info.,news,neutral,hi,0,109,37,28,0
2091,2023-08-06 05:14:00,Heads up: policy change expected later this week.,news,neutral,fr,1,78,28,16,0
87,2024-05-03 02:08:00,Weekend vibes at the Sydney! 😂,personal_update,positive,en,1,16,4,0,0
845,2023-01-29 07:30:00,Weekend vibes at the Sydney! 😴,personal_update,neutral,es,0,55,9,14,0
1032,2024-11-02 23:24:00,Updating to say sneakers performance improved after patch.,product_feedback,neutral,es,1,18,5,3,0
2856,2024-09-28 11:53:00,Report: concert announcement could affect seniors.,news,negative,de,1,25,4,1,0
4110,2024-01-14 23:05:00,Friend: ‘We should work out.’ Us: 🤔,meme_joke,neutral,de,1,80,27,17,0
4397,2024-06-14 00:22:00,The laptop design is sleek but camera needs work.,product_feedback,negative,de,0,4,0,0,0
3894,2024-03-22 08:57:00,United with an unbelievable win tonight! #Sale,sports,positive,en,0,65,10,17,0
2659,2023-09-14 05:17:00,Meetup at Sydney for music festival. RSVP below.,event,neutral,en,1,21,6,1,0
856,2023-10-01 17:21:00,Updating to say smartwatch performance improved after patch.,product_feedback,positive,fr,0,43,12,11,0
79,2024-11-11 11:10:00,Weekend vibes at the New York! 🤔,personal_update,neutral,en,1,10,1,1,0
2248,2024-03-04 06:11:00,"Refund request for defective headphones, DM sent.",customer_support,negative,en,0,10,2,2,0
4571,2023-01-21 12:21:00,Join us at the book club this Saturday! Tickets available now. #Sports,event,positive,fr,0,54,10,6,0
3657,2024-02-22 08:54:00,Friend: ‘We should work out.’ Us: 💖,meme_joke,positive,fr,0,11,2,2,0
4152,2023-05-19 00:49:00,Missed my sister today. 💖,personal_update,positive,en,0,28,6,6,0
3379,2023-09-04 10:27:00,Photos from charity run are up—tag yourself!,event,neutral,en,0,54,18,2,0
2280,2025-05-30 19:25:00,Weekend vibes at the Sydney! 🙌,personal_update,positive,en,1,9,1,1,0
2599,2023-09-04 13:26:00,Weekend vibes at the London! 🙌,personal_update,neutral,es,1,32,4,5,0
4160,2023-09-17 10:51:00,This cat has more confidence than me 🔥,meme_joke,positive,hi,1,78,11,9,0
3871,2023-01-01 15:55:00,Exclusive: laptop bundle for $216!,promotion,positive,hi,1,58,11,5,0
3429,2025-06-06 16:59:00,Just had biryani with friends. So good! 😴,personal_update,neutral,en,1,7,1,1,0
2177,2025-04-09 22:20:00,Exclusive: headphones bundle for $213!,promotion,neutral,de,0,7,1,0,0
425,2023-10-07 23:43:00,Thanks Globex support for resolving my issue fast!,customer_support,positive,en,0,14,3,3,0
393,2024-06-08 11:01:00,Lions with an unbelievable win tonight! #Fitness,sports,negative,es,0,10,3,0,0
4727,2023-11-19 16:17:00,Latest update on concert announcement: authorities confirm new info.,news,neutral,en,1,22,6,2,0
3694,2024-03-22 09:05:00,Breaking: power outage just happened in Sydney. Details emerging. #Breaking,news,neutral,en,0,63,12,16,0
105,2024-07-19 10:54:00,Exclusive: sneakers bundle for $127!,promotion,neutral,en,1,7,0,1,0
3995,2023-05-03 04:42:00,Transfer rumor: L. Chen to Lions?,sports,neutral,fr,0,7,2,1,0
4413,2025-08-01 21:57:00,Loving the new Initech sneakers! Battery lasts all day.,product_feedback,neutral,en,0,22,4,4,0
1949,2025-05-25 14:59:00,Just had tacos with friends. So good! 😴,personal_update,neutral,en,0,13,3,2,0
1460,2023-01-27 20:59:00,"Refund request for defective laptop, DM sent.",customer_support,negative,en,0,14,3,2,0
3258,2023-05-12 19:06:00,Livestream starts at 2pm! Don’t miss the tech summit.,event,positive,en,0,89,28,12,0
2804,2024-02-14 06:03:00,"New day, new goals. #Health 🤷",personal_update,negative,fr,0,33,12,9,0
2707,2023-10-18 06:14:00,Having trouble logging into my Acme account—any fix?,customer_support,negative,en,0,19,4,2,0
4790,2025-06-27 19:03:00,When you open the fridge and forget why you came: 🙌 #relatable,meme_joke,neutral,en,1,66,17,10,0
1588,2023-12-17 20:17:00,Report: policy change could affect commuters.,news,neutral,en,0,47,18,10,0
3660,2024-09-14 23:49:00,The Globex app keeps crashing after update.,customer_support,neutral,hi,0,12,1,2,0
1732,2025-04-08 08:31:00,Loving the new Stark headphones! Battery lasts all day.,product_feedback,negative,en,1,38,8,4,0
4765,2023-07-03 04:11:00,New drop: smartwatch! Grab yours today.,promotion,positive,de,0,53,6,10,1
4225,2025-07-23 23:57:00,Just had ramen with friends. So good! 🥲,personal_update,positive,en,0,39,11,4,0
3682,2024-11-19 16:47:00,Weekend vibes at the Berlin! 🔥,personal_update,negative,en,0,43,7,3,0
1792,2024-03-14 15:28:00,"New day, new goals. #Fitness 🎉",personal_update,neutral,en,0,39,5,4,0
2356,2023-11-28 08:52:00,Report: data breach could affect students.,news,positive,en,0,87,11,9,0
1941,2025-04-30 05:17:00,Photos from community fair are up—tag yourself!,event,neutral,fr,0,19,7,4,0
703,2025-01-06 19:56:00,Just had biryani with friends. So good! 😴,personal_update,positive,es,0,59,22,13,0
2443,2023-08-11 04:14:00,Record broken: L. Chen sets new high for points.,sports,positive,es,0,77,24,9,0
4376,2023-05-29 09:44:00,"New day, new goals. #Fitness 🎉",personal_update,positive,en,0,80,30,19,0
497,2025-03-16 00:49:00,"Refund request for defective smartwatch, DM sent.",customer_support,negative,de,0,19,5,3,0
465,2024-09-06 11:53:00,Missed my sister today. 😂,personal_update,negative,en,0,11,3,1,0
4072,2024-02-07 16:40:00,Heads up: policy change expected later this week.,news,neutral,en,0,46,13,10,0
4334,2024-01-29 21:56:00,Missed my grandma today. 🙌,personal_update,neutral,es,0,55,20,14,0
173,2024-10-16 06:20:00,"New day, new goals. #Sports 🎉",personal_update,positive,en,0,44,4,10,0
4944,2024-06-03 07:43:00,Matchday! Tigers vs Lions at 8pm. Predictions?,sports,positive,hi,0,102,28,23,0
4797,2023-05-21 09:02:00,This cat has more confidence than me 🥲,meme_joke,positive,fr,0,158,61,18,0
2541,2024-04-21 08:05:00,Breaking: policy change just happened in New York. Details emerging. #Fitness,news,neutral,en,0,33,4,3,0
3263,2025-02-16 12:51:00,Royals with an unbelievable win tonight! #Sale,sports,positive,fr,0,9,1,1,0
4681,2025-04-09 09:17:00,New drop: smartwatch! Grab yours today.,promotion,neutral,en,1,34,4,6,0
2261,2024-05-08 05:06:00,Mental health matters. Take a break. 😅,health_wellness,positive,hi,0,74,8,8,0
2113,2025-07-08 06:15:00,The smartwatch design is sleek but camera needs work.,product_feedback,negative,es,0,36,5,4,0
901,2023-07-21 09:14:00,Matchday! City vs Lions at 6pm. Predictions?,sports,negative,es,1,38,14,4,0
1447,2024-06-10 13:12:00,Feature request: please add noise cancellation to laptop.,product_feedback,positive,en,0,60,20,11,0
3574,2023-11-29 09:15:00,Just had paneer tikka with friends. So good! 🤔,personal_update,negative,en,0,24,5,5,0
742,2024-12-02 15:25:00,"Hi Stark, my order #58443 hasn’t arrived. Please help.",customer_support,neutral,en,0,1,0,0,0
2294,2024-01-05 19:51:00,Photos from book club are up—tag yourself!,event,neutral,hi,1,48,7,9,0
2453,2024-01-12 09:11:00,Feature request: please add dark mode to sneakers.,product_feedback,positive,hi,1,25,5,3,0
2623,2024-06-14 14:16:00,Breaking: power outage just happened in Delhi. Details emerging. #News,news,positive,es,1,42,15,7,0
4079,2024-05-17 16:38:00,Weekend vibes at the Mumbai! 😀,personal_update,positive,hi,1,73,24,6,0
1207,2023-08-26 13:15:00,Buy 1 get 1 on all sneakers until Wednesday.,promotion,neutral,en,0,27,5,4,1
510,2024-02-05 12:04:00,Lions with an unbelievable win tonight! #Sports,sports,positive,en,0,91,32,14,0
2621,2023-12-16 01:04:00,Just had tacos with friends. So good! 💖,personal_update,positive,en,0,11,3,0,0
2803,2025-03-03 22:06:00,Feature request: please add noise cancellation to sneakers.,product_feedback,neutral,en,0,33,11,5,0
3314,2023-08-01 10:49:00,City with an unbelievable win tonight! #Breaking,sports,positive,en,1,71,25,4,0
1550,2023-12-25 12:10:00,POV: You at 8am meetings 🎉🎉,meme_joke,positive,en,1,169,64,49,0
4564,2023-06-28 08:49:00,"Refund request for defective smartwatch, DM sent.",customer_support,positive,en,0,28,9,1,0
2203,2024-12-30 21:30:00,"New day, new goals. #Tech 😀",personal_update,neutral,en,0,14,1,2,0
2567,2023-05-31 16:29:00,Tough loss for Royals. Refs were wild.,sports,positive,hi,0,118,25,9,0
3893,2023-07-16 09:39:00,Countdown to community fair: only 5 days left!,event,neutral,de,1,50,6,13,0
2045,2023-02-10 11:33:00,The Stark app keeps crashing after update.,customer_support,negative,fr,0,18,2,4,0
768,2023-11-05 19:07:00,Mental health matters. Take a break. 💖,health_wellness,neutral,es,0,15,1,3,0
4873,2023-10-18 17:30:00,Starting a 30-day running challenge. Who’s in?,health_wellness,positive,fr,1,6,1,1,0
3739,2023-10-29 21:00:00,Loving the new Globex headphones! Battery lasts all day.,product_feedback,negative,en,1,2,0,0,0
422,2023-11-26 11:02:00,Debate tonight on education reform. What are your thoughts?,politics,neutral,en,0,6,1,0,0
124,2025-08-08 10:38:00,Matchday! City vs United at 8pm. Predictions?,sports,positive,en,1,96,36,5,0
4163,2023-06-22 01:34:00,"New day, new goals. #Tech 🥲",personal_update,neutral,de,0,24,8,7,0
2629,2024-07-29 11:14:00,New bill on climate action passes in Berlin.,politics,neutral,en,0,49,9,5,0
820,2024-07-27 15:35:00,Buy 1 get 1 on all laptop until Thursday.,promotion,neutral,en,0,27,8,4,0
1404,2023-07-15 18:41:00,Join us at the tech summit this Thursday! Tickets available now. #Health,event,positive,en,0,100,24,5,0
1383,2024-07-30 12:11:00,Exclusive: headphones bundle for $241!,promotion,neutral,es,0,41,15,8,1
2149,2023-01-09 00:13:00,Tough loss for City. Refs were wild.,sports,positive,fr,0,54,6,13,0
1576,2025-06-24 18:38:00,Countdown to community fair: only 4 days left!,event,positive,hi,0,56,19,6,0
1639,2025-02-04 03:30:00,POV: You at 8am meetings 💖💖,meme_joke,neutral,es,0,68,22,18,0
1796,2024-06-03 17:28:00,Debate tonight on privacy law. What are your thoughts?,politics,positive,en,0,77,20,18,0
4816,2024-08-31 12:25:00,Debate tonight on education reform. What are your thoughts?,politics,neutral,de,0,64,17,18,0
400,2024-12-28 14:42:00,Missed my dad today. 🙌,personal_update,positive,de,1,28,8,3,0
2311,2023-02-05 14:06:00,Countdown to book club: only 5 days left!,event,positive,en,0,32,6,4,0
883,2023-11-07 02:08:00,Feeling grateful today! 🤷 #Event,personal_update,positive,en,0,62,23,16,0
4974,2024-04-20 12:02:00,FLASH SALE: headphones at 40% off. Limited time! #Event,promotion,neutral,en,0,9,1,1,0
2898,2024-07-26 00:16:00,Report: weather alert could affect small businesses.,news,positive,de,1,29,4,7,0
1353,2024-09-28 12:43:00,Matchday! City vs Royals at 8pm. Predictions?,sports,neutral,en,1,42,9,2,0
2743,2023-06-29 12:11:00,"Refund request for defective coffee maker, DM sent.",customer_support,positive,en,1,23,7,4,0
4551,2024-04-14 22:28:00,This cat has more confidence than me 🔥,meme_joke,positive,en,0,34,11,7,0
2131,2023-07-01 17:31:00,This cat has more confidence than me 🤔,meme_joke,neutral,en,0,74,28,10,0
983,2023-04-26 22:19:00,Just had pasta with friends. So good! 😂,personal_update,positive,en,0,15,3,1,0
457,2023-12-16 04:16:00,Report: concert announcement could affect seniors.,news,neutral,en,1,44,16,7,0
4120,2024-05-27 06:53:00,When you open the fridge and forget why you came: 💪 #relatable,meme_joke,positive,fr,0,162,47,35,0
1080,2024-10-29 20:59:00,Debate tonight on education reform. What are your thoughts?,politics,positive,de,0,21,6,4,0
1951,2025-06-02 16:54:00,Livestream starts at 2pm! Don’t miss the community fair.,event,positive,en,0,83,21,6,0
4315,2024-06-12 13:21:00,Missed my mom today. 🙌,personal_update,positive,fr,0,57,14,7,0
690,2023-04-06 02:37:00,Weekend vibes at the Toronto! 🙌,personal_update,neutral,en,0,13,1,3,0
2430,2025-04-12 20:59:00,Updating to say laptop performance improved after patch.,product_feedback,negative,en,0,5,0,0,0
642,2024-10-11 06:21:00,Tough loss for City. Refs were wild.,sports,neutral,de,0,95,22,27,0
2393,2024-03-25 22:26:00,Feeling tired today! 😴 #Tech,personal_update,positive,de,0,55,7,12,0
1954,2024-08-28 04:17:00,Weekend vibes at the Mumbai! 🤔,personal_update,positive,en,0,44,5,2,0
2749,2025-07-06 03:13:00,Missed my dad today. 😅,personal_update,positive,en,0,53,14,13,0
4314,2023-02-09 04:46:00,Friend: ‘We should work out.’ Us: 😅,meme_joke,neutral,en,0,135,52,22,0
3436,2025-03-06 04:00:00,New drop: headphones! Grab yours today.,promotion,positive,es,0,35,5,8,0
3337,2024-09-21 03:25:00,POV: You at 8am meetings 😴😴,meme_joke,negative,en,0,45,17,12,0
4767,2023-08-31 16:30:00,Countdown to charity run: only 13 days left!,event,positive,en,1,88,11,20,0
3371,2025-04-20 08:24:00,New drop: sneakers! Grab yours today.,promotion,negative,en,0,22,2,3,0
1885,2024-02-07 02:33:00,In-depth: What market rally means for Delhi.,news,neutral,es,1,27,5,1,0
390,2025-02-02 10:28:00,This cat has more confidence than me 💖,meme_joke,positive,en,0,88,17,12,0
2495,2023-03-24 13:42:00,"New day, new goals. #Health 🤷",personal_update,negative,es,1,22,8,1,0
3879,2024-04-24 00:04:00,Updating to say headphones performance improved after patch.,product_feedback,positive,es,1,2,0,0,0
3857,2025-05-03 15:05:00,Livestream starts at 8pm! Don’t miss the community fair.,event,neutral,en,0,77,22,14,0
846,2024-01-17 12:22:00,Buy 1 get 1 on all coffee maker until Wednesday.,promotion,neutral,de,0,20,6,4,0
543,2023-04-27 19:28:00,FLASH SALE: headphones at 60% off. Limited time! #Health,promotion,neutral,en,0,41,7,7,0
92,2025-01-28 20:26:00,The Stark app keeps crashing after update.,customer_support,neutral,en,0,2,0,0,0
3890,2024-07-08 06:34:00,Tough loss for Warriors. Refs were wild.,sports,negative,fr,1,78,23,4,0
1980,2025-04-23 03:08:00,Feature request: please add faster charging to headphones.,product_feedback,positive,es,1,18,2,4,0
2813,2023-02-27 09:57:00,Starting a 30-day running challenge. Who’s in?,health_wellness,neutral,en,0,53,11,13,0
4083,2023-08-15 09:19:00,Me: I’ll sleep early. Also me at 3am: 🤔,meme_joke,positive,hi,1,166,39,10,0
2903,2024-02-23 16:07:00,Rally at Toronto calling for tax policy reform.,politics,neutral,en,0,7,0,0,0
2530,2025-05-28 02:43:00,Opinion: climate action will impact students the most.,politics,negative,en,1,77,25,9,0
1677,2025-03-26 20:01:00,In-depth: What data breach means for New York.,news,neutral,de,1,98,25,27,0
1049,2023-07-14 21:43:00,Report: weather alert could affect small businesses.,news,positive,en,0,82,9,16,0
1961,2023-10-02 02:38:00,The headphones design is sleek but camera needs work.,product_feedback,neutral,fr,0,25,6,2,0
2531,2024-05-20 12:15:00,Matchday! Lions vs City at 6pm. Predictions?,sports,neutral,en,0,75,19,20,0
3993,2023-08-03 01:13:00,New bill on education reform passes in London.,politics,negative,hi,0,45,14,11,0
238,2024-09-08 13:07:00,Updating to say sneakers performance improved after patch.,product_feedback,negative,en,0,35,7,10,0
3098,2023-07-29 23:24:00,Rally at New York calling for climate action reform.,politics,neutral,es,0,68,12,4,0
3489,2024-12-19 03:13:00,In-depth: What market rally means for New York.,news,neutral,en,1,50,16,9,0
1134,2024-12-04 19:01:00,New bill on healthcare passes in Mumbai.,politics,negative,en,0,39,12,5,0
1806,2024-01-25 08:43:00,Livestream starts at 2pm! Don’t miss the tech summit.,event,neutral,de,1,12,2,0,0
4318,2023-10-26 03:26:00,Me: I’ll sleep early. Also me at 3am: 🔥,meme_joke,positive,en,0,32,7,2,0
164,2025-01-30 18:38:00,Matchday! Royals vs United at 8pm. Predictions?,sports,neutral,de,1,54,17,8,0
3493,2024-04-10 19:27:00,Buy 1 get 1 on all smartwatch until Tuesday.,promotion,positive,en,0,11,1,1,0
4710,2023-01-01 19:27:00,Latest update on data breach: authorities confirm new info.,news,neutral,en,0,118,30,8,0
4631,2024-10-05 22:42:00,Breaking: market rally just happened in Toronto. Details emerging. #Sale,news,positive,fr,0,104,37,5,0
3454,2024-03-03 11:38:00,New drop: headphones! Grab yours today.,promotion,neutral,hi,1,25,7,7,0
3200,2024-02-29 10:48:00,Tough loss for Warriors. Refs were wild.,sports,positive,en,0,48,8,13,0
3635,2024-09-11 03:27:00,The Stark app keeps crashing after update.,customer_support,negative,en,1,6,1,1,0
3940,2023-03-08 09:51:00,In-depth: What data breach means for Toronto.,news,neutral,fr,1,75,20,9,0
1812,2025-07-30 08:42:00,POV: You at 8am meetings 🤔🤔,meme_joke,neutral,en,0,92,36,26,0
3650,2024-12-30 06:34:00,Feeling grateful today! 🎉 #Event,personal_update,neutral,fr,0,47,10,4,0
4050,2023-12-11 16:03:00,The Umbrella app keeps crashing after update.,customer_support,negative,es,0,14,1,1,0
1429,2025-04-04 14:16:00,POV: You at 8am meetings 😴😴,meme_joke,neutral,hi,1,93,9,5,0
3614,2023-04-25 13:12:00,Loving the new Acme headphones! Battery lasts all day.,product_feedback,neutral,hi,0,28,5,5,0
3132,2024-03-13 10:34:00,Public health update: weather alert cases rising in Mumbai.,health_wellness,positive,es,0,52,13,5,0
3397,2025-07-07 03:56:00,Reminder: drink water and stretch today! 🥲,health_wellness,positive,en,1,48,14,3,0
4461,2023-08-21 03:40:00,Record broken: L. Chen sets new high for runs.,sports,positive,en,0,61,20,6,0
4650,2023-01-03 01:36:00,Thanks Stark support for resolving my issue fast!,customer_support,neutral,en,0,16,4,3,0
2821,2024-03-19 20:47:00,The coffee maker design is sleek but camera needs work.,product_feedback,negative,en,0,28,5,2,0
1453,2025-01-25 19:09:00,FLASH SALE: headphones at 10% off. Limited time! #Event,promotion,neutral,en,1,24,4,2,0
594,2025-07-04 16:38:00,Reminder: drink water and stretch today! 😂,health_wellness,positive,en,0,61,10,12,0
42,2023-07-01 20:31:00,FLASH SALE: laptop at 20% off. Limited time! #Health,promotion,positive,fr,1,22,7,4,0
561,2023-06-26 16:55:00,Join us at the charity run this Tuesday! Tickets available now. #Health,event,neutral,de,0,28,10,5,0
3274,2025-07-31 15:50:00,Missed my dad today. 😅,personal_update,positive,es,0,49,7,10,0
3245,2023-03-30 00:44:00,When you open the fridge and forget why you came: 🎉 #relatable,meme_joke,negative,en,0,142,43,13,0
244,2024-09-05 10:01:00,In-depth: What data breach means for Berlin.,news,neutral,en,0,51,10,8,0
1340,2024-03-14 15:44:00,Feeling tired today! 🔥 #Sale,personal_update,neutral,en,0,24,4,3,0
2781,2023-04-15 18:29:00,Heads up: market rally expected later this week.,news,positive,en,0,60,17,12,0
3188,2023-07-04 12:04:00,Thanks Umbrella support for resolving my issue fast!,customer_support,negative,de,0,6,2,0,0
3800,2023-08-26 11:39:00,POV: You at 8am meetings 💪💪,meme_joke,positive,en,1,112,43,6,0
1443,2024-09-21 14:54:00,This cat has more confidence than me 😴,meme_joke,neutral,fr,0,48,8,9,0
262,2024-01-02 05:13:00,Latest update on weather alert: authorities confirm new info.,news,neutral,en,0,11,3,0,0
2765,2024-03-29 21:06:00,The headphones design is sleek but camera needs work.,product_feedback,positive,en,0,21,7,5,0
1690,2023-12-13 21:47:00,Updating to say headphones performance improved after patch.,product_feedback,negative,fr,1,18,4,2,0
1726,2023-08-02 19:09:00,FLASH SALE: sneakers at 30% off. Limited time! #Breaking,promotion,neutral,en,1,20,2,5,0
4793,2025-02-08 13:00:00,Debate tonight on tax policy. What are your thoughts?,politics,positive,en,0,70,13,12,0
835,2023-07-17 19:34:00,In-depth: What market rally means for Mumbai.,news,positive,en,0,82,10,14,0
1867,2023-03-21 22:27:00,Tried low-carb for a week—here’s how I feel.,health_wellness,neutral,es,1,65,8,13,0
2497,2023-01-21 16:11:00,Updating to say smartwatch performance improved after patch.,product_feedback,negative,en,0,30,7,6,0
2011,2024-11-05 23:36:00,FLASH SALE: headphones at 20% off. Limited time! #Health,promotion,neutral,de,0,43,6,2,0
341,2024-09-28 15:17:00,Photos from community fair are up—tag yourself!,event,positive,en,0,14,2,2,0
2989,2023-11-27 03:54:00,Tried low-carb for a week—here’s how I feel.,health_wellness,positive,es,0,28,8,4,0
1602,2024-10-26 22:16:00,Starting a 30-day strength challenge. Who’s in?,health_wellness,neutral,en,0,37,9,9,0
3876,2023-09-09 13:43:00,Report: power outage could affect students.,news,negative,en,0,70,11,7,0
4695,2024-08-02 10:34:00,Thanks Initech support for resolving my issue fast!,customer_support,negative,en,0,19,6,4,0
481,2023-06-06 08:21:00,Public health update: weather alert cases rising in Toronto.,health_wellness,negative,es,0,20,6,5,0
2826,2023-12-28 13:41:00,FLASH SALE: sneakers at 30% off. Limited time! #Fitness,promotion,neutral,en,0,10,1,1,1
4330,2023-04-01 11:37:00,Feature request: please add offline sync to smartwatch.,product_feedback,neutral,hi,1,37,6,3,0
3541,2024-06-30 20:13:00,Report: data breach could affect seniors.,news,neutral,es,1,40,5,8,0
4639,2024-03-18 12:01:00,Heads up: policy change expected later this week.,news,neutral,en,1,105,24,18,0
3047,2024-08-02 10:46:00,FLASH SALE: headphones at 30% off. Limited time! #MondayMotivation,promotion,positive,en,0,28,4,1,1
3991,2025-03-22 15:01:00,Weekend vibes at the Toronto! 😴,personal_update,negative,en,0,43,8,9,0
1767,2025-04-09 18:11:00,Mental health matters. Take a break. 🥲,health_wellness,positive,de,0,18,6,3,0
4474,2023-10-20 06:59:00,Weekend vibes at the Berlin! 😴,personal_update,positive,en,0,62,10,7,0
2454,2025-02-08 17:58:00,Updating to say coffee maker performance improved after patch.,product_feedback,neutral,en,0,9,1,2,0
2878,2023-08-05 06:27:00,Report: data breach could affect seniors.,news,neutral,es,1,96,24,13,0
3816,2024-03-24 12:28:00,Feature request: please add noise cancellation to headphones.,product_feedback,positive,es,1,24,2,3,0
4017,2024-04-12 22:32:00,POV: You at 8am meetings 😴😴,meme_joke,positive,en,0,23,9,2,0
4678,2025-07-10 22:25:00,Loving the new Initech sneakers! Battery lasts all day.,product_feedback,neutral,fr,1,25,8,7,0
3680,2024-04-27 03:52:00,"Refund request for defective coffee maker, DM sent.",customer_support,negative,en,0,19,4,4,0
1272,2024-01-06 05:16:00,Missed my mom today. 🔥,personal_update,neutral,en,0,10,2,1,0
3078,2023-06-21 21:53:00,Weekend vibes at the New York! 😀,personal_update,negative,en,0,19,2,3,0
4502,2025-05-25 13:02:00,"New day, new goals. #Fitness 😴",personal_update,negative,en,0,32,8,4,0
3095,2023-11-23 21:55:00,Tried Mediterranean for a week—here’s how I feel.,health_wellness,neutral,en,0,48,12,9,0
4654,2023-04-17 17:32:00,Fact check: claims about tax policy and taxes.,politics,negative,hi,0,67,8,8,0
348,2023-06-01 18:31:00,When you open the fridge and forget why you came: 🤔 #relatable,meme_joke,positive,en,0,30,6,5,0
3882,2024-10-09 09:07:00,In-depth: What concert announcement means for Berlin.,news,neutral,en,1,114,23,20,0
4624,2023-12-09 18:08:00,Use code DEAL50 for free shipping on coffee maker.,promotion,neutral,hi,0,35,7,4,1
2563,2024-12-28 22:06:00,Missed my mom today. 💪,personal_update,positive,en,0,72,13,5,0
4591,2023-10-12 01:37:00,Feature request: please add dark mode to coffee maker.,product_feedback,positive,de,0,12,4,3,0
1424,2024-11-15 20:15:00,Latest update on data breach: authorities confirm new info.,news,neutral,fr,0,59,6,13,0
657,2024-10-30 07:32:00,Meetup at New York for music festival. RSVP below.,event,neutral,fr,1,96,24,26,0
2103,2024-01-17 17:16:00,Transfer rumor: L. Chen to Royals?,sports,positive,de,0,113,41,14,0
633,2024-03-13 01:32:00,Weekend vibes at the Mumbai! 🔥,personal_update,positive,fr,1,71,26,20,0
2893,2024-10-24 14:46:00,Use code DEAL50 for free shipping on laptop.,promotion,neutral,en,1,14,3,4,1
2494,2024-12-31 20:31:00,Fact check: claims about healthcare and taxes.,politics,neutral,de,0,24,5,5,0
2666,2024-02-23 18:59:00,Just had paneer tikka with friends. So good! 💪,personal_update,positive,en,0,80,11,6,0
4016,2024-05-12 17:16:00,Report: market rally could affect commuters.,news,neutral,en,0,41,10,3,0
3663,2024-02-01 04:01:00,"Refund request for defective laptop, DM sent.",customer_support,neutral,en,1,15,3,3,0
3308,2025-02-06 00:25:00,Heads up: power outage expected later this week.,news,positive,es,0,10,3,0,0
3097,2023-03-18 09:18:00,"New day, new goals. #Sports 😅",personal_update,positive,en,1,53,9,4,0
3920,2023-08-25 23:56:00,Livestream starts at 10am! Don’t miss the music festival.,event,positive,es,0,117,40,6,0
2501,2025-01-06 19:59:00,This cat has more confidence than me 😅,meme_joke,neutral,es,0,140,37,35,0
1466,2024-10-25 09:20:00,In-depth: What weather alert means for New York.,news,positive,en,1,47,9,2,0
2834,2024-07-09 04:30:00,Use code SAVE20 for free shipping on laptop.,promotion,neutral,fr,0,4,1,1,0
116,2025-05-21 01:00:00,Missed my mom today. 😅,personal_update,positive,en,0,45,10,3,0
1822,2024-05-24 15:12:00,"Refund request for defective coffee maker, DM sent.",customer_support,negative,fr,0,7,2,1,0
1495,2024-05-16 13:05:00,Feature request: please add offline sync to sneakers.,product_feedback,negative,es,1,23,6,6,0
2402,2024-08-19 01:51:00,"New day, new goals. #Sale 🙌",personal_update,neutral,en,0,5,1,1,0
1233,2024-10-04 05:55:00,Latest update on power outage: authorities confirm new info.,news,positive,de,0,132,16,36,0
2662,2024-05-07 11:59:00,Me: I’ll sleep early. Also me at 3am: 🥲,meme_joke,positive,fr,0,61,10,12,0
4101,2024-08-01 09:18:00,Having trouble logging into my Stark account—any fix?,customer_support,negative,hi,0,9,1,0,0
4574,2025-08-06 21:02:00,Photos from community fair are up—tag yourself!,event,neutral,en,0,95,9,10,0
1154,2023-02-07 12:21:00,Opinion: climate action will impact students the most.,politics,neutral,en,0,66,18,14,0
3849,2025-04-30 17:02:00,Feeling grateful today! 😴 #Sale,personal_update,positive,en,0,5,1,0,0
58,2023-05-28 06:38:00,New drop: laptop! Grab yours today.,promotion,neutral,de,1,24,6,3,0
4105,2023-12-22 04:36:00,Join us at the charity run this Monday! Tickets available now. #LOL,event,neutral,es,1,12,1,2,0
4289,2024-06-09 18:34:00,This cat has more confidence than me 🤷,meme_joke,neutral,hi,0,104,20,8,0
4946,2024-11-22 21:04:00,Weekend vibes at the New York! 🤔,personal_update,positive,en,1,18,4,2,0
1736,2024-03-02 12:02:00,FLASH SALE: laptop at 20% off. Limited time! #News,promotion,positive,en,1,26,3,6,0
2197,2024-08-25 03:47:00,Feeling grateful today! 😴 #News,personal_update,neutral,en,0,24,3,1,0
3554,2025-04-05 20:06:00,Use code FREESHIP for free shipping on laptop.,promotion,positive,en,0,64,14,12,0
2476,2024-06-26 16:52:00,"New day, new goals. #Sports 🤷",personal_update,neutral,de,0,49,10,7,0
2565,2025-05-01 12:42:00,Countdown to tech summit: only 12 days left!,event,positive,es,0,106,24,8,0
3159,2025-01-09 18:10:00,Missed my dad today. 🤔,personal_update,neutral,en,1,12,3,1,0
4035,2023-04-30 22:54:00,Record broken: R. Patel sets new high for runs.,sports,positive,en,0,11,2,2,0
3656,2024-04-09 13:20:00,Record broken: K. Garcia sets new high for points.,sports,neutral,fr,1,47,9,2,0
708,2025-06-06 08:57:00,Rally at Berlin calling for tax policy reform.,politics,positive,en,0,36,9,2,0
4281,2025-01-01 02:59:00,Debate tonight on privacy law. What are your thoughts?,politics,negative,hi,0,11,3,2,0
1094,2024-07-15 13:30:00,Starting a 30-day meditation challenge. Who’s in?,health_wellness,positive,en,0,68,8,7,0
4840,2024-10-29 03:46:00,Just had biryani with friends. So good! 🙌,personal_update,neutral,en,0,57,7,13,0
1377,2023-05-23 18:16:00,Friend: ‘We should work out.’ Us: 🙌,meme_joke,positive,en,0,75,10,12,0
4914,2023-12-03 01:37:00,Me: I’ll sleep early. Also me at 3am: 🔥,meme_joke,neutral,en,0,101,39,7,0
73,2024-04-15 18:15:00,Not impressed with Umbrella's laptop build quality.,product_feedback,positive,en,0,27,3,7,0
1923,2024-05-14 21:46:00,Debate tonight on climate action. What are your thoughts?,politics,positive,de,0,21,5,1,0
3174,2023-01-16 10:48:00,Latest update on weather alert: authorities confirm new info.,news,positive,en,0,113,39,15,0
1765,2024-03-29 18:39:00,In-depth: What concert announcement means for Mumbai.,news,positive,en,1,85,28,4,0
744,2025-02-23 05:53:00,Photos from charity run are up—tag yourself!,event,positive,en,0,70,16,16,0
4319,2025-07-17 02:06:00,Starting a 30-day strength challenge. Who’s in?,health_wellness,neutral,fr,1,69,9,5,0
1006,2024-03-27 08:29:00,New drop: sneakers! Grab yours today.,promotion,neutral,es,0,6,0,0,0
2669,2025-06-28 19:40:00,Just had biryani with friends. So good! 😂,personal_update,positive,es,0,14,3,1,0
1191,2025-07-29 03:50:00,Feeling meh today! 🎉 #Tech,personal_update,positive,en,0,17,4,4,0
4632,2025-07-15 15:39:00,Rally at Delhi calling for privacy law reform.,politics,negative,en,0,5,1,0,0
2602,2023-01-25 05:14:00,Fact check: claims about privacy law and taxes.,politics,positive,en,1,62,9,12,0
1126,2024-05-16 13:22:00,Mental health matters. Take a break. 💪,health_wellness,neutral,hi,0,67,16,14,0
1242,2025-06-26 20:31:00,Public health update: market rally cases rising in Berlin.,health_wellness,positive,en,0,32,7,3,0
4607,2024-09-05 01:37:00,Livestream starts at 10am! Don’t miss the tech summit.,event,neutral,en,0,18,4,2,0
4131,2024-04-22 21:51:00,Report: policy change could affect commuters.,news,positive,en,0,69,23,12,0
3443,2023-06-24 14:05:00,Missed my grandma today. 😴,personal_update,positive,en,0,75,17,10,0
999,2024-06-06 11:48:00,Updating to say headphones performance improved after patch.,product_feedback,neutral,es,0,3,0,0,0
3387,2023-06-09 14:36:00,Report: policy change could affect seniors.,news,neutral,es,0,88,15,16,0
2685,2025-07-19 17:02:00,Weekend vibes at the Mumbai! 😂,personal_update,positive,en,0,62,24,13,0
1578,2023-12-08 16:00:00,"New day, new goals. #Health 💖",personal_update,neutral,de,0,19,2,3,0
4791,2024-03-23 06:50:00,Tried keto for a week—here’s how I feel.,health_wellness,neutral,es,0,32,6,5,0
1827,2024-08-22 18:19:00,"Hi Acme, my order #71202 hasn’t arrived. Please help.",customer_support,positive,de,0,5,1,1,0
3293,2025-03-28 13:35:00,This cat has more confidence than me 😅,meme_joke,neutral,en,0,111,22,5,0
4990,2023-03-20 22:44:00,Meetup at Toronto for tech summit. RSVP below.,event,neutral,hi,1,40,8,6,0
3537,2025-08-05 19:44:00,Report: weather alert could affect students.,news,positive,en,0,104,35,10,0
441,2024-07-23 11:32:00,Countdown to community fair: only 10 days left!,event,positive,es,0,88,28,10,0
4952,2024-11-03 16:20:00,New drop: sneakers! Grab yours today.,promotion,neutral,es,0,6,1,0,1
1101,2024-07-29 11:57:00,In-depth: What data breach means for Delhi.,news,neutral,en,1,85,14,23,0
4011,2023-10-01 10:25:00,Meetup at Sydney for tech summit. RSVP below.,event,neutral,es,0,59,22,7,0
3059,2024-03-06 16:55:00,The sneakers design is sleek but camera needs work.,product_feedback,neutral,es,0,33,8,5,0
650,2023-12-17 05:13:00,"New day, new goals. #LOL 🎉",personal_update,positive,en,0,16,4,0,0
1547,2023-06-25 07:35:00,Weekend vibes at the Delhi! 😅,personal_update,neutral,hi,1,30,7,5,0
4757,2025-05-11 14:13:00,Transfer rumor: K. Garcia to Lions?,sports,negative,de,0,41,11,7,0
3561,2024-01-24 00:37:00,Just had pasta with friends. So good! 🎉,personal_update,positive,en,0,6,1,1,0
3887,2024-04-14 00:21:00,Feeling tired today! 🤷 #LOL,personal_update,positive,en,0,62,17,15,0
3742,2024-12-05 08:37:00,Public health update: power outage cases rising in Berlin.,health_wellness,negative,en,0,54,12,11,0
631,2023-06-24 21:53:00,POV: You at 8am meetings 🥲🥲,meme_joke,positive,hi,0,53,8,11,0
673,2023-11-29 22:29:00,Feeling happy today! 🤔 #Event,personal_update,positive,en,0,14,4,2,0
1250,2023-03-08 04:34:00,Mental health matters. Take a break. 😀,health_wellness,neutral,en,0,57,16,9,0
483,2023-12-09 05:11:00,Record broken: L. Chen sets new high for points.,sports,neutral,en,0,77,28,8,0
1585,2023-10-22 16:28:00,Debate tonight on privacy law. What are your thoughts?,politics,positive,fr,0,18,5,3,0
3075,2024-08-08 20:30:00,Join us at the music festival this Tuesday! Tickets available now. #Tech,event,positive,en,0,30,6,8,0
4628,2025-08-06 21:38:00,Public health update: power outage cases rising in Delhi.,health_wellness,positive,fr,1,30,10,4,0
3039,2024-07-29 01:36:00,Just had paneer tikka with friends. So good! 😀,personal_update,negative,de,1,49,11,10,0
1463,2023-09-20 18:04:00,Having trouble logging into my Stark account—any fix?,customer_support,negative,en,0,18,5,1,0
3930,2024-12-19 07:20:00,Updating to say laptop performance improved after patch.,product_feedback,negative,en,0,39,10,2,0
3622,2025-05-09 16:42:00,Tried vegan for a week—here’s how I feel.,health_wellness,positive,hi,0,80,9,17,0
2579,2023-05-01 23:23:00,Tough loss for United. Refs were wild.,sports,positive,en,1,103,32,23,0
3802,2024-07-27 18:19:00,Use code SAVE20 for free shipping on sneakers.,promotion,positive,en,0,49,5,5,1
50,2023-02-18 20:21:00,Me: I’ll sleep early. Also me at 3am: 😀,meme_joke,positive,en,0,58,10,15,0
4290,2024-07-07 08:11:00,The smartwatch design is sleek but camera needs work.,product_feedback,neutral,en,0,3,0,0,0
3345,2025-03-28 04:31:00,Transfer rumor: R. Patel to Tigers?,sports,neutral,fr,1,21,7,2,0
859,2025-01-05 18:18:00,The coffee maker design is sleek but camera needs work.,product_feedback,neutral,en,0,22,7,4,0
1073,2023-11-25 06:33:00,When you open the fridge and forget why you came: 🙌 #relatable,meme_joke,neutral,en,1,72,15,21,0
720,2024-08-11 20:52:00,Breaking: policy change just happened in New York. Details emerging. #Health,news,neutral,en,1,86,18,22,0
3718,2024-12-21 18:49:00,Countdown to tech summit: only 14 days left!,event,positive,en,1,47,16,3,0
2632,2024-04-14 14:41:00,Heads up: policy change expected later this week.,news,neutral,es,1,53,17,14,0
4874,2025-05-20 03:18:00,Use code BUNDLE for free shipping on smartwatch.,promotion,neutral,en,1,4,1,0,1
1661,2025-08-04 07:04:00,Just had paneer tikka with friends. So good! 🤔,personal_update,positive,en,0,37,13,2,0
1657,2025-01-15 19:37:00,"New day, new goals. #Event 🙌",personal_update,positive,en,0,78,28,17,0
2426,2025-03-15 19:24:00,Thanks Globex support for resolving my issue fast!,customer_support,neutral,hi,0,11,2,0,0
3525,2025-03-01 05:14:00,Breaking: policy change just happened in Mumbai. Details emerging. #Event,news,neutral,en,0,78,22,21,0
4230,2023-06-30 18:35:00,Thanks Umbrella support for resolving my issue fast!,customer_support,negative,en,0,20,2,1,0
4975,2025-07-03 09:23:00,Feature request: please add dark mode to sneakers.,product_feedback,neutral,en,0,3,1,0,0
3310,2023-01-23 13:05:00,POV: You at 8am meetings 😂😂,meme_joke,positive,en,0,88,28,13,0
4477,2024-06-01 15:17:00,Friend: ‘We should work out.’ Us: 😴,meme_joke,positive,en,0,126,30,19,0
3306,2024-05-10 19:30:00,Livestream starts at 8pm! Don’t miss the community fair.,event,neutral,es,1,100,25,17,0
4752,2024-07-29 00:01:00,Photos from community fair are up—tag yourself!,event,positive,en,1,98,33,8,0
4127,2023-04-03 22:08:00,Livestream starts at 6pm! Don’t miss the tech summit.,event,neutral,en,0,21,5,1,0
2607,2024-11-03 22:52:00,Friend: ‘We should work out.’ Us: 😀,meme_joke,positive,de,0,52,9,3,0
1386,2024-04-29 20:46:00,Feeling tired today! 🤔 #Tech,personal_update,positive,en,0,80,12,12,0
3836,2025-07-17 16:52:00,Opinion: healthcare will impact small businesses the most.,politics,neutral,en,0,28,8,8,0
1400,2024-03-05 11:28:00,Tough loss for Tigers. Refs were wild.,sports,negative,de,0,11,2,1,0
1196,2024-08-28 00:40:00,In-depth: What power outage means for Toronto.,news,positive,en,1,109,40,13,0
1409,2025-02-16 17:17:00,Opinion: tax policy will impact seniors the most.,politics,positive,es,0,88,29,9,0
3825,2023-08-25 08:51:00,The sneakers design is sleek but camera needs work.,product_feedback,negative,de,0,2,0,0,0
1799,2023-06-28 23:00:00,Countdown to charity run: only 9 days left!,event,neutral,es,1,72,24,20,0
1476,2024-08-24 10:24:00,Me: I’ll sleep early. Also me at 3am: 🎉,meme_joke,neutral,de,1,46,17,10,0
4966,2024-09-16 01:48:00,"New day, new goals. #Sports 😀",personal_update,positive,en,0,49,7,8,0
36,2025-07-20 14:04:00,"New day, new goals. #Tech 🥲",personal_update,neutral,en,0,32,9,5,0
3542,2024-07-28 06:57:00,Tough loss for Lions. Refs were wild.,sports,neutral,es,0,44,17,11,0
2346,2023-05-20 08:09:00,POV: You at 8am meetings 💖💖,meme_joke,positive,en,0,167,45,34,0
4679,2024-01-01 20:18:00,Matchday! Tigers vs Royals at 2pm. Predictions?,sports,positive,en,0,92,21,5,0
2360,2023-11-13 17:23:00,The coffee maker design is sleek but camera needs work.,product_feedback,positive,es,0,52,11,5,0
2207,2024-01-02 12:13:00,Livestream starts at 8pm! Don’t miss the charity run.,event,neutral,en,1,63,8,6,0
3768,2023-07-02 03:11:00,Breaking: data breach just happened in Mumbai. Details emerging. #News,news,neutral,en,1,73,25,21,0
1287,2024-11-18 08:36:00,Join us at the charity run this Monday! Tickets available now. #Health,event,positive,en,1,36,12,5,0
350,2023-11-01 15:21:00,Me: I’ll sleep early. Also me at 3am: 😴,meme_joke,neutral,en,1,81,31,6,0
2138,2023-11-11 05:27:00,Breaking: weather alert just happened in Delhi. Details emerging. #Breaking,news,negative,es,1,28,6,7,0
2692,2025-08-04 17:44:00,Updating to say laptop performance improved after patch.,product_feedback,positive,en,0,53,5,11,0
4561,2024-04-12 12:37:00,Missed my brother today. 💖,personal_update,negative,en,0,60,13,12,0
3968,2024-09-27 09:25:00,Matchday! Tigers vs Royals at 6pm. Predictions?,sports,negative,es,0,60,15,12,0
1682,2024-04-05 17:31:00,Royals with an unbelievable win tonight! #Event,sports,positive,en,1,100,10,25,0
4835,2024-06-23 22:57:00,FLASH SALE: laptop at 70% off. Limited time! #LOL,promotion,positive,de,1,45,16,5,0
1444,2024-10-13 09:49:00,Feeling happy today! 🎉 #Tech,personal_update,neutral,fr,0,35,6,7,0
3244,2024-09-24 23:50:00,Public health update: policy change cases rising in New York.,health_wellness,neutral,hi,0,62,6,17,0
1672,2023-06-29 13:54:00,When you open the fridge and forget why you came: 😂 #relatable,meme_joke,positive,hi,1,72,17,20,0
3837,2023-12-12 03:32:00,Exclusive: smartwatch bundle for $35!,promotion,positive,en,1,6,2,1,1
1180,2023-10-30 08:32:00,POV: You at 8am meetings 😀😀,meme_joke,positive,en,0,14,2,2,0
2799,2024-08-31 14:52:00,Me: I’ll sleep early. Also me at 3am: 🙌,meme_joke,neutral,hi,1,91,9,8,0
1693,2023-11-19 03:58:00,Feeling excited today! 😅 #LOL,personal_update,neutral,en,0,51,11,9,0
3957,2023-12-17 06:06:00,In-depth: What power outage means for Toronto.,news,neutral,de,1,37,5,8,0
373,2024-10-31 05:27:00,This cat has more confidence than me 😴,meme_joke,positive,en,0,87,20,11,0
3611,2025-04-02 18:20:00,Report: data breach could affect seniors.,news,neutral,de,1,87,25,24,0
1917,2023-02-24 09:14:00,Photos from music festival are up—tag yourself!,event,neutral,fr,0,68,16,6,0
1358,2023-03-27 11:04:00,Buy 1 get 1 on all coffee maker until Friday.,promotion,positive,de,1,3,0,0,1
1826,2023-07-24 04:00:00,Livestream starts at 6pm! Don’t miss the tech summit.,event,positive,fr,0,63,22,17,0
787,2023-07-10 04:50:00,Meetup at Berlin for music festival. RSVP below.,event,positive,en,1,108,32,29,0
470,2025-01-30 12:26:00,Record broken: M. Khan sets new high for runs.,sports,negative,hi,0,93,24,13,0
141,2024-08-13 04:03:00,Use code FREESHIP for free shipping on smartwatch.,promotion,negative,de,1,33,6,3,0
789,2023-07-28 06:48:00,Opinion: education reform will impact seniors the most.,politics,neutral,en,0,36,11,9,0
324,2023-08-13 03:03:00,Missed my brother today. 🔥,personal_update,positive,en,1,11,3,3,0
51,2023-02-13 23:55:00,This cat has more confidence than me 🎉,meme_joke,neutral,hi,1,52,15,7,0
715,2025-07-11 12:18:00,Debate tonight on education reform. What are your thoughts?,politics,neutral,es,1,24,6,3,0
4890,2023-04-03 02:59:00,POV: You at 8am meetings 🙌🙌,meme_joke,positive,en,0,94,27,9,0
2841,2024-07-13 17:17:00,Livestream starts at 2pm! Don’t miss the community fair.,event,neutral,fr,0,12,2,1,0
2447,2024-06-26 15:21:00,This cat has more confidence than me 🎉,meme_joke,neutral,en,0,68,16,15,0
4814,2023-10-09 20:35:00,Transfer rumor: M. Khan to Warriors?,sports,positive,de,0,11,2,0,0
4420,2023-06-13 14:22:00,Just had biryani with friends. So good! 🤷,personal_update,positive,fr,0,13,1,3,0
4597,2024-03-08 07:27:00,When you open the fridge and forget why you came: 🔥 #relatable,meme_joke,positive,en,0,38,4,3,0
3016,2023-08-20 17:27:00,Tried vegan for a week—here’s how I feel.,health_wellness,positive,en,1,22,4,2,0
2667,2025-04-21 19:38:00,Use code DEAL50 for free shipping on sneakers.,promotion,negative,en,0,2,0,0,0
407,2024-02-13 20:47:00,The coffee maker design is sleek but camera needs work.,product_feedback,negative,es,0,36,12,2,0
3725,2023-02-13 11:44:00,Latest update on weather alert: authorities confirm new info.,news,neutral,en,0,85,20,16,0
1005,2023-11-02 07:22:00,Missed my dad today. 🤷,personal_update,neutral,en,1,45,6,12,0
3788,2023-06-20 18:04:00,Latest update on weather alert: authorities confirm new info.,news,neutral,fr,1,79,17,9,0
891,2024-02-06 09:19:00,Debate tonight on tax policy. What are your thoughts?,politics,neutral,en,0,18,4,3,0
2412,2024-12-02 17:15:00,FLASH SALE: coffee maker at 15% off. Limited time! #Health,promotion,neutral,es,0,11,1,2,0
2546,2025-04-15 13:35:00,When you open the fridge and forget why you came: 💪 #relatable,meme_joke,positive,en,0,71,16,3,0
4834,2025-07-12 16:53:00,Tough loss for Lions. Refs were wild.,sports,positive,en,1,60,19,15,0
2391,2023-11-01 03:40:00,Opinion: education reform will impact seniors the most.,politics,neutral,es,0,57,9,15,0
3941,2024-05-25 19:37:00,Buy 1 get 1 on all headphones until Tuesday.,promotion,positive,en,0,24,3,5,0
43,2025-03-21 23:57:00,Fact check: claims about tax policy and taxes.,politics,neutral,en,0,53,12,9,0
2831,2024-09-20 11:32:00,Thanks Acme support for resolving my issue fast!,customer_support,negative,fr,0,13,1,0,0
3966,2025-07-27 08:57:00,Join us at the community fair this Monday! Tickets available now. #Sale,event,neutral,es,0,10,3,1,0
304,2025-01-05 07:56:00,"New day, new goals. #LOL 🔥",personal_update,positive,en,0,64,7,13,0
4514,2023-03-16 20:19:00,Latest update on data breach: authorities confirm new info.,news,neutral,en,0,87,22,8,0
3748,2023-10-21 02:34:00,Loving the new Umbrella sneakers! Battery lasts all day.,product_feedback,negative,en,0,15,2,1,0
665,2025-04-12 03:15:00,Photos from book club are up—tag yourself!,event,neutral,en,1,34,6,9,0
1178,2023-09-20 23:54:00,Having trouble logging into my Stark account—any fix?,customer_support,negative,hi,0,6,1,1,0
2677,2025-03-04 00:56:00,Me: I’ll sleep early. Also me at 3am: 😅,meme_joke,neutral,es,0,73,28,9,0
1948,2024-07-16 11:12:00,Report: weather alert could affect seniors.,news,neutral,en,1,25,8,5,0
2502,2024-04-23 17:00:00,Join us at the music festival this Saturday! Tickets available now. #Sports,event,positive,fr,1,25,6,1,0
1474,2023-02-15 22:01:00,Missed my grandma today. 😅,personal_update,positive,en,0,18,2,2,0
3484,2024-01-05 23:30:00,Mental health matters. Take a break. 😀,health_wellness,positive,en,0,81,26,8,0
3521,2023-05-29 16:03:00,When you open the fridge and forget why you came: 🔥 #relatable,meme_joke,neutral,en,0,37,13,9,0
2133,2023-03-25 10:59:00,Latest update on weather alert: authorities confirm new info.,news,negative,en,1,10,2,1,0
1027,2023-12-11 18:31:00,FLASH SALE: laptop at 40% off. Limited time! #Event,promotion,neutral,en,1,29,4,6,0
962,2023-01-04 22:21:00,Tough loss for United. Refs were wild.,sports,negative,es,0,31,6,8,0
2890,2024-03-24 13:38:00,Exclusive: smartwatch bundle for $37!,promotion,negative,de,0,7,2,1,0
3135,2024-02-24 22:45:00,Loving the new Umbrella coffee maker! Battery lasts all day.,product_feedback,positive,de,0,31,7,8,0
2010,2024-09-03 18:31:00,Photos from tech summit are up—tag yourself!,event,positive,de,1,8,3,1,0
2150,2023-03-06 23:18:00,Not impressed with Acme's smartwatch build quality.,product_feedback,positive,hi,0,28,9,6,0
3324,2023-12-04 17:49:00,Transfer rumor: M. Khan to Lions?,sports,neutral,en,0,28,7,7,0
2339,2024-03-28 23:59:00,Not impressed with Initech's laptop build quality.,product_feedback,negative,en,0,10,2,2,0
3889,2025-06-24 05:01:00,Feature request: please add noise cancellation to smartwatch.,product_feedback,neutral,en,1,36,14,2,0
305,2023-06-23 09:10:00,POV: You at 8am meetings 🤷🤷,meme_joke,positive,en,0,32,7,5,0
1441,2024-05-27 15:33:00,"New day, new goals. #Fitness 🤔",personal_update,positive,en,0,59,19,6,0
1497,2024-02-12 00:57:00,Not impressed with Umbrella's coffee maker build quality.,product_feedback,negative,en,0,19,4,1,0
2653,2025-01-26 16:15:00,Feeling happy today! 🥲 #Event,personal_update,positive,en,0,38,5,10,0
2876,2023-01-02 15:12:00,Livestream starts at 8pm! Don’t miss the music festival.,event,neutral,en,0,31,11,5,0
917,2023-01-23 06:06:00,Mental health matters. Take a break. 🙌,health_wellness,positive,en,0,69,16,7,0
4183,2025-01-11 10:50:00,Report: data breach could affect commuters.,news,neutral,en,1,43,5,12,0
3722,2024-03-18 20:35:00,Transfer rumor: L. Chen to Warriors?,sports,negative,es,0,59,16,17,0
2773,2025-04-08 06:51:00,New drop: laptop! Grab yours today.,promotion,negative,en,0,6,1,0,0
1625,2024-12-30 22:22:00,When you open the fridge and forget why you came: 🥲 #relatable,meme_joke,positive,de,0,86,30,15,0
3838,2025-01-03 14:24:00,"New day, new goals. #MondayMotivation 😀",personal_update,neutral,es,0,18,4,2,0
822,2023-09-01 17:36:00,Feeling tired today! 😂 #Event,personal_update,positive,en,0,57,9,14,0
3965,2023-06-23 06:08:00,Photos from charity run are up—tag yourself!,event,neutral,en,1,37,13,3,0
1355,2024-09-15 20:53:00,Mental health matters. Take a break. 😂,health_wellness,positive,en,0,42,13,6,0
4498,2023-10-10 05:31:00,"Hi Umbrella, my order #16711 hasn’t arrived. Please help.",customer_support,neutral,en,0,10,3,0,0
851,2024-06-23 17:23:00,Feature request: please add dark mode to headphones.,product_feedback,neutral,en,0,7,1,2,0
1001,2024-06-09 15:13:00,Feeling tired today! 🔥 #Health,personal_update,positive,en,0,52,8,8,0
3378,2023-04-24 21:10:00,Thanks Globex support for resolving my issue fast!,customer_support,negative,en,0,5,0,1,0
19,2024-12-25 04:27:00,Feeling tired today! 💪 #Tech,personal_update,positive,en,1,51,14,13,0
1638,2023-08-12 22:21:00,Exclusive: headphones bundle for $71!,promotion,positive,de,0,23,6,2,0
1668,2023-09-06 11:47:00,Having trouble logging into my Globex account—any fix?,customer_support,negative,de,0,4,0,0,0
494,2024-10-11 17:05:00,Thanks Initech support for resolving my issue fast!,customer_support,negative,hi,0,19,4,2,0
1348,2023-11-29 14:38:00,Feeling tired today! 😅 #News,personal_update,positive,en,0,22,7,1,0
3728,2024-10-15 20:34:00,Missed my mom today. 🥲,personal_update,positive,de,0,48,8,9,0
4826,2023-11-17 17:56:00,Me: I’ll sleep early. Also me at 3am: 😴,meme_joke,positive,en,0,113,26,17,0
3615,2023-10-13 02:46:00,Just had sushi with friends. So good! 😅,personal_update,positive,en,0,45,13,9,0
3482,2024-10-22 01:00:00,Updating to say sneakers performance improved after patch.,product_feedback,negative,en,0,0,0,0,0
688,2024-07-22 05:11:00,Opinion: tax policy will impact seniors the most.,politics,negative,en,0,12,4,1,0
3732,2024-10-01 12:38:00,Friend: ‘We should work out.’ Us: 😂,meme_joke,positive,en,0,10,2,1,0
1609,2024-06-16 05:45:00,Transfer rumor: A. Singh to United?,sports,positive,en,0,21,6,5,0
4085,2023-10-09 15:45:00,Countdown to community fair: only 9 days left!,event,positive,en,1,28,5,1,0
3403,2023-03-20 13:45:00,Mental health matters. Take a break. 🥲,health_wellness,positive,en,0,17,3,2,0
1010,2025-01-28 04:46:00,Me: I’ll sleep early. Also me at 3am: 🔥,meme_joke,positive,en,0,56,20,13,0
2409,2024-10-01 07:13:00,Tried vegan for a week—here’s how I feel.,health_wellness,positive,de,0,79,27,15,0
1093,2023-01-23 19:19:00,"New day, new goals. #Fitness 💖",personal_update,neutral,fr,0,48,14,13,0
1328,2023-05-31 06:12:00,Rally at Berlin calling for tax policy reform.,politics,neutral,en,1,75,24,22,0
1678,2023-01-27 22:37:00,"New day, new goals. #Sports 😂",personal_update,positive,en,0,30,8,4,0
2000,2024-01-26 08:32:00,In-depth: What policy change means for London.,news,negative,en,0,75,23,15,0
1311,2023-10-05 07:21:00,Lions with an unbelievable win tonight! #LOL,sports,positive,de,0,89,17,6,0
3259,2025-01-15 01:12:00,Countdown to music festival: only 9 days left!,event,positive,hi,0,67,20,17,0
1988,2024-02-08 00:40:00,"Refund request for defective sneakers, DM sent.",customer_support,neutral,es,1,11,3,1,0
3649,2024-10-25 01:37:00,"Refund request for defective headphones, DM sent.",customer_support,neutral,en,0,1,0,0,0
345,2023-09-23 08:01:00,Exclusive: sneakers bundle for $108!,promotion,neutral,hi,0,17,2,3,0
4483,2025-07-02 19:49:00,Updating to say sneakers performance improved after patch.,product_feedback,neutral,hi,0,15,4,2,0
987,2023-12-29 13:08:00,Not impressed with Stark's laptop build quality.,product_feedback,negative,fr,0,30,10,6,0
4545,2024-08-22 11:30:00,Matchday! Lions vs Warriors at 10am. Predictions?,sports,positive,es,0,6,1,1,0
3808,2023-05-13 20:07:00,Latest update on power outage: authorities confirm new info.,news,neutral,en,0,90,34,17,0
4524,2024-10-10 21:37:00,Latest update on data breach: authorities confirm new info.,news,neutral,en,1,118,37,32,0
4003,2024-04-03 02:43:00,Tried low-carb for a week—here’s how I feel.,health_wellness,negative,de,0,47,6,12,0
3092,2024-12-26 23:32:00,Me: I’ll sleep early. Also me at 3am: 😂,meme_joke,positive,en,1,108,32,25,0
3962,2023-10-02 00:32:00,Debate tonight on privacy law. What are your thoughts?,politics,neutral,en,0,18,2,2,0
1143,2025-03-09 02:03:00,"New day, new goals. #Event 🔥",personal_update,positive,hi,0,30,3,5,0
2359,2024-12-11 08:40:00,Use code BUNDLE for free shipping on smartwatch.,promotion,neutral,en,1,18,2,3,0
1199,2024-09-13 13:10:00,Breaking: policy change just happened in Delhi. Details emerging. #Sports,news,neutral,hi,0,25,9,2,0
86,2025-07-04 21:48:00,Feeling excited today! 🤷 #LOL,personal_update,neutral,en,0,41,14,10,0
1519,2023-02-03 02:31:00,Join us at the music festival this Sunday! Tickets available now. #Event,event,positive,es,1,45,6,10,0
517,2025-05-21 10:51:00,Friend: ‘We should work out.’ Us: 😂,meme_joke,neutral,en,1,50,6,13,0
1382,2023-01-14 15:56:00,Just had biryani with friends. So good! 😀,personal_update,neutral,en,1,46,6,2,0
2717,2023-07-03 13:43:00,Mental health matters. Take a break. 💖,health_wellness,negative,es,0,60,15,6,0
3085,2025-06-01 06:29:00,Matchday! Tigers vs Royals at 6pm. Predictions?,sports,positive,fr,0,109,17,15,0
1015,2025-06-16 17:38:00,Weekend vibes at the Mumbai! 🤔,personal_update,neutral,es,0,13,2,3,0
129,2024-04-06 10:39:00,Exclusive: coffee maker bundle for $56!,promotion,positive,en,0,11,4,1,0
1365,2023-07-27 19:38:00,"New day, new goals. #Sale 🥲",personal_update,negative,en,0,30,8,7,0
3624,2025-04-06 21:12:00,Exclusive: coffee maker bundle for $158!,promotion,positive,en,0,4,0,0,0
4971,2023-05-14 23:50:00,"New day, new goals. #Health 😀",personal_update,neutral,en,1,44,8,2,0
892,2024-05-25 19:08:00,Just had paneer tikka with friends. So good! 🤷,personal_update,positive,en,0,39,4,4,0
2794,2025-01-05 17:26:00,Just had tacos with friends. So good! 😴,personal_update,positive,de,0,8,1,2,0
4239,2023-02-22 20:01:00,Not impressed with Acme's smartwatch build quality.,product_feedback,negative,en,0,35,11,2,0
1360,2024-01-15 03:13:00,"New day, new goals. #Sale 🙌",personal_update,positive,de,0,40,13,8,0
308,2025-06-11 13:33:00,Breaking: data breach just happened in Mumbai. Details emerging. #News,news,neutral,en,1,20,3,4,0
1662,2025-04-19 22:24:00,Weekend vibes at the Toronto! 😅,personal_update,positive,es,0,53,15,5,0
2432,2023-10-16 02:53:00,Photos from music festival are up—tag yourself!,event,positive,en,0,10,2,1,0
3935,2025-06-25 09:09:00,"New day, new goals. #LOL 🤷",personal_update,negative,de,0,43,15,7,0
1318,2024-07-06 01:09:00,When you open the fridge and forget why you came: 💖 #relatable,meme_joke,positive,hi,0,34,10,9,0
4304,2025-06-11 07:38:00,Friend: ‘We should work out.’ Us: 😴,meme_joke,positive,fr,1,97,20,23,0
2475,2024-10-15 23:39:00,Livestream starts at 8pm! Don’t miss the book club.,event,positive,en,1,72,17,15,0
2543,2025-05-20 13:29:00,New drop: sneakers! Grab yours today.,promotion,neutral,en,1,14,3,1,0
1247,2025-03-07 22:50:00,The coffee maker design is sleek but camera needs work.,product_feedback,neutral,fr,0,34,10,6,0
1209,2025-03-14 14:23:00,Tough loss for Tigers. Refs were wild.,sports,positive,es,0,13,4,1,0
217,2024-08-26 01:31:00,Livestream starts at 6pm! Don’t miss the book club.,event,positive,de,1,43,9,4,0
4293,2025-04-16 16:56:00,This cat has more confidence than me 🥲,meme_joke,positive,en,1,105,28,30,0
3063,2023-09-16 13:23:00,Debate tonight on privacy law. What are your thoughts?,politics,neutral,de,0,6,1,1,0
1240,2025-07-07 16:15:00,Tough loss for City. Refs were wild.,sports,neutral,en,0,47,5,10,0
2290,2023-03-06 23:28:00,The Globex app keeps crashing after update.,customer_support,neutral,de,0,3,0,0,0
2741,2024-08-01 20:28:00,Weekend vibes at the Delhi! 💖,personal_update,positive,en,0,47,11,3,0
276,2025-05-07 07:31:00,Photos from music festival are up—tag yourself!,event,neutral,fr,0,48,6,13,0
490,2023-08-10 13:56:00,POV: You at 8am meetings 😅😅,meme_joke,positive,hi,0,11,4,1,0
1036,2025-06-02 00:27:00,Missed my mom today. 😀,personal_update,neutral,en,0,17,4,5,0
1230,2023-07-21 16:58:00,When you open the fridge and forget why you came: 💪 #relatable,meme_joke,positive,es,0,156,35,23,0
4586,2024-09-12 20:35:00,Loving the new Initech headphones! Battery lasts all day.,product_feedback,positive,en,1,6,1,0,0
1009,2024-08-28 07:13:00,Not impressed with Initech's sneakers build quality.,product_feedback,negative,en,0,6,1,0,0
4690,2023-02-10 17:52:00,POV: You at 8am meetings 🥲🥲,meme_joke,positive,en,0,52,20,14,0
4027,2024-04-17 14:36:00,Countdown to community fair: only 8 days left!,event,neutral,en,1,83,13,10,0
3183,2024-04-08 13:57:00,"New day, new goals. #Event 😴",personal_update,neutral,hi,0,47,10,11,0
2533,2024-03-21 13:10:00,Public health update: concert announcement cases rising in Berlin.,health_wellness,neutral,hi,0,70,27,20,0
4170,2023-06-03 19:40:00,Just had paneer tikka with friends. So good! 💖,personal_update,neutral,en,0,54,13,12,0
1059,2023-12-31 23:54:00,Buy 1 get 1 on all headphones until Wednesday.,promotion,positive,es,1,43,5,2,1
2167,2024-10-10 09:21:00,Just had biryani with friends. So good! 🤔,personal_update,positive,en,0,65,21,10,0
4579,2025-01-04 11:13:00,Thanks Umbrella support for resolving my issue fast!,customer_support,neutral,en,0,3,0,0,0
282,2024-04-12 02:16:00,The Stark app keeps crashing after update.,customer_support,neutral,es,0,13,3,1,0
3566,2023-01-10 18:19:00,Buy 1 get 1 on all coffee maker until Friday.,promotion,neutral,hi,0,19,5,5,0
1317,2023-08-16 06:27:00,Weekend vibes at the Sydney! 🤔,personal_update,negative,fr,0,50,10,8,0
4979,2023-01-06 06:10:00,Breaking: policy change just happened in Sydney. Details emerging. #LOL,news,neutral,en,0,90,17,22,0
969,2025-03-16 10:24:00,Livestream starts at 2pm! Don’t miss the music festival.,event,neutral,en,1,66,11,9,0
3127,2025-02-21 18:18:00,FLASH SALE: headphones at 70% off. Limited time! #Event,promotion,neutral,en,0,24,7,7,0
3921,2023-05-21 06:17:00,When you open the fridge and forget why you came: 🙌 #relatable,meme_joke,positive,fr,0,136,14,9,0
3167,2023-09-13 15:18:00,Join us at the book club this Sunday! Tickets available now. #Breaking,event,positive,es,0,82,32,23,0
3520,2024-12-30 17:44:00,Loving the new Acme headphones! Battery lasts all day.,product_feedback,neutral,en,0,38,7,9,0
620,2023-08-13 13:27:00,"New day, new goals. #LOL 😀",personal_update,neutral,es,0,12,3,0,0
3347,2025-01-15 15:38:00,Me: I’ll sleep early. Also me at 3am: 🥲,meme_joke,positive,en,0,46,16,13,0
1743,2024-03-21 12:46:00,Weekend vibes at the Sydney! 😀,personal_update,positive,hi,0,72,15,18,0
1391,2024-02-29 03:55:00,The headphones design is sleek but camera needs work.,product_feedback,positive,en,0,12,3,3,0
4051,2024-11-14 18:22:00,Opinion: tax policy will impact commuters the most.,politics,negative,de,1,80,20,20,0
1848,2024-05-21 10:08:00,Weekend vibes at the New York! 😂,personal_update,neutral,de,0,60,22,6,0
1580,2023-06-07 22:46:00,Livestream starts at 6pm! Don’t miss the community fair.,event,negative,de,1,55,14,12,0
1656,2024-07-15 12:39:00,Me: I’ll sleep early. Also me at 3am: 😅,meme_joke,positive,fr,1,149,59,35,0
2353,2024-12-28 13:24:00,Me: I’ll sleep early. Also me at 3am: 🎉,meme_joke,neutral,en,0,115,29,8,0
2213,2025-04-28 01:22:00,Feeling happy today! 💪 #MondayMotivation,personal_update,negative,en,0,3,0,0,0
2021,2023-03-04 03:20:00,Use code FREESHIP for free shipping on smartwatch.,promotion,neutral,es,0,36,10,4,1
4973,2023-08-22 16:42:00,Feeling meh today! 💪 #Tech,personal_update,positive,en,0,6,2,1,0
1957,2025-01-01 22:23:00,Weekend vibes at the Mumbai! 😴,personal_update,positive,es,0,40,13,10,0
1308,2023-02-21 04:01:00,Just had biryani with friends. So good! 😴,personal_update,neutral,en,0,36,5,7,0
2004,2024-10-25 01:14:00,Breaking: concert announcement just happened in Toronto. Details emerging. #Sports,news,neutral,es,1,70,26,20,0
4456,2025-07-31 22:12:00,FLASH SALE: sneakers at 40% off. Limited time! #Tech,promotion,positive,hi,0,59,13,4,0
576,2023-12-15 04:02:00,When you open the fridge and forget why you came: 🎉 #relatable,meme_joke,neutral,hi,0,72,26,15,0
4090,2023-08-21 00:37:00,Tried Mediterranean for a week—here’s how I feel.,health_wellness,neutral,fr,1,39,9,6,0
4320,2024-10-31 18:46:00,Missed my grandma today. 🔥,personal_update,positive,de,0,15,3,2,0
4437,2024-07-18 14:41:00,Countdown to charity run: only 9 days left!,event,positive,en,1,61,13,7,0
1707,2025-07-14 00:53:00,Livestream starts at 8pm! Don’t miss the charity run.,event,neutral,en,0,47,4,2,0
3743,2023-04-26 18:14:00,Join us at the book club this Saturday! Tickets available now. #Event,event,neutral,fr,1,29,8,3,0
3471,2025-04-14 18:49:00,Just had biryani with friends. So good! 😂,personal_update,positive,en,0,75,9,21,0
1281,2023-10-22 02:27:00,Breaking: concert announcement just happened in New York. Details emerging. #Sale,news,neutral,en,0,87,24,23,0
862,2024-07-04 22:29:00,Updating to say coffee maker performance improved after patch.,product_feedback,neutral,en,0,34,10,5,0
4146,2024-03-25 16:51:00,"New day, new goals. #Event 🤷",personal_update,neutral,fr,0,5,1,1,0
1802,2024-11-29 07:17:00,Feeling excited today! 💖 #MondayMotivation,personal_update,negative,fr,0,17,2,2,0
1629,2023-02-12 15:00:00,In-depth: What weather alert means for Delhi.,news,positive,hi,1,121,33,23,0
1994,2023-01-18 21:04:00,Join us at the music festival this Thursday! Tickets available now. #Tech,event,negative,de,0,55,18,6,0
2640,2023-05-10 07:37:00,Photos from community fair are up—tag yourself!,event,neutral,de,0,16,3,2,0
270,2024-06-29 21:56:00,Updating to say coffee maker performance improved after patch.,product_feedback,positive,es,1,29,5,3,0
630,2024-05-15 02:08:00,Weekend vibes at the Toronto! 🥲,personal_update,positive,en,0,34,8,4,0
3082,2024-02-25 16:15:00,FLASH SALE: sneakers at 40% off. Limited time! #Fitness,promotion,positive,en,0,51,6,3,0
2335,2023-05-02 08:59:00,Feature request: please add noise cancellation to coffee maker.,product_feedback,positive,es,1,21,5,5,0
2967,2024-05-12 07:13:00,Weekend vibes at the Mumbai! 😅,personal_update,positive,de,0,8,1,1,0
301,2024-03-30 20:44:00,When you open the fridge and forget why you came: 😴 #relatable,meme_joke,neutral,en,0,86,20,19,0
460,2025-06-21 21:31:00,Just had tacos with friends. So good! 😅,personal_update,neutral,es,1,6,1,0,0
1448,2024-02-18 20:11:00,POV: You at 8am meetings 😂😂,meme_joke,positive,de,0,103,22,7,0
1473,2023-02-23 22:34:00,Exclusive: sneakers bundle for $189!,promotion,positive,en,1,19,6,3,1
2047,2024-06-03 09:57:00,Opinion: tax policy will impact seniors the most.,politics,neutral,en,0,39,9,7,0
4229,2025-02-10 11:55:00,Fact check: claims about education reform and taxes.,politics,neutral,de,0,32,3,9,0
3765,2023-07-08 04:29:00,Friend: ‘We should work out.’ Us: 🥲,meme_joke,positive,en,0,15,1,3,0
2114,2023-11-05 20:48:00,Latest update on market rally: authorities confirm new info.,news,negative,en,1,86,11,13,0
28,2024-01-31 21:50:00,This cat has more confidence than me 🤷,meme_joke,positive,en,0,131,40,33,0
3840,2024-12-02 17:41:00,Starting a 30-day cycling challenge. Who’s in?,health_wellness,neutral,en,0,52,15,10,0
4523,2024-07-30 15:39:00,Matchday! Warriors vs Tigers at 6pm. Predictions?,sports,positive,de,1,22,7,1,0
838,2023-12-22 05:48:00,Photos from music festival are up—tag yourself!,event,positive,de,1,113,39,21,0
3827,2025-01-08 03:27:00,Missed my mom today. 🔥,personal_update,neutral,en,1,44,7,5,0
2009,2023-01-21 08:43:00,Buy 1 get 1 on all headphones until Thursday.,promotion,positive,en,1,60,14,13,0
4908,2024-11-30 07:54:00,Livestream starts at 2pm! Don’t miss the book club.,event,positive,es,0,91,25,7,0
504,2025-06-14 01:33:00,New drop: smartwatch! Grab yours today.,promotion,positive,en,1,5,1,1,0
3207,2025-06-04 20:06:00,"Hi Acme, my order #74190 hasn’t arrived. Please help.",customer_support,negative,de,0,2,0,0,0
4305,2024-12-05 12:44:00,Me: I’ll sleep early. Also me at 3am: 😂,meme_joke,positive,en,0,152,52,28,0
381,2023-01-24 10:39:00,Buy 1 get 1 on all sneakers until Sunday.,promotion,neutral,en,0,8,2,1,0
1852,2023-08-07 09:59:00,Feeling grateful today! 😀 #MondayMotivation,personal_update,positive,en,0,41,6,2,0
1526,2025-06-16 04:39:00,Breaking: power outage just happened in Delhi. Details emerging. #Sports,news,neutral,en,0,30,7,4,0
2366,2023-01-07 12:48:00,Rally at London calling for climate action reform.,politics,neutral,en,0,62,19,14,0
4148,2023-12-21 21:16:00,Matchday! City vs Warriors at 2pm. Predictions?,sports,positive,en,0,26,5,7,0
3053,2023-12-18 04:10:00,Latest update on policy change: authorities confirm new info.,news,neutral,fr,1,30,8,1,0
2885,2023-10-03 03:29:00,Fact check: claims about privacy law and taxes.,politics,neutral,en,0,51,14,9,0
2341,2024-08-30 20:02:00,New drop: coffee maker! Grab yours today.,promotion,negative,es,1,24,5,2,0
375,2023-12-12 21:18:00,Me: I’ll sleep early. Also me at 3am: 🔥,meme_joke,positive,en,1,163,49,18,0
3261,2023-01-20 00:38:00,Lions with an unbelievable win tonight! #Fitness,sports,positive,en,0,17,4,3,0
2382,2024-01-11 12:38:00,Transfer rumor: R. Patel to Warriors?,sports,positive,en,0,85,21,23,0
4310,2023-09-14 21:59:00,Reminder: drink water and stretch today! 💪,health_wellness,positive,es,0,67,13,4,0
940,2024-09-01 12:03:00,Mental health matters. Take a break. 😀,health_wellness,positive,en,1,31,4,7,0
4199,2025-06-02 15:20:00,Breaking: power outage just happened in New York. Details emerging. #Sale,news,neutral,en,0,14,4,4,0
4166,2025-07-27 00:39:00,Join us at the tech summit this Sunday! Tickets available now. #Health,event,positive,en,0,34,6,7,0
2800,2023-12-11 13:15:00,Not impressed with Stark's headphones build quality.,product_feedback,negative,en,0,2,0,0,0
2148,2024-12-21 23:49:00,Mental health matters. Take a break. 🙌,health_wellness,negative,fr,0,46,15,13,0
3818,2025-05-06 05:41:00,Loving the new Umbrella coffee maker! Battery lasts all day.,product_feedback,positive,en,0,36,3,4,0
4541,2024-11-15 21:22:00,Matchday! Tigers vs Royals at 6pm. Predictions?,sports,negative,en,0,64,22,14,0
4217,2024-11-11 11:47:00,Report: weather alert could affect commuters.,news,neutral,en,0,56,17,9,0
2069,2025-06-17 10:01:00,Reminder: drink water and stretch today! 😂,health_wellness,negative,en,0,11,3,2,0
530,2024-09-17 22:46:00,Having trouble logging into my Umbrella account—any fix?,customer_support,negative,en,0,18,6,4,0
4605,2024-06-15 01:10:00,Latest update on policy change: authorities confirm new info.,news,neutral,en,0,43,7,12,0
637,2024-03-11 15:48:00,Missed my mom today. 💪,personal_update,neutral,en,1,55,9,15,0
1270,2023-09-28 00:07:00,Report: weather alert could affect small businesses.,news,positive,en,0,105,31,20,0
186,2023-09-30 04:44:00,Use code BUNDLE for free shipping on coffee maker.,promotion,neutral,hi,1,3,1,0,0
4350,2023-01-22 08:01:00,The coffee maker design is sleek but camera needs work.,product_feedback,positive,en,0,52,10,6,0
3180,2023-01-22 09:48:00,The sneakers design is sleek but camera needs work.,product_feedback,neutral,en,0,14,5,2,0
3455,2023-01-31 20:34:00,Missed my sister today. 😅,personal_update,negative,en,0,54,15,11,0
1798,2023-10-12 22:59:00,Me: I’ll sleep early. Also me at 3am: 🔥,meme_joke,positive,es,0,36,8,8,0
2980,2023-09-09 00:04:00,Feeling excited today! 😅 #Breaking,personal_update,neutral,de,0,31,6,1,0
1442,2023-12-03 21:47:00,Photos from charity run are up—tag yourself!,event,neutral,es,0,96,29,13,0
3428,2025-05-25 22:29:00,Record broken: M. Khan sets new high for aces.,sports,negative,hi,0,36,4,7,0
4875,2023-03-19 02:11:00,FLASH SALE: smartwatch at 30% off. Limited time! #Event,promotion,neutral,en,1,30,9,3,0
1536,2024-01-08 11:15:00,Exclusive: coffee maker bundle for $246!,promotion,neutral,en,1,10,2,0,0
3444,2024-05-08 22:33:00,Public health update: data breach cases rising in New York.,health_wellness,positive,en,1,10,2,2,0
1274,2023-11-09 13:28:00,Rally at London calling for tax policy reform.,politics,negative,en,0,66,12,9,0
2468,2023-05-01 15:03:00,This cat has more confidence than me 🙌,meme_joke,positive,hi,1,33,5,3,0
608,2024-10-24 21:31:00,Weekend vibes at the Delhi! 🥲,personal_update,negative,fr,0,12,4,2,0
3514,2023-04-26 00:50:00,Just had tacos with friends. So good! 🙌,personal_update,neutral,en,1,49,18,11,0
1713,2023-10-09 18:24:00,Meetup at Sydney for tech summit. RSVP below.,event,positive,en,0,35,6,4,0
2200,2025-03-11 17:31:00,Photos from book club are up—tag yourself!,event,neutral,en,1,44,9,2,0
956,2024-12-10 20:42:00,Loving the new Globex headphones! Battery lasts all day.,product_feedback,negative,hi,0,30,5,4,0
2580,2024-07-19 20:37:00,"New day, new goals. #Event 😴",personal_update,positive,en,0,15,1,3,0
3898,2023-04-20 09:51:00,This cat has more confidence than me 😴,meme_joke,neutral,en,0,150,29,21,0
4426,2024-06-18 21:14:00,Photos from charity run are up—tag yourself!,event,neutral,en,1,82,30,19,0
3381,2023-12-07 20:41:00,Just had tacos with friends. So good! 😂,personal_update,positive,en,0,73,9,11,0
3686,2023-09-25 05:14:00,Transfer rumor: L. Chen to Warriors?,sports,negative,en,1,52,5,9,0
404,2023-09-12 11:04:00,Weekend vibes at the Sydney! 😴,personal_update,neutral,en,0,46,10,9,0
2072,2024-03-12 13:58:00,Missed my brother today. 🤔,personal_update,negative,en,0,31,10,4,0
4756,2024-01-15 02:27:00,Friend: ‘We should work out.’ Us: 😂,meme_joke,neutral,en,0,34,4,5,0
1978,2024-12-04 03:22:00,This cat has more confidence than me 😂,meme_joke,positive,en,0,121,35,15,0
159,2023-01-24 10:13:00,Livestream starts at 8pm! Don’t miss the charity run.,event,positive,de,0,110,14,17,0
1749,2024-07-22 14:21:00,Latest update on weather alert: authorities confirm new info.,news,neutral,en,0,32,12,9,0
2910,2023-09-11 21:12:00,This cat has more confidence than me 🤔,meme_joke,positive,fr,0,15,5,4,0
3535,2024-08-17 13:50:00,When you open the fridge and forget why you came: 🥲 #relatable,meme_joke,positive,es,0,59,18,6,0
903,2023-10-01 20:44:00,Missed my brother today. 🔥,personal_update,positive,en,0,68,7,13,0
353,2023-06-05 15:52:00,Tough loss for Lions. Refs were wild.,sports,positive,en,0,34,10,3,0
1231,2023-04-21 08:55:00,Heads up: policy change expected later this week.,news,neutral,en,1,51,12,10,0
4671,2023-03-04 14:13:00,Feature request: please add faster charging to headphones.,product_feedback,negative,en,0,20,3,4,0
2141,2023-02-14 23:21:00,Meetup at Mumbai for tech summit. RSVP below.,event,positive,es,1,10,2,2,0
445,2025-03-21 07:45:00,Weekend vibes at the Berlin! 😀,personal_update,neutral,en,0,32,8,7,0
4949,2025-07-05 12:13:00,Missed my dad today. 🥲,personal_update,neutral,de,0,37,6,7,0
755,2023-11-05 04:21:00,Friend: ‘We should work out.’ Us: 😅,meme_joke,positive,fr,0,113,32,14,0
1738,2023-06-02 03:40:00,Loving the new Umbrella sneakers! Battery lasts all day.,product_feedback,positive,fr,0,54,9,7,0
2972,2023-02-01 07:20:00,Latest update on data breach: authorities confirm new info.,news,neutral,hi,1,11,2,3,0
4980,2023-08-24 14:43:00,Having trouble logging into my Umbrella account—any fix?,customer_support,neutral,en,0,20,5,5,0
2921,2023-07-18 19:26:00,The laptop design is sleek but camera needs work.,product_feedback,negative,en,0,24,7,3,0
312,2024-06-15 23:38:00,Tough loss for Royals. Refs were wild.,sports,positive,hi,0,25,8,6,0
549,2023-09-26 03:39:00,The sneakers design is sleek but camera needs work.,product_feedback,neutral,en,0,19,6,3,0
4053,2024-12-03 16:40:00,Missed my dad today. 😴,personal_update,positive,en,0,70,19,10,0
4762,2025-05-05 00:01:00,"Refund request for defective headphones, DM sent.",customer_support,negative,de,0,20,5,3,0
1990,2025-02-24 10:26:00,Use code DEAL50 for free shipping on headphones.,promotion,neutral,en,0,35,3,9,0
307,2023-08-06 22:47:00,Friend: ‘We should work out.’ Us: 🥲,meme_joke,positive,fr,0,91,18,18,0
2336,2024-12-19 03:55:00,The headphones design is sleek but camera needs work.,product_feedback,positive,en,0,60,16,7,0
695,2023-09-26 08:13:00,Feature request: please add dark mode to coffee maker.,product_feedback,positive,fr,0,31,7,8,0
2357,2023-05-24 07:54:00,"Hi Globex, my order #32744 hasn’t arrived. Please help.",customer_support,neutral,en,0,8,1,0,0
1928,2024-06-08 09:35:00,Thanks Initech support for resolving my issue fast!,customer_support,negative,es,0,9,1,2,0
685,2025-07-13 08:20:00,Use code DEAL50 for free shipping on laptop.,promotion,positive,en,1,23,6,6,1
750,2023-10-12 05:51:00,Latest update on concert announcement: authorities confirm new info.,news,positive,en,0,90,29,25,0
4009,2024-06-13 08:32:00,Royals with an unbelievable win tonight! #LOL,sports,positive,en,0,119,13,14,0
1267,2024-10-29 09:31:00,New bill on tax policy passes in Delhi.,politics,negative,en,1,63,6,5,0
3286,2025-07-06 03:53:00,Transfer rumor: J. Smith to Royals?,sports,positive,fr,0,50,16,10,0
3530,2023-07-15 23:46:00,Updating to say sneakers performance improved after patch.,product_feedback,positive,es,1,39,7,7,0
4424,2024-05-28 10:07:00,Debate tonight on education reform. What are your thoughts?,politics,positive,fr,0,7,2,1,0
3985,2024-05-18 19:26:00,Record broken: L. Chen sets new high for goals.,sports,positive,en,1,104,33,24,0
3084,2023-06-23 21:24:00,"Refund request for defective smartwatch, DM sent.",customer_support,neutral,en,0,1,0,0,0
3062,2025-06-13 14:52:00,Public health update: weather alert cases rising in Berlin.,health_wellness,positive,hi,0,62,21,17,0
3026,2023-03-15 11:25:00,Breaking: market rally just happened in Sydney. Details emerging. #Sports,news,positive,fr,0,112,39,7,0
971,2025-03-04 02:02:00,FLASH SALE: smartwatch at 25% off. Limited time! #MondayMotivation,promotion,positive,de,0,9,1,2,0
14,2023-02-17 07:30:00,The coffee maker design is sleek but camera needs work.,product_feedback,neutral,en,0,16,5,1,0
874,2025-07-21 09:10:00,Feature request: please add offline sync to sneakers.,product_feedback,positive,fr,0,19,2,3,0
809,2023-01-26 22:51:00,Matchday! Royals vs Royals at 10am. Predictions?,sports,positive,hi,0,107,34,13,0
3199,2025-06-06 20:53:00,Meetup at Mumbai for tech summit. RSVP below.,event,neutral,en,1,24,6,1,0
515,2024-11-28 10:26:00,Rally at New York calling for healthcare reform.,politics,positive,en,0,18,6,1,0
4473,2023-12-29 05:13:00,Feeling tired today! 💖 #Tech,personal_update,neutral,de,0,35,12,2,0
410,2024-10-25 06:09:00,Loving the new Initech laptop! Battery lasts all day.,product_feedback,neutral,en,0,16,2,1,0
3409,2024-05-20 13:07:00,Photos from charity run are up—tag yourself!,event,neutral,es,1,87,19,19,0
4343,2024-03-25 05:10:00,Meetup at Sydney for book club. RSVP below.,event,positive,en,0,40,14,7,0
208,2025-05-11 15:43:00,"Refund request for defective laptop, DM sent.",customer_support,negative,hi,0,13,2,0,0
3692,2024-02-27 01:26:00,This cat has more confidence than me 🙌,meme_joke,neutral,en,0,69,14,16,0
459,2023-06-14 02:36:00,Having trouble logging into my Globex account—any fix?,customer_support,negative,en,0,12,1,2,0
3472,2023-05-04 12:12:00,This cat has more confidence than me 🤷,meme_joke,positive,en,0,149,38,11,0
2431,2025-01-24 11:30:00,Having trouble logging into my Stark account—any fix?,customer_support,neutral,en,0,6,1,1,0
3658,2024-01-22 08:12:00,Record broken: R. Patel sets new high for aces.,sports,positive,hi,0,115,27,10,0
111,2023-12-06 11:16:00,Not impressed with Umbrella's headphones build quality.,product_feedback,positive,en,0,57,10,14,0
4590,2025-07-09 00:42:00,POV: You at 8am meetings 🔥🔥,meme_joke,positive,de,0,77,21,10,0
4045,2023-07-30 09:10:00,The sneakers design is sleek but camera needs work.,product_feedback,negative,en,0,38,6,7,0
1884,2024-07-05 07:05:00,POV: You at 8am meetings 💪💪,meme_joke,neutral,en,0,43,7,6,0
1714,2024-09-14 05:28:00,Weekend vibes at the Berlin! 💪,personal_update,negative,en,0,37,6,2,0
3959,2023-12-14 17:54:00,Use code FREESHIP for free shipping on coffee maker.,promotion,negative,en,0,13,4,1,0
3400,2024-04-17 05:14:00,Transfer rumor: J. Smith to Tigers?,sports,positive,de,1,39,4,5,0
553,2023-07-16 16:51:00,"New day, new goals. #LOL 😴",personal_update,positive,en,0,44,14,12,0
1440,2025-06-29 04:02:00,Opinion: healthcare will impact seniors the most.,politics,neutral,en,0,14,3,3,0
2271,2025-04-27 01:12:00,The Acme app keeps crashing after update.,customer_support,neutral,en,0,13,2,3,0
3145,2023-12-25 07:43:00,Meetup at Berlin for tech summit. RSVP below.,event,positive,en,0,52,20,9,0
2822,2023-08-21 08:21:00,Lions with an unbelievable win tonight! #Breaking,sports,positive,hi,0,86,10,12,0
4782,2025-02-12 01:49:00,Reminder: drink water and stretch today! 🙌,health_wellness,positive,en,0,7,1,0,0
1926,2023-06-24 00:06:00,Not impressed with Initech's headphones build quality.,product_feedback,neutral,en,0,12,3,3,0
635,2024-06-29 19:35:00,Buy 1 get 1 on all coffee maker until Thursday.,promotion,positive,hi,1,6,1,0,0
4806,2025-04-13 01:22:00,In-depth: What weather alert means for Delhi.,news,neutral,fr,0,41,8,9,0
317,2024-06-07 08:37:00,Starting a 30-day meditation challenge. Who’s in?,health_wellness,neutral,es,0,13,3,3,0
4218,2025-06-29 18:34:00,Reminder: drink water and stretch today! 😀,health_wellness,positive,fr,0,30,8,2,0
4700,2024-09-02 10:19:00,Updating to say headphones performance improved after patch.,product_feedback,positive,es,0,39,8,9,0
1329,2025-06-24 12:54:00,FLASH SALE: smartwatch at 70% off. Limited time! #Sports,promotion,neutral,de,0,27,2,3,0
428,2023-11-23 05:03:00,Mental health matters. Take a break. 🔥,health_wellness,positive,en,0,71,26,3,0
4375,2024-12-19 05:59:00,Feeling happy today! 🙌 #Fitness,personal_update,neutral,en,1,49,10,11,0
106,2023-12-06 22:15:00,Missed my dad today. 🤷,personal_update,positive,en,0,56,6,15,0
3042,2023-10-09 12:45:00,Meetup at London for book club. RSVP below.,event,neutral,fr,1,29,6,2,0
143,2023-03-03 06:52:00,Exclusive: headphones bundle for $23!,promotion,neutral,en,1,6,1,1,0
2170,2023-07-25 00:28:00,Report: power outage could affect small businesses.,news,positive,en,1,80,11,12,0
3459,2024-01-30 23:16:00,Buy 1 get 1 on all headphones until Tuesday.,promotion,positive,es,1,11,2,0,0
90,2024-06-07 06:51:00,New bill on privacy law passes in Toronto.,politics,neutral,en,1,23,4,2,0
2919,2023-05-29 08:51:00,Use code BUNDLE for free shipping on coffee maker.,promotion,positive,en,0,38,12,2,0
3238,2024-06-03 08:34:00,Breaking: concert announcement just happened in New York. Details emerging. #Fitness,news,neutral,hi,1,18,6,1,0
2242,2023-12-02 01:46:00,Opinion: healthcare will impact seniors the most.,politics,neutral,hi,1,14,2,3,0
3175,2023-06-06 12:55:00,Friend: ‘We should work out.’ Us: 💪,meme_joke,positive,es,0,44,13,5,0
3413,2024-10-26 04:14:00,Public health update: policy change cases rising in London.,health_wellness,positive,es,1,87,31,19,0
2164,2023-07-10 06:59:00,The Globex app keeps crashing after update.,customer_support,negative,en,0,5,1,0,0
2637,2024-04-24 16:36:00,Public health update: data breach cases rising in London.,health_wellness,positive,en,0,54,19,3,0
1950,2025-06-15 14:30:00,Public health update: concert announcement cases rising in Delhi.,health_wellness,neutral,en,0,67,6,12,0
1769,2025-04-05 02:41:00,Missed my sister today. 🙌,personal_update,positive,fr,0,15,1,1,0
4291,2024-05-26 23:32:00,Heads up: concert announcement expected later this week.,news,positive,en,1,54,17,15,0
2273,2025-07-30 08:24:00,Use code WELCOME10 for free shipping on headphones.,promotion,neutral,en,1,40,11,11,0
2,2024-11-17 08:44:00,Feeling tired today! 🔥 #Health,personal_update,positive,en,1,51,7,7,0
3283,2024-03-21 17:43:00,Just had biryani with friends. So good! 🤔,personal_update,negative,en,0,7,1,0,0
4958,2024-11-28 06:20:00,"New day, new goals. #Health 😂",personal_update,positive,en,0,60,21,9,0
1952,2024-03-25 08:34:00,In-depth: What policy change means for London.,news,neutral,en,0,99,33,15,0
936,2023-01-04 18:08:00,Meetup at Sydney for book club. RSVP below.,event,positive,en,0,60,20,5,0
4297,2025-04-23 14:50:00,Weekend vibes at the New York! 💖,personal_update,positive,en,0,14,2,4,0
2721,2023-02-18 21:50:00,Friend: ‘We should work out.’ Us: 🤷,meme_joke,neutral,es,0,46,6,4,0
4448,2024-05-30 09:41:00,Feeling tired today! 🤔 #News,personal_update,neutral,hi,0,13,2,1,0
1110,2024-03-15 10:06:00,Exclusive: coffee maker bundle for $68!,promotion,positive,de,0,53,7,5,0
3961,2023-12-27 12:49:00,Me: I’ll sleep early. Also me at 3am: 💖,meme_joke,positive,en,1,120,19,35,0
592,2025-07-21 01:41:00,Transfer rumor: L. Chen to Warriors?,sports,positive,en,0,30,7,2,0
1696,2025-07-11 20:12:00,Having trouble logging into my Stark account—any fix?,customer_support,negative,fr,0,10,2,1,0
3451,2024-05-31 13:48:00,"Refund request for defective coffee maker, DM sent.",customer_support,neutral,en,0,12,4,3,0
2937,2023-06-06 18:23:00,Friend: ‘We should work out.’ Us: 😴,meme_joke,neutral,es,0,20,7,2,0
4205,2023-09-07 22:39:00,Friend: ‘We should work out.’ Us: 😂,meme_joke,positive,en,1,164,42,24,0
3412,2023-09-03 18:49:00,FLASH SALE: coffee maker at 60% off. Limited time! #Fitness,promotion,neutral,en,0,48,7,13,1
1577,2024-04-04 18:36:00,Debate tonight on tax policy. What are your thoughts?,politics,neutral,fr,0,75,17,18,0
3955,2023-07-02 02:12:00,Weekend vibes at the Delhi! 💖,personal_update,neutral,en,0,29,4,6,0
214,2024-11-10 17:20:00,Report: data breach could affect small businesses.,news,neutral,en,1,48,12,5,0
779,2023-01-28 09:05:00,Friend: ‘We should work out.’ Us: 🔥,meme_joke,positive,es,0,50,14,12,0
1416,2023-07-04 19:43:00,Starting a 30-day yoga challenge. Who’s in?,health_wellness,positive,en,0,30,9,5,0
3760,2024-07-19 12:24:00,Feature request: please add faster charging to laptop.,product_feedback,positive,en,1,55,14,6,0
2044,2025-07-26 20:05:00,This cat has more confidence than me 😀,meme_joke,neutral,es,0,115,19,18,0
2849,2024-10-28 09:05:00,Feeling grateful today! 🔥 #Tech,personal_update,positive,hi,0,24,3,2,0
4538,2023-12-21 06:40:00,"New day, new goals. #News 💪",personal_update,positive,es,0,80,25,19,0
3506,2024-01-01 05:35:00,Rally at London calling for climate action reform.,politics,negative,en,0,53,19,8,0
3814,2024-04-21 20:12:00,Public health update: concert announcement cases rising in Mumbai.,health_wellness,positive,es,0,89,29,23,0
1568,2024-01-14 03:46:00,Not impressed with Umbrella's coffee maker build quality.,product_feedback,neutral,en,1,19,6,4,0
166,2024-09-18 05:24:00,When you open the fridge and forget why you came: 💪 #relatable,meme_joke,positive,de,0,108,34,31,0
4715,2023-03-11 00:13:00,Feature request: please add faster charging to coffee maker.,product_feedback,neutral,hi,0,27,3,6,0
4273,2023-05-12 13:03:00,Breaking: power outage just happened in Toronto. Details emerging. #Tech,news,neutral,en,0,29,5,7,0
4927,2025-03-05 21:13:00,New bill on privacy law passes in New York.,politics,negative,en,0,16,3,3,0
1344,2023-09-19 22:42:00,"New day, new goals. #Sports 😂",personal_update,neutral,en,0,16,3,1,0
2014,2023-08-25 05:41:00,Warriors with an unbelievable win tonight! #Health,sports,negative,en,0,23,4,4,0
274,2025-07-06 14:07:00,Loving the new Stark sneakers! Battery lasts all day.,product_feedback,negative,fr,1,35,13,5,0
72,2023-08-12 16:29:00,Heads up: data breach expected later this week.,news,positive,hi,0,69,8,6,0
3888,2025-01-08 08:07:00,Fact check: claims about privacy law and taxes.,politics,neutral,es,0,11,4,1,0
1088,2023-08-07 23:13:00,Meetup at New York for charity run. RSVP below.,event,positive,en,1,90,17,15,0
395,2025-05-14 01:49:00,This cat has more confidence than me 😴,meme_joke,positive,en,1,56,7,10,0
584,2024-07-04 07:08:00,Weekend vibes at the New York! 🔥,personal_update,positive,en,0,55,20,4,0
1368,2025-02-28 12:32:00,In-depth: What market rally means for Berlin.,news,neutral,en,0,70,18,12,0
4988,2024-08-06 09:03:00,Weekend vibes at the Berlin! 🙌,personal_update,positive,en,1,51,14,6,0
4089,2024-03-20 06:07:00,Missed my dad today. 😀,personal_update,neutral,fr,0,60,22,6,0
2549,2023-08-31 05:30:00,In-depth: What market rally means for Mumbai.,news,neutral,fr,0,76,12,11,0
1014,2023-04-09 12:54:00,"Hi Globex, my order #66502 hasn’t arrived. Please help.",customer_support,positive,en,0,39,13,3,0
4898,2024-02-17 19:27:00,"Refund request for defective headphones, DM sent.",customer_support,neutral,es,0,6,1,1,0
3004,2024-06-04 10:15:00,Report: data breach could affect students.,news,neutral,en,1,66,18,12,0
4789,2023-01-28 09:50:00,Meetup at Delhi for music festival. RSVP below.,event,positive,en,0,113,43,17,0
4408,2023-07-17 22:34:00,"Refund request for defective headphones, DM sent.",customer_support,negative,en,1,4,0,0,0
3533,2024-02-28 08:48:00,Buy 1 get 1 on all headphones until Saturday.,promotion,neutral,en,0,5,0,0,0
1764,2025-06-27 23:11:00,Livestream starts at 8pm! Don’t miss the tech summit.,event,positive,de,1,94,19,22,0
1876,2025-07-14 01:41:00,"Hi Initech, my order #85167 hasn’t arrived. Please help.",customer_support,neutral,en,0,20,6,1,0
1260,2023-05-27 13:46:00,Exclusive: smartwatch bundle for $152!,promotion,positive,en,0,46,9,8,0
4531,2024-07-02 22:42:00,Transfer rumor: K. Garcia to City?,sports,positive,de,0,103,22,16,0
2254,2023-02-13 18:27:00,"Refund request for defective coffee maker, DM sent.",customer_support,neutral,fr,0,10,2,2,0
2782,2024-06-26 15:13:00,Missed my brother today. 🤷,personal_update,positive,es,0,19,3,5,0
3593,2025-04-19 06:24:00,"Hi Acme, my order #64195 hasn’t arrived. Please help.",customer_support,neutral,en,0,3,0,0,0
527,2024-05-16 05:13:00,Photos from tech summit are up—tag yourself!,event,neutral,de,1,19,4,2,0
4264,2024-03-20 16:00:00,Latest update on policy change: authorities confirm new info.,news,neutral,de,0,77,19,19,0
2947,2024-04-19 02:01:00,Weekend vibes at the New York! 🔥,personal_update,positive,en,0,35,9,8,0
378,2024-10-12 19:21:00,"Hi Stark, my order #70613 hasn’t arrived. Please help.",customer_support,neutral,de,0,20,6,3,0
1560,2024-04-21 03:09:00,Loving the new Stark smartwatch! Battery lasts all day.,product_feedback,positive,fr,1,42,15,2,0
3821,2023-03-07 13:08:00,New drop: sneakers! Grab yours today.,promotion,positive,en,1,17,5,2,0
1964,2023-10-09 19:35:00,Feeling grateful today! 🙌 #Event,personal_update,neutral,en,0,5,1,1,0
4733,2024-08-14 19:04:00,Feeling meh today! 😂 #MondayMotivation,personal_update,positive,en,0,56,16,14,0
349,2024-09-23 03:46:00,City with an unbelievable win tonight! #Tech,sports,positive,en,0,111,41,21,0
2435,2023-06-13 07:42:00,Buy 1 get 1 on all coffee maker until Tuesday.,promotion,positive,en,0,59,23,14,0
2247,2024-11-14 22:47:00,Not impressed with Acme's coffee maker build quality.,product_feedback,positive,de,0,42,14,3,0
4167,2024-04-18 12:27:00,This cat has more confidence than me 🔥,meme_joke,positive,fr,0,51,9,3,0
1710,2024-10-08 17:05:00,Loving the new Umbrella coffee maker! Battery lasts all day.,product_feedback,negative,en,1,20,2,4,0
1051,2024-07-16 15:28:00,"Hi Umbrella, my order #43771 hasn’t arrived. Please help.",customer_support,negative,en,0,10,2,2,0
591,2023-10-15 10:10:00,POV: You at 8am meetings 😂😂,meme_joke,neutral,en,0,124,15,35,0
520,2023-05-17 21:34:00,Feature request: please add noise cancellation to laptop.,product_feedback,neutral,en,0,20,3,2,0
4753,2025-02-12 09:37:00,Missed my sister today. 🎉,personal_update,positive,hi,0,22,7,2,0
4309,2024-06-13 12:02:00,Record broken: M. Khan sets new high for runs.,sports,positive,en,0,99,24,25,0
2478,2023-06-30 12:03:00,Transfer rumor: L. Chen to Warriors?,sports,negative,en,1,11,1,1,0
1084,2024-09-19 02:22:00,This cat has more confidence than me 🤷,meme_joke,positive,en,0,58,18,13,0
3589,2023-02-11 05:52:00,Latest update on weather alert: authorities confirm new info.,news,neutral,en,1,59,12,12,0
4779,2025-07-03 20:53:00,Use code SAVE20 for free shipping on smartwatch.,promotion,neutral,fr,1,4,1,0,0
4510,2023-09-01 04:56:00,Feeling tired today! 🔥 #Health,personal_update,positive,hi,0,54,18,6,0
1295,2025-04-03 15:54:00,Join us at the charity run this Tuesday! Tickets available now. #Breaking,event,positive,es,0,63,19,10,0
1810,2024-09-19 11:11:00,Meetup at London for tech summit. RSVP below.,event,neutral,en,0,30,3,4,0
792,2025-03-20 21:06:00,Feeling tired today! 🤷 #Event,personal_update,negative,es,1,41,4,11,0
793,2023-12-07 17:13:00,Thanks Stark support for resolving my issue fast!,customer_support,negative,hi,0,1,0,0,0
4115,2023-07-31 21:18:00,Feature request: please add dark mode to laptop.,product_feedback,positive,en,0,60,10,8,0
1856,2023-04-24 17:03:00,Breaking: weather alert just happened in London. Details emerging. #Breaking,news,positive,fr,1,100,23,16,0
4758,2024-08-13 03:17:00,Buy 1 get 1 on all smartwatch until Tuesday.,promotion,neutral,en,0,40,5,5,0
1981,2024-09-26 11:31:00,"Refund request for defective coffee maker, DM sent.",customer_support,positive,es,0,39,13,10,0
3234,2024-06-18 08:52:00,Not impressed with Umbrella's laptop build quality.,product_feedback,negative,de,0,4,0,0,0
3909,2023-01-13 05:43:00,Report: power outage could affect small businesses.,news,neutral,de,0,79,16,14,0
4985,2023-09-04 10:11:00,New drop: smartwatch! Grab yours today.,promotion,negative,en,1,20,4,4,0
3329,2024-04-19 22:51:00,Exclusive: smartwatch bundle for $126!,promotion,neutral,en,0,29,3,1,0
1531,2025-01-20 21:36:00,Breaking: weather alert just happened in London. Details emerging. #LOL,news,neutral,en,0,34,13,2,0
1411,2023-04-09 19:50:00,Tough loss for United. Refs were wild.,sports,neutral,hi,1,90,25,14,0
4295,2023-05-19 08:12:00,Record broken: L. Chen sets new high for goals.,sports,positive,en,0,48,14,3,0
4649,2024-10-18 01:40:00,Loving the new Umbrella sneakers! Battery lasts all day.,product_feedback,positive,de,1,55,10,6,0
84,2024-12-06 11:55:00,Having trouble logging into my Acme account—any fix?,customer_support,negative,es,0,7,1,1,0
869,2024-11-10 01:07:00,Latest update on weather alert: authorities confirm new info.,news,neutral,en,1,69,16,20,0
2351,2024-09-03 18:24:00,Countdown to charity run: only 2 days left!,event,positive,en,1,100,32,22,0
21,2023-05-04 23:12:00,Reminder: drink water and stretch today! 🎉,health_wellness,positive,hi,0,63,11,7,0
3425,2024-03-12 04:36:00,Breaking: market rally just happened in Mumbai. Details emerging. #Breaking,news,negative,en,0,38,6,4,0
2796,2024-11-21 06:19:00,Exclusive: laptop bundle for $22!,promotion,neutral,en,1,38,8,11,0
4573,2023-02-05 06:49:00,Photos from tech summit are up—tag yourself!,event,positive,es,1,70,10,12,0
1563,2023-04-19 04:17:00,Use code SAVE20 for free shipping on smartwatch.,promotion,neutral,en,1,29,4,5,0
3094,2024-04-18 04:13:00,Not impressed with Initech's sneakers build quality.,product_feedback,positive,es,0,55,12,7,0
3156,2024-04-20 06:13:00,Updating to say sneakers performance improved after patch.,product_feedback,neutral,en,0,7,2,1,0
974,2025-03-15 05:47:00,The headphones design is sleek but camera needs work.,product_feedback,neutral,en,0,17,2,4,0
1711,2024-08-01 15:05:00,Meetup at Toronto for music festival. RSVP below.,event,positive,en,1,52,9,12,0
3202,2023-12-29 19:16:00,Loving the new Globex headphones! Battery lasts all day.,product_feedback,positive,es,0,55,12,7,0
4372,2023-08-13 23:54:00,Just had biryani with friends. So good! 🔥,personal_update,positive,de,0,28,8,3,0
4820,2023-02-11 20:06:00,FLASH SALE: laptop at 10% off. Limited time! #MondayMotivation,promotion,positive,hi,1,15,5,2,0
1099,2023-07-16 04:12:00,Thanks Umbrella support for resolving my issue fast!,customer_support,negative,hi,1,9,3,0,0
4162,2025-07-16 17:00:00,Feeling grateful today! 😴 #MondayMotivation,personal_update,positive,en,0,63,14,16,0
2845,2023-10-19 23:00:00,Updating to say sneakers performance improved after patch.,product_feedback,positive,en,0,32,9,3,0
887,2024-02-21 04:24:00,Report: power outage could affect commuters.,news,positive,en,1,62,16,16,0
4932,2023-06-30 03:15:00,Photos from charity run are up—tag yourself!,event,positive,fr,1,118,15,31,0
3679,2025-01-12 09:15:00,This cat has more confidence than me 🙌,meme_joke,positive,en,0,161,21,23,0
4581,2025-07-17 01:02:00,This cat has more confidence than me 😂,meme_joke,neutral,en,0,48,6,12,0
3567,2024-12-07 18:10:00,Tough loss for United. Refs were wild.,sports,positive,fr,1,38,7,8,0
4402,2024-09-21 20:49:00,Meetup at Sydney for book club. RSVP below.,event,neutral,de,1,12,3,2,0
516,2024-02-07 21:55:00,Report: power outage could affect small businesses.,news,positive,hi,0,99,19,8,0
4621,2024-11-04 13:21:00,"Refund request for defective laptop, DM sent.",customer_support,neutral,hi,0,6,1,1,0
738,2023-04-27 21:19:00,Missed my mom today. 🙌,personal_update,positive,en,1,60,14,12,0
1454,2024-02-25 05:37:00,Just had pasta with friends. So good! 😀,personal_update,positive,en,1,53,7,15,0
3972,2024-06-05 11:01:00,Weekend vibes at the New York! 😀,personal_update,positive,hi,0,65,15,4,0
4701,2023-07-04 08:54:00,Having trouble logging into my Acme account—any fix?,customer_support,positive,es,0,25,3,2,0
2507,2023-02-04 11:08:00,Buy 1 get 1 on all laptop until Friday.,promotion,neutral,hi,1,30,7,4,0
2995,2023-07-22 00:46:00,Feeling meh today! 🤷 #Fitness,personal_update,positive,es,0,33,7,8,0
2127,2023-05-20 13:55:00,Debate tonight on privacy law. What are your thoughts?,politics,neutral,es,1,32,3,8,0
2927,2024-03-25 21:48:00,Friend: ‘We should work out.’ Us: 🥲,meme_joke,positive,de,0,35,9,4,0
4746,2023-03-19 02:53:00,Latest update on power outage: authorities confirm new info.,news,neutral,es,1,80,15,23,0
907,2024-07-24 17:48:00,"Hi Stark, my order #72014 hasn’t arrived. Please help.",customer_support,negative,en,0,12,2,1,0
3648,2025-07-03 06:39:00,Missed my grandma today. 😅,personal_update,positive,en,0,56,14,3,0
1031,2024-03-06 02:02:00,Reminder: drink water and stretch today! 🔥,health_wellness,positive,de,0,73,26,16,0
2508,2023-01-13 11:15:00,Weekend vibes at the London! 💖,personal_update,neutral,de,0,16,5,1,0
2429,2023-08-01 00:03:00,This cat has more confidence than me 😅,meme_joke,positive,en,0,37,8,10,0
948,2023-07-08 04:03:00,Weekend vibes at the London! 🤷,personal_update,negative,fr,0,39,4,11,0
3807,2024-07-15 00:26:00,Fact check: claims about tax policy and taxes.,politics,negative,de,0,60,10,3,0
4755,2024-05-03 13:06:00,Mental health matters. Take a break. 🤷,health_wellness,neutral,en,0,23,7,6,0
716,2025-04-22 22:40:00,Latest update on market rally: authorities confirm new info.,news,neutral,en,0,88,11,22,0
4056,2023-11-04 00:24:00,Use code DEAL50 for free shipping on smartwatch.,promotion,neutral,en,1,8,1,0,0
687,2024-11-12 09:27:00,In-depth: What concert announcement means for Toronto.,news,negative,en,0,29,5,6,0
704,2024-06-18 21:52:00,Weekend vibes at the Toronto! 😴,personal_update,positive,fr,0,28,8,3,0
3342,2025-02-26 15:59:00,Livestream starts at 10am! Don’t miss the community fair.,event,positive,en,0,63,15,7,0
2354,2024-04-14 05:07:00,"New day, new goals. #LOL 😴",personal_update,neutral,en,0,16,5,1,0
2258,2023-11-01 05:40:00,Breaking: data breach just happened in New York. Details emerging. #Sports,news,neutral,fr,0,100,26,12,0
3552,2023-07-29 01:40:00,Missed my dad today. 🔥,personal_update,neutral,fr,1,32,5,2,0
474,2025-05-11 08:24:00,Latest update on market rally: authorities confirm new info.,news,positive,en,1,59,12,3,0
22,2023-10-19 15:30:00,POV: You at 8am meetings 😅😅,meme_joke,positive,fr,0,135,17,7,0
2753,2023-03-23 21:31:00,Starting a 30-day meditation challenge. Who’s in?,health_wellness,neutral,fr,0,15,4,2,0
886,2024-11-27 00:48:00,Exclusive: sneakers bundle for $249!,promotion,positive,en,0,29,5,3,0
2449,2024-03-28 23:55:00,Feature request: please add noise cancellation to laptop.,product_feedback,neutral,en,1,9,1,1,0
918,2024-09-21 09:05:00,This cat has more confidence than me 🔥,meme_joke,positive,en,0,68,14,19,0
3758,2023-06-08 08:15:00,New bill on climate action passes in New York.,politics,positive,en,0,39,10,2,0
3752,2023-06-19 22:24:00,FLASH SALE: sneakers at 20% off. Limited time! #MondayMotivation,promotion,neutral,en,0,32,7,8,0
2240,2025-07-30 12:54:00,Latest update on data breach: authorities confirm new info.,news,neutral,en,0,104,23,11,0
3845,2024-05-09 08:29:00,Me: I’ll sleep early. Also me at 3am: 😂,meme_joke,neutral,en,0,48,12,12,0
3396,2023-01-21 21:16:00,Feeling happy today! 🤔 #Tech,personal_update,positive,en,0,59,13,6,0
1266,2024-03-04 17:05:00,Starting a 30-day cycling challenge. Who’s in?,health_wellness,positive,es,1,52,5,9,0
484,2024-12-24 13:16:00,Use code FREESHIP for free shipping on coffee maker.,promotion,positive,fr,0,34,9,9,0
4338,2024-02-05 14:56:00,Not impressed with Umbrella's coffee maker build quality.,product_feedback,neutral,en,1,6,2,0,0
2964,2023-03-29 12:22:00,The Initech app keeps crashing after update.,customer_support,negative,hi,0,4,1,0,0
1220,2024-08-05 09:26:00,Record broken: R. Patel sets new high for aces.,sports,neutral,en,0,14,1,3,0
278,2023-04-15 21:50:00,"New day, new goals. #Event 🎉",personal_update,neutral,en,0,5,1,1,0
989,2025-04-09 15:45:00,Missed my sister today. 🥲,personal_update,positive,hi,0,32,7,6,0
2085,2023-01-29 20:45:00,Use code SAVE20 for free shipping on headphones.,promotion,neutral,en,0,44,5,12,0
1246,2025-01-27 15:06:00,Friend: ‘We should work out.’ Us: 💖,meme_joke,neutral,en,0,84,18,22,0
2383,2024-11-12 16:41:00,Latest update on market rally: authorities confirm new info.,news,neutral,hi,0,35,7,7,0
572,2025-07-25 04:34:00,Having trouble logging into my Initech account—any fix?,customer_support,negative,en,0,20,7,2,0
1436,2023-03-30 08:46:00,Photos from charity run are up—tag yourself!,event,positive,en,1,97,28,19,0
994,2023-03-04 05:27:00,Weekend vibes at the Sydney! 💖,personal_update,positive,en,0,47,15,11,0
3931,2024-02-02 06:00:00,This cat has more confidence than me 🤔,meme_joke,positive,de,0,145,25,23,0
3448,2024-03-23 11:21:00,Feeling tired today! 🙌 #MondayMotivation,personal_update,neutral,en,0,25,5,4,0
586,2023-06-21 14:12:00,Matchday! City vs City at 8pm. Predictions?,sports,positive,en,0,7,1,1,0
3659,2023-03-05 00:06:00,Countdown to charity run: only 3 days left!,event,neutral,en,0,32,3,8,0
2515,2025-07-13 07:46:00,Photos from tech summit are up—tag yourself!,event,neutral,en,1,43,14,5,0
1350,2023-04-05 23:21:00,Join us at the tech summit this Monday! Tickets available now. #Fitness,event,neutral,en,1,95,20,4,0
1008,2025-06-17 11:21:00,Join us at the book club this Monday! Tickets available now. #Health,event,neutral,en,0,88,29,12,0
675,2025-05-04 19:49:00,Use code FREESHIP for free shipping on smartwatch.,promotion,positive,en,1,47,15,10,0
2413,2024-08-07 06:54:00,Photos from book club are up—tag yourself!,event,positive,en,1,115,29,16,0
2904,2024-05-08 01:09:00,When you open the fridge and forget why you came: 😅 #relatable,meme_joke,positive,fr,0,78,24,5,0
448,2023-03-10 08:28:00,"Refund request for defective headphones, DM sent.",customer_support,neutral,en,0,6,2,1,0
3835,2023-06-30 23:38:00,Just had sushi with friends. So good! 😴,personal_update,positive,en,0,58,5,16,0
3759,2024-10-08 21:39:00,New drop: smartwatch! Grab yours today.,promotion,neutral,hi,1,19,7,3,0
3704,2024-07-04 12:29:00,The coffee maker design is sleek but camera needs work.,product_feedback,neutral,fr,1,23,8,6,0
360,2024-06-16 23:07:00,Weekend vibes at the London! 😴,personal_update,neutral,en,0,29,4,1,0
2065,2024-12-03 06:03:00,Reminder: drink water and stretch today! 🙌,health_wellness,neutral,fr,0,63,21,13,0
4450,2025-01-03 17:25:00,POV: You at 8am meetings 🙌🙌,meme_joke,negative,fr,0,77,12,10,0
3811,2025-01-28 00:20:00,Lions with an unbelievable win tonight! #Fitness,sports,neutral,es,0,28,9,1,0
1691,2024-10-04 02:17:00,Meetup at London for book club. RSVP below.,event,positive,en,1,69,17,7,0
4327,2023-04-10 05:40:00,Photos from tech summit are up—tag yourself!,event,negative,fr,1,35,5,2,0
1549,2023-02-27 20:03:00,Meetup at New York for tech summit. RSVP below.,event,negative,fr,1,20,2,2,0
1248,2023-06-10 19:57:00,Buy 1 get 1 on all sneakers until Saturday.,promotion,neutral,en,0,31,9,6,1
1986,2023-08-21 18:29:00,Buy 1 get 1 on all laptop until Sunday.,promotion,neutral,de,0,30,10,5,1
295,2023-07-09 05:12:00,Opinion: healthcare will impact commuters the most.,politics,neutral,fr,0,65,8,6,0
1548,2024-04-12 10:39:00,Meetup at Mumbai for charity run. RSVP below.,event,neutral,en,0,29,3,6,0
2013,2023-10-07 19:10:00,United with an unbelievable win tonight! #Fitness,sports,negative,de,1,63,22,5,0
589,2024-08-09 10:59:00,Countdown to charity run: only 6 days left!,event,positive,en,0,10,2,2,0
3330,2023-03-16 19:55:00,Just had sushi with friends. So good! 🤔,personal_update,positive,fr,1,68,8,9,0
2404,2024-11-23 10:24:00,Join us at the music festival this Wednesday! Tickets available now. #News,event,neutral,de,0,61,23,4,0
2130,2023-03-07 02:48:00,Livestream starts at 8pm! Don’t miss the music festival.,event,positive,es,0,110,16,13,0
4389,2023-10-04 02:44:00,Weekend vibes at the Delhi! 🤷,personal_update,negative,en,1,36,14,4,0
2411,2025-03-27 17:31:00,Join us at the music festival this Saturday! Tickets available now. #LOL,event,positive,de,0,36,4,7,0
2720,2024-01-31 15:54:00,Me: I’ll sleep early. Also me at 3am: 🙌,meme_joke,positive,es,0,119,29,22,0
426,2024-05-01 10:45:00,Having trouble logging into my Acme account—any fix?,customer_support,neutral,en,0,11,3,2,0
2583,2024-11-26 17:48:00,Having trouble logging into my Umbrella account—any fix?,customer_support,negative,en,0,19,2,1,0
1055,2025-04-03 10:26:00,Join us at the community fair this Monday! Tickets available now. #Fitness,event,negative,hi,0,50,15,10,0
3967,2025-05-03 19:03:00,Meetup at London for book club. RSVP below.,event,negative,en,1,84,16,23,0
4563,2023-07-02 19:04:00,Feature request: please add dark mode to headphones.,product_feedback,positive,es,0,57,18,8,0
557,2025-02-22 23:46:00,Join us at the charity run this Monday! Tickets available now. #Event,event,neutral,fr,0,65,12,11,0
4359,2023-11-14 22:27:00,Having trouble logging into my Stark account—any fix?,customer_support,neutral,en,0,13,3,1,0
3939,2023-05-09 07:37:00,Opinion: privacy law will impact small businesses the most.,politics,neutral,de,0,45,15,11,0
4713,2024-02-06 02:30:00,The Globex app keeps crashing after update.,customer_support,negative,es,1,8,2,1,0
2470,2024-11-17 17:21:00,Feeling tired today! 🎉 #Event,personal_update,positive,de,1,25,3,1,0
4711,2024-08-16 04:51:00,Use code DEAL50 for free shipping on coffee maker.,promotion,positive,es,1,37,7,6,1
356,2023-08-04 11:34:00,Opinion: education reform will impact commuters the most.,politics,negative,en,0,72,8,4,0
1194,2023-02-12 03:30:00,Livestream starts at 10am! Don’t miss the tech summit.,event,positive,en,1,10,3,1,0
1717,2023-07-09 22:43:00,Latest update on weather alert: authorities confirm new info.,news,neutral,en,0,104,41,8,0
3417,2023-07-13 16:49:00,Not impressed with Stark's headphones build quality.,product_feedback,neutral,hi,0,27,4,1,0
2605,2024-10-21 02:17:00,United with an unbelievable win tonight! #Sports,sports,positive,en,0,109,35,30,0
4130,2024-10-11 20:29:00,New bill on education reform passes in Delhi.,politics,negative,de,1,78,29,9,0
2829,2025-05-07 12:05:00,When you open the fridge and forget why you came: 💪 #relatable,meme_joke,positive,en,0,94,22,24,0
1705,2023-04-05 09:30:00,Feeling happy today! 😀 #Sports,personal_update,neutral,de,0,12,4,0,0
2864,2024-07-08 19:18:00,Feeling excited today! 💪 #MondayMotivation,personal_update,neutral,es,0,6,2,1,0
2619,2023-04-18 14:56:00,Public health update: data breach cases rising in Toronto.,health_wellness,neutral,en,1,49,17,4,0
2401,2024-03-27 13:17:00,New bill on privacy law passes in Delhi.,politics,positive,es,0,95,30,16,0
2140,2023-05-31 13:10:00,Debate tonight on privacy law. What are your thoughts?,politics,negative,en,0,53,18,11,0
3240,2024-01-30 00:44:00,Fact check: claims about healthcare and taxes.,politics,neutral,en,0,18,4,2,0
2384,2025-06-01 23:07:00,Matchday! Warriors vs Tigers at 2pm. Predictions?,sports,neutral,en,0,33,6,3,0
3219,2024-03-17 04:09:00,"Hi Stark, my order #99174 hasn’t arrived. Please help.",customer_support,negative,fr,0,14,1,1,0
3936,2023-09-19 07:30:00,Me: I’ll sleep early. Also me at 3am: 🤷,meme_joke,negative,en,1,135,43,35,0
1286,2024-03-10 23:35:00,Just had biryani with friends. So good! 🥲,personal_update,neutral,en,0,12,2,3,0
3797,2025-01-20 10:53:00,Transfer rumor: M. Khan to Lions?,sports,positive,en,0,96,32,22,0
4895,2024-04-23 04:29:00,Lions with an unbelievable win tonight! #Fitness,sports,positive,de,0,10,3,0,0
4469,2024-12-24 09:45:00,Not impressed with Initech's smartwatch build quality.,product_feedback,neutral,es,0,23,2,2,0
2088,2025-01-02 09:32:00,Thanks Globex support for resolving my issue fast!,customer_support,negative,en,0,3,0,0,0
1890,2023-05-09 15:01:00,Livestream starts at 10am! Don’t miss the charity run.,event,neutral,es,1,27,8,2,0
4623,2023-01-11 00:23:00,POV: You at 8am meetings 🔥🔥,meme_joke,neutral,en,1,60,22,10,0
1592,2023-11-13 07:05:00,Breaking: concert announcement just happened in Delhi. Details emerging. #News,news,neutral,en,1,38,11,2,0
1347,2024-06-09 20:03:00,Transfer rumor: R. Patel to United?,sports,positive,es,0,87,11,11,0
4432,2023-06-24 08:41:00,Photos from music festival are up—tag yourself!,event,positive,en,0,22,6,5,0
2163,2024-09-21 06:24:00,Record broken: J. Smith sets new high for goals.,sports,positive,en,0,118,42,28,0
2397,2024-01-04 15:27:00,Missed my grandma today. 🤷,personal_update,neutral,hi,0,56,14,10,0
4769,2024-11-04 21:39:00,Weekend vibes at the Mumbai! 🙌,personal_update,positive,en,1,48,6,7,0
2272,2025-05-31 04:09:00,"Hi Globex, my order #11150 hasn’t arrived. Please help.",customer_support,negative,en,0,6,1,1,0
4491,2024-03-16 19:45:00,Report: power outage could affect seniors.,news,neutral,en,1,14,2,3,0
3112,2025-04-20 12:25:00,Report: power outage could affect commuters.,news,neutral,hi,0,40,11,4,0
1138,2023-06-06 07:37:00,"Hi Stark, my order #92790 hasn’t arrived. Please help.",customer_support,positive,en,0,24,3,1,0
3896,2024-08-31 00:12:00,Use code FREESHIP for free shipping on coffee maker.,promotion,positive,en,0,53,14,5,0
973,2024-02-08 20:20:00,New bill on healthcare passes in Mumbai.,politics,neutral,en,0,68,10,16,0
796,2023-05-30 02:03:00,Thanks Globex support for resolving my issue fast!,customer_support,negative,en,0,1,0,0,0
3021,2024-10-15 19:40:00,Report: power outage could affect students.,news,negative,en,1,74,27,9,0
1712,2023-01-18 15:20:00,"Hi Stark, my order #66840 hasn’t arrived. Please help.",customer_support,neutral,de,0,19,2,1,0
3388,2023-12-14 17:35:00,Feeling happy today! 🥲 #Event,personal_update,negative,en,0,7,1,0,0
37,2024-01-19 04:43:00,Loving the new Stark coffee maker! Battery lasts all day.,product_feedback,negative,fr,0,20,4,4,0
454,2024-02-21 01:48:00,Livestream starts at 2pm! Don’t miss the tech summit.,event,neutral,es,0,54,20,13,0
914,2025-04-29 17:51:00,Friend: ‘We should work out.’ Us: 🔥,meme_joke,positive,en,0,45,10,9,0
4082,2025-03-15 20:26:00,Me: I’ll sleep early. Also me at 3am: 💪,meme_joke,positive,en,1,148,48,31,0
1200,2025-02-15 21:53:00,Royals with an unbelievable win tonight! #Event,sports,neutral,en,0,70,27,8,0
1275,2023-01-30 12:06:00,New bill on tax policy passes in London.,politics,negative,en,0,53,19,3,0
2376,2024-05-17 10:24:00,"New day, new goals. #Sale 🤷",personal_update,positive,en,1,41,6,3,0
38,2024-08-10 07:51:00,Feeling happy today! 😴 #Breaking,personal_update,positive,es,1,76,15,18,0
975,2023-08-31 04:20:00,Just had biryani with friends. So good! 😅,personal_update,negative,en,0,8,1,2,0
3196,2024-08-08 01:51:00,Feeling excited today! 🤷 #Breaking,personal_update,neutral,en,0,22,5,1,0
984,2025-02-10 08:59:00,Debate tonight on privacy law. What are your thoughts?,politics,negative,en,0,66,25,9,0
3905,2023-02-18 01:21:00,Livestream starts at 10am! Don’t miss the community fair.,event,positive,en,0,17,6,4,0
4070,2024-01-17 03:31:00,New bill on education reform passes in Mumbai.,politics,negative,en,0,17,5,4,0
1419,2024-11-25 13:47:00,Starting a 30-day yoga challenge. Who’s in?,health_wellness,neutral,hi,1,55,9,11,0
3333,2024-12-17 06:54:00,Heads up: power outage expected later this week.,news,neutral,fr,1,68,7,9,0
1561,2024-08-23 11:30:00,Exclusive: headphones bundle for $278!,promotion,neutral,en,0,38,4,10,0
40,2023-08-05 04:48:00,Missed my brother today. 💖,personal_update,positive,en,0,12,1,1,0
1487,2024-09-22 08:52:00,Latest update on power outage: authorities confirm new info.,news,neutral,de,0,32,10,2,0
3884,2025-02-28 21:37:00,Reminder: drink water and stretch today! 💖,health_wellness,positive,fr,1,55,10,9,0
170,2023-11-04 16:35:00,Updating to say smartwatch performance improved after patch.,product_feedback,neutral,hi,0,20,3,1,0
1356,2024-08-31 01:19:00,Buy 1 get 1 on all coffee maker until Saturday.,promotion,positive,es,1,5,0,1,0
2786,2023-03-27 16:46:00,Tried keto for a week—here’s how I feel.,health_wellness,positive,fr,1,43,8,4,0
3633,2024-05-03 07:27:00,Opinion: healthcare will impact students the most.,politics,neutral,de,0,68,13,10,0
4749,2024-04-21 06:48:00,FLASH SALE: smartwatch at 10% off. Limited time! #Event,promotion,positive,es,0,13,1,3,0
4005,2023-11-12 11:48:00,Report: concert announcement could affect commuters.,news,neutral,es,0,100,28,20,0
2683,2025-05-05 19:07:00,Exclusive: laptop bundle for $153!,promotion,neutral,en,1,29,7,5,1
4705,2024-05-30 23:01:00,Buy 1 get 1 on all laptop until Monday.,promotion,neutral,fr,1,49,9,7,0
4026,2024-12-18 15:24:00,Missed my mom today. 😴,personal_update,neutral,hi,0,50,13,13,0
1641,2023-01-07 02:27:00,Countdown to charity run: only 6 days left!,event,positive,en,1,63,10,11,0
1291,2023-01-25 14:10:00,Weekend vibes at the Berlin! 😂,personal_update,positive,en,1,61,17,4,0
1381,2025-05-31 18:50:00,FLASH SALE: laptop at 15% off. Limited time! #Sale,promotion,neutral,de,0,10,2,2,0
1934,2023-02-06 05:00:00,Photos from charity run are up—tag yourself!,event,neutral,en,0,12,1,3,0
580,2025-02-08 17:00:00,Missed my dad today. 🙌,personal_update,positive,en,0,49,17,5,0
4221,2024-09-21 13:04:00,Feeling grateful today! 💖 #Health,personal_update,neutral,en,0,42,5,11,0
3161,2025-02-09 23:24:00,Photos from community fair are up—tag yourself!,event,positive,es,1,80,15,6,0
2031,2024-12-30 14:26:00,Weekend vibes at the New York! 🥲,personal_update,neutral,en,0,55,16,8,0
893,2024-01-17 16:31:00,Transfer rumor: A. Singh to Royals?,sports,negative,en,0,28,4,5,0
3952,2025-05-14 22:54:00,In-depth: What power outage means for New York.,news,neutral,en,0,105,14,17,0
781,2025-01-14 14:37:00,Having trouble logging into my Acme account—any fix?,customer_support,negative,en,0,11,4,1,0
160,2024-12-27 03:57:00,Heads up: concert announcement expected later this week.,news,positive,hi,1,108,18,15,0
3,2024-03-14 18:25:00,Not impressed with Globex's smartwatch build quality.,product_feedback,positive,hi,0,37,9,8,0
2264,2024-11-30 01:12:00,Feeling excited today! 💖 #Sports,personal_update,positive,en,0,13,3,2,0
3217,2023-09-15 15:40:00,Meetup at Toronto for charity run. RSVP below.,event,neutral,en,1,77,9,4,0
2110,2024-06-26 10:17:00,Loving the new Acme headphones! Battery lasts all day.,product_feedback,neutral,hi,0,5,1,0,0
850,2025-07-27 23:14:00,Record broken: A. Singh sets new high for runs.,sports,positive,de,0,120,38,26,0
2738,2025-05-14 19:00:00,The headphones design is sleek but camera needs work.,product_feedback,neutral,es,0,26,6,3,0
2467,2024-02-06 01:28:00,Updating to say coffee maker performance improved after patch.,product_feedback,neutral,en,0,15,2,3,0
3651,2024-12-18 20:28:00,Exclusive: headphones bundle for $52!,promotion,positive,en,1,14,2,2,0
1597,2023-06-28 10:27:00,"New day, new goals. #Sale 💖",personal_update,neutral,en,0,22,5,5,0
1777,2024-05-25 18:02:00,Feeling happy today! 😴 #MondayMotivation,personal_update,positive,en,0,47,18,8,0
1914,2025-07-31 21:59:00,Updating to say laptop performance improved after patch.,product_feedback,positive,en,0,55,17,2,0
1044,2023-01-28 14:59:00,The smartwatch design is sleek but camera needs work.,product_feedback,neutral,es,1,20,2,5,0
4714,2025-07-23 23:13:00,Missed my grandma today. 😀,personal_update,positive,fr,0,80,16,12,0
1545,2023-11-14 08:42:00,Updating to say smartwatch performance improved after patch.,product_feedback,neutral,en,0,22,3,3,0
2737,2024-09-18 20:48:00,Missed my dad today. 😴,personal_update,negative,en,0,31,9,6,0
3707,2025-05-10 12:33:00,Weekend vibes at the Delhi! 🤷,personal_update,positive,fr,0,8,2,1,0
4618,2023-04-03 13:24:00,Not impressed with Initech's laptop build quality.,product_feedback,negative,en,0,7,2,1,0
54,2024-05-29 01:53:00,When you open the fridge and forget why you came: 🤷 #relatable,meme_joke,neutral,en,1,56,18,4,0
1797,2024-12-23 11:19:00,POV: You at 8am meetings 😂😂,meme_joke,neutral,en,0,69,26,18,0
1912,2024-07-04 21:41:00,"Refund request for defective headphones, DM sent.",customer_support,neutral,hi,0,15,4,1,0
2307,2024-06-06 09:26:00,This cat has more confidence than me 😀,meme_joke,positive,es,0,13,4,0,0
2554,2023-01-24 15:44:00,Transfer rumor: J. Smith to Tigers?,sports,negative,en,0,77,9,11,0
2801,2023-03-16 01:48:00,The headphones design is sleek but camera needs work.,product_feedback,neutral,hi,0,13,4,2,0
4087,2023-03-03 18:10:00,Feeling happy today! 🤔 #Sports,personal_update,positive,en,0,46,14,7,0
4128,2024-07-06 07:46:00,City with an unbelievable win tonight! #News,sports,positive,hi,0,104,27,12,0
825,2025-01-04 09:42:00,This cat has more confidence than me 💪,meme_joke,positive,es,0,45,7,9,0
4734,2024-08-25 20:53:00,Opinion: healthcare will impact small businesses the most.,politics,positive,fr,0,28,8,7,0
3179,2024-07-30 05:41:00,Meetup at New York for book club. RSVP below.,event,neutral,en,0,98,27,22,0
3402,2025-03-26 09:38:00,Not impressed with Acme's laptop build quality.,product_feedback,neutral,en,0,19,6,1,0
1390,2024-06-27 16:42:00,The sneakers design is sleek but camera needs work.,product_feedback,neutral,en,0,28,6,1,0
3565,2023-05-13 05:11:00,Transfer rumor: M. Khan to City?,sports,positive,fr,0,23,5,4,0
4877,2023-03-04 07:01:00,Feeling grateful today! 💖 #Health,personal_update,positive,fr,0,43,7,2,0
885,2025-05-15 09:10:00,Matchday! Lions vs Tigers at 8pm. Predictions?,sports,positive,fr,0,50,10,13,0
3806,2025-03-25 11:54:00,The coffee maker design is sleek but camera needs work.,product_feedback,positive,es,0,60,23,17,0
1608,2023-05-19 19:46:00,"Refund request for defective laptop, DM sent.",customer_support,positive,fr,0,24,7,6,0
1595,2025-05-05 00:02:00,Photos from book club are up—tag yourself!,event,positive,en,1,110,18,31,0
772,2023-07-17 11:38:00,"New day, new goals. #Sale 🤔",personal_update,positive,en,0,65,12,5,0
2612,2023-05-30 16:11:00,Feature request: please add noise cancellation to smartwatch.,product_feedback,negative,en,0,27,8,6,0
4662,2024-06-26 02:16:00,"New day, new goals. #MondayMotivation 🤔",personal_update,neutral,en,0,31,8,7,0
2274,2025-03-06 06:09:00,Breaking: concert announcement just happened in London. Details emerging. #Sports,news,negative,hi,1,73,8,17,0
1869,2023-11-07 19:20:00,Updating to say laptop performance improved after patch.,product_feedback,positive,en,1,47,13,4,0
1086,2025-02-14 15:57:00,Royals with an unbelievable win tonight! #Sale,sports,positive,en,0,46,17,7,0
11,2025-04-10 05:56:00,"Refund request for defective coffee maker, DM sent.",customer_support,negative,es,0,7,2,2,0
3612,2023-06-11 00:31:00,Buy 1 get 1 on all sneakers until Saturday.,promotion,positive,en,0,58,16,4,0
1326,2023-10-28 12:44:00,Not impressed with Initech's sneakers build quality.,product_feedback,negative,en,0,37,7,2,0
3391,2023-06-21 03:56:00,When you open the fridge and forget why you came: 😂 #relatable,meme_joke,positive,hi,0,40,15,11,0
1464,2024-06-18 16:29:00,Use code FREESHIP for free shipping on sneakers.,promotion,positive,de,1,4,0,0,1
807,2024-12-21 20:11:00,Rally at Delhi calling for education reform reform.,politics,positive,de,0,81,12,9,0
4261,2023-02-11 15:37:00,Livestream starts at 8pm! Don’t miss the book club.,event,positive,en,1,55,10,13,0
3986,2024-03-22 19:50:00,Livestream starts at 8pm! Don’t miss the community fair.,event,positive,en,0,108,35,24,0
3772,2024-03-11 06:51:00,Just had sushi with friends. So good! 🤔,personal_update,negative,fr,0,21,4,3,0
2109,2025-01-17 12:17:00,The laptop design is sleek but camera needs work.,product_feedback,negative,es,0,3,0,0,0
4236,2025-04-06 14:22:00,Feature request: please add noise cancellation to sneakers.,product_feedback,negative,en,0,31,6,2,0
4957,2025-01-01 03:49:00,Tough loss for City. Refs were wild.,sports,neutral,es,0,61,11,3,0
2235,2024-08-17 18:49:00,Livestream starts at 10am! Don’t miss the book club.,event,positive,en,0,36,5,6,0
3212,2023-03-18 13:28:00,Lions with an unbelievable win tonight! #Health,sports,positive,de,0,84,31,4,0
964,2025-03-29 03:08:00,Weekend vibes at the New York! 💪,personal_update,positive,en,0,50,11,13,0
3416,2025-02-17 20:38:00,Report: market rally could affect students.,news,neutral,en,0,16,4,2,0
3754,2024-06-23 03:14:00,Exclusive: smartwatch bundle for $209!,promotion,positive,en,0,62,7,4,0
399,2024-05-02 14:26:00,When you open the fridge and forget why you came: 😅 #relatable,meme_joke,neutral,de,0,33,7,2,0
2633,2023-05-04 19:39:00,City with an unbelievable win tonight! #Sale,sports,negative,en,0,10,1,2,0
4852,2023-03-18 09:31:00,POV: You at 8am meetings 😅😅,meme_joke,neutral,en,1,97,25,15,0
2997,2023-05-29 19:01:00,Countdown to music festival: only 2 days left!,event,positive,hi,1,15,3,4,0
705,2023-10-28 07:24:00,Feeling tired today! 💖 #Sale,personal_update,positive,hi,0,62,6,17,0
432,2023-09-15 09:48:00,Tried Mediterranean for a week—here’s how I feel.,health_wellness,neutral,en,0,5,1,1,0
293,2023-01-04 05:36:00,Rally at Sydney calling for healthcare reform.,politics,negative,en,1,53,14,5,0
4868,2024-12-06 08:07:00,Photos from music festival are up—tag yourself!,event,positive,de,1,10,3,1,0
146,2025-06-17 18:27:00,When you open the fridge and forget why you came: 🙌 #relatable,meme_joke,positive,de,1,162,38,38,0
4394,2023-06-03 02:12:00,Not impressed with Acme's laptop build quality.,product_feedback,negative,de,1,19,5,5,0
2034,2023-07-25 10:18:00,Thanks Acme support for resolving my issue fast!,customer_support,negative,de,0,3,0,0,0
4284,2025-03-24 06:14:00,The Acme app keeps crashing after update.,customer_support,negative,en,0,11,2,1,0
1166,2025-07-29 05:22:00,Weekend vibes at the Mumbai! 🎉,personal_update,positive,en,0,60,16,15,0
3501,2023-12-26 02:15:00,Not impressed with Initech's coffee maker build quality.,product_feedback,positive,en,0,18,1,4,0
2051,2023-07-28 06:51:00,Feature request: please add dark mode to headphones.,product_feedback,negative,en,0,12,3,1,0
2625,2024-01-26 10:26:00,Weekend vibes at the Mumbai! 🔥,personal_update,neutral,fr,0,32,11,3,0
4379,2023-08-28 03:30:00,When you open the fridge and forget why you came: 😂 #relatable,meme_joke,positive,en,0,102,17,22,0
340,2023-05-10 14:11:00,"Hi Umbrella, my order #54974 hasn’t arrived. Please help.",customer_support,negative,en,0,7,2,0,0
3880,2023-08-26 13:49:00,Meetup at Berlin for music festival. RSVP below.,event,positive,en,1,13,4,3,0
4633,2023-10-20 21:14:00,The Acme app keeps crashing after update.,customer_support,negative,en,0,5,1,0,0
2974,2025-07-03 22:16:00,Missed my brother today. 💖,personal_update,neutral,fr,1,26,9,2,0
266,2024-01-26 16:20:00,Weekend vibes at the Delhi! 😅,personal_update,neutral,en,0,49,15,9,0
2425,2023-08-10 10:32:00,Countdown to tech summit: only 14 days left!,event,positive,de,0,76,16,17,0
1263,2023-08-01 17:43:00,New drop: sneakers! Grab yours today.,promotion,neutral,de,0,24,4,1,1
1772,2025-07-18 22:58:00,Tough loss for Warriors. Refs were wild.,sports,positive,en,1,94,13,13,0
3512,2023-11-05 09:46:00,Friend: ‘We should work out.’ Us: 😀,meme_joke,positive,de,1,162,29,46,0
272,2024-06-18 00:24:00,Latest update on weather alert: authorities confirm new info.,news,neutral,de,1,111,43,8,0
697,2025-01-22 05:26:00,Friend: ‘We should work out.’ Us: 😀,meme_joke,positive,es,0,40,10,3,0
748,2024-07-11 09:41:00,The Acme app keeps crashing after update.,customer_support,negative,en,0,11,3,2,0
245,2024-11-27 22:22:00,Loving the new Stark smartwatch! Battery lasts all day.,product_feedback,neutral,en,0,16,5,3,0
318,2023-08-11 03:35:00,Not impressed with Acme's headphones build quality.,product_feedback,neutral,en,1,26,4,2,0
477,2025-05-25 07:59:00,Record broken: K. Garcia sets new high for points.,sports,positive,es,1,90,23,22,0
2033,2024-08-05 12:44:00,FLASH SALE: smartwatch at 40% off. Limited time! #Event,promotion,neutral,en,1,37,11,2,0
958,2024-06-11 01:13:00,This cat has more confidence than me 💖,meme_joke,positive,hi,1,80,14,16,0
3817,2023-09-14 05:57:00,Me: I’ll sleep early. Also me at 3am: 😂,meme_joke,positive,en,1,92,11,18,0
814,2023-07-17 17:45:00,POV: You at 8am meetings 🤔🤔,meme_joke,positive,hi,0,144,30,15,0
4533,2023-04-11 19:24:00,Having trouble logging into my Acme account—any fix?,customer_support,neutral,de,0,3,0,0,0
1915,2023-07-05 07:47:00,Missed my sister today. 💪,personal_update,positive,en,0,53,9,10,0
4603,2024-12-24 05:36:00,New bill on healthcare passes in Delhi.,politics,positive,en,0,18,6,1,0
3488,2025-04-06 04:33:00,Not impressed with Globex's smartwatch build quality.,product_feedback,negative,de,0,38,5,8,0
1298,2023-05-06 13:08:00,Fact check: claims about tax policy and taxes.,politics,neutral,de,1,76,9,14,0
4031,2025-03-31 06:31:00,Not impressed with Acme's smartwatch build quality.,product_feedback,negative,hi,0,22,6,2,0
1805,2025-07-08 01:33:00,Join us at the book club this Saturday! Tickets available now. #MondayMotivation,event,positive,en,1,68,14,4,0
759,2025-04-13 10:36:00,Heads up: concert announcement expected later this week.,news,neutral,en,1,59,23,8,0
251,2023-09-02 15:47:00,Heads up: weather alert expected later this week.,news,neutral,hi,1,98,16,20,0
2462,2023-04-21 00:13:00,Weekend vibes at the Delhi! 💪,personal_update,positive,en,0,70,12,12,0
546,2024-05-21 17:41:00,Loving the new Umbrella coffee maker! Battery lasts all day.,product_feedback,negative,en,0,27,3,4,0
3242,2023-05-25 13:26:00,Breaking: concert announcement just happened in New York. Details emerging. #Tech,news,positive,en,1,74,18,11,0
739,2023-06-19 14:26:00,Opinion: healthcare will impact commuters the most.,politics,negative,fr,0,50,15,11,0
311,2024-03-30 16:37:00,Photos from charity run are up—tag yourself!,event,neutral,en,1,87,32,6,0
3781,2024-10-02 21:46:00,Just had paneer tikka with friends. So good! 😂,personal_update,negative,es,0,3,0,0,0
2942,2025-01-16 17:58:00,Use code DEAL50 for free shipping on headphones.,promotion,positive,en,1,60,18,14,0
1132,2023-11-30 02:46:00,Friend: ‘We should work out.’ Us: 😂,meme_joke,positive,en,0,50,7,13,0
1450,2024-01-02 12:15:00,Transfer rumor: A. Singh to Warriors?,sports,neutral,de,0,91,15,12,0
4920,2023-04-04 21:13:00,Just had tacos with friends. So good! 🤔,personal_update,negative,hi,1,50,14,5,0
16,2024-02-03 18:44:00,In-depth: What concert announcement means for Sydney.,news,neutral,en,1,63,7,16,0
3233,2023-10-28 13:53:00,In-depth: What data breach means for Sydney.,news,negative,en,1,93,23,6,0
2770,2023-02-15 05:06:00,Starting a 30-day strength challenge. Who’s in?,health_wellness,neutral,hi,0,27,9,5,0
3469,2024-02-22 11:59:00,Weekend vibes at the Toronto! 😂,personal_update,positive,fr,0,58,17,16,0
921,2024-11-10 18:46:00,United with an unbelievable win tonight! #Breaking,sports,positive,es,0,35,10,6,0
3030,2023-06-18 05:52:00,Mental health matters. Take a break. 🤔,health_wellness,positive,en,0,21,5,5,0
1373,2024-09-11 03:37:00,Latest update on policy change: authorities confirm new info.,news,negative,hi,0,54,13,5,0
3588,2025-07-27 03:16:00,Heads up: concert announcement expected later this week.,news,neutral,de,1,51,16,6,0
2545,2023-09-08 09:16:00,Not impressed with Umbrella's smartwatch build quality.,product_feedback,neutral,en,0,25,7,7,0
3599,2023-11-04 16:32:00,In-depth: What weather alert means for New York.,news,neutral,hi,1,105,37,16,0
39,2025-03-06 18:38:00,Mental health matters. Take a break. 💖,health_wellness,positive,en,0,25,5,5,0
364,2024-07-27 14:31:00,FLASH SALE: smartwatch at 25% off. Limited time! #MondayMotivation,promotion,neutral,en,0,20,6,5,0
4102,2025-06-15 19:29:00,FLASH SALE: smartwatch at 30% off. Limited time! #Tech,promotion,positive,fr,1,4,1,0,1
183,2025-07-28 17:40:00,Use code BUNDLE for free shipping on sneakers.,promotion,neutral,hi,1,36,10,2,0
3034,2024-07-07 15:43:00,Report: power outage could affect seniors.,news,positive,es,1,19,6,2,0
2984,2023-07-10 19:46:00,Friend: ‘We should work out.’ Us: 🙌,meme_joke,positive,en,0,18,5,2,0
1195,2024-01-20 13:11:00,Starting a 30-day yoga challenge. Who’s in?,health_wellness,neutral,en,1,17,3,1,0
2853,2023-02-13 03:00:00,Latest update on power outage: authorities confirm new info.,news,neutral,es,1,30,11,6,0
4543,2023-05-06 07:48:00,The Initech app keeps crashing after update.,customer_support,negative,en,0,7,1,1,0
1122,2025-07-14 01:44:00,Buy 1 get 1 on all coffee maker until Thursday.,promotion,positive,en,0,21,4,4,0
2236,2023-07-14 02:20:00,Heads up: power outage expected later this week.,news,neutral,en,1,66,13,13,0
2668,2025-08-03 00:03:00,"New day, new goals. #Sale 💪",personal_update,positive,en,0,71,17,16,0
3700,2024-01-28 13:00:00,Report: market rally could affect students.,news,neutral,es,1,112,11,24,0
3224,2025-01-03 07:13:00,Transfer rumor: M. Khan to Lions?,sports,positive,hi,0,8,2,1,0
1183,2024-05-24 02:33:00,Feeling meh today! 💖 #MondayMotivation,personal_update,positive,en,0,72,14,13,0
4185,2025-01-21 21:07:00,Join us at the tech summit this Saturday! Tickets available now. #LOL,event,positive,en,1,88,17,23,0
4294,2023-05-13 16:06:00,Feeling meh today! 🔥 #Tech,personal_update,positive,en,0,11,4,1,0
615,2024-05-23 08:39:00,Debate tonight on climate action. What are your thoughts?,politics,negative,en,0,42,6,9,0
4909,2025-01-12 14:58:00,FLASH SALE: smartwatch at 70% off. Limited time! #Event,promotion,neutral,en,0,50,10,6,0
1467,2025-03-21 18:08:00,Fact check: claims about education reform and taxes.,politics,negative,en,1,59,22,4,0
402,2024-03-22 17:05:00,"New day, new goals. #Fitness 🔥",personal_update,neutral,de,0,13,4,1,0
3043,2024-06-30 23:50:00,Countdown to music festival: only 2 days left!,event,positive,en,0,8,2,0,0
935,2023-01-10 07:13:00,Just had ramen with friends. So good! 💖,personal_update,positive,en,0,76,18,16,0
2420,2023-09-16 12:27:00,Photos from community fair are up—tag yourself!,event,positive,fr,0,93,33,10,0
4861,2024-03-20 05:42:00,Tough loss for Lions. Refs were wild.,sports,positive,en,1,64,6,3,0
4911,2024-04-25 16:42:00,Transfer rumor: R. Patel to Lions?,sports,neutral,en,0,12,1,2,0
2642,2025-04-17 16:16:00,In-depth: What policy change means for Mumbai.,news,neutral,de,0,114,40,28,0
4018,2024-05-18 18:10:00,FLASH SALE: sneakers at 60% off. Limited time! #Sale,promotion,neutral,fr,0,32,4,6,0
727,2023-11-28 13:36:00,When you open the fridge and forget why you came: 😴 #relatable,meme_joke,positive,en,0,109,12,30,0
827,2023-09-28 01:24:00,Updating to say coffee maker performance improved after patch.,product_feedback,positive,en,1,16,2,0,0
1522,2024-02-11 21:17:00,Just had sushi with friends. So good! 😴,personal_update,negative,hi,0,55,8,13,0
4857,2024-02-04 09:36:00,POV: You at 8am meetings 🤔🤔,meme_joke,neutral,hi,1,128,27,35,0
2931,2024-04-27 03:03:00,Friend: ‘We should work out.’ Us: 🤔,meme_joke,positive,en,0,131,34,15,0
137,2023-03-07 08:14:00,New drop: smartwatch! Grab yours today.,promotion,neutral,hi,0,33,12,5,0
3591,2024-01-17 23:47:00,Just had ramen with friends. So good! 💪,personal_update,negative,en,0,50,16,14,0
629,2023-05-10 03:20:00,Buy 1 get 1 on all headphones until Saturday.,promotion,positive,hi,1,7,1,1,0
335,2023-04-19 15:59:00,Feature request: please add noise cancellation to sneakers.,product_feedback,positive,fr,0,48,7,3,0
391,2025-01-08 18:30:00,"Refund request for defective laptop, DM sent.",customer_support,positive,en,0,11,2,1,0
4388,2025-01-19 14:57:00,This cat has more confidence than me 💖,meme_joke,neutral,en,0,24,4,6,0
4905,2024-05-11 18:05:00,Me: I’ll sleep early. Also me at 3am: 😀,meme_joke,positive,en,0,26,8,3,0
3833,2025-06-05 16:43:00,Weekend vibes at the Toronto! 😀,personal_update,positive,en,0,56,8,12,0
1818,2024-08-27 06:48:00,Updating to say coffee maker performance improved after patch.,product_feedback,negative,en,0,31,4,2,0
401,2024-04-09 19:16:00,The Acme app keeps crashing after update.,customer_support,neutral,de,0,19,4,5,0
711,2023-06-17 10:14:00,Exclusive: smartwatch bundle for $228!,promotion,neutral,en,0,22,5,1,0
1040,2025-04-24 10:09:00,Record broken: M. Khan sets new high for goals.,sports,neutral,es,1,53,12,13,0
3990,2023-05-07 22:40:00,Not impressed with Umbrella's laptop build quality.,product_feedback,neutral,en,0,20,3,4,0
3360,2024-08-26 03:28:00,"New day, new goals. #News 😴",personal_update,positive,en,1,7,1,1,0
47,2023-01-28 13:03:00,This cat has more confidence than me 🤷,meme_joke,neutral,es,1,66,22,17,0
1562,2024-04-29 18:10:00,Tried keto for a week—here’s how I feel.,health_wellness,negative,hi,0,10,3,2,0
4800,2024-04-29 20:51:00,This cat has more confidence than me 😴,meme_joke,positive,fr,1,126,31,8,0
3643,2023-12-25 03:54:00,Photos from community fair are up—tag yourself!,event,positive,en,1,66,25,7,0
3727,2025-03-27 05:02:00,This cat has more confidence than me 🙌,meme_joke,neutral,hi,1,108,25,28,0
4983,2023-05-03 17:39:00,Public health update: policy change cases rising in New York.,health_wellness,neutral,en,0,29,5,4,0
1113,2023-08-14 21:46:00,Not impressed with Initech's smartwatch build quality.,product_feedback,positive,en,0,5,1,1,0
2514,2023-04-06 01:27:00,Report: policy change could affect small businesses.,news,neutral,en,0,107,32,27,0
3609,2024-02-14 09:45:00,The coffee maker design is sleek but camera needs work.,product_feedback,negative,en,0,5,1,1,0
1224,2023-06-28 15:21:00,In-depth: What policy change means for Toronto.,news,positive,en,1,116,30,8,0
4061,2024-12-16 13:52:00,Tough loss for United. Refs were wild.,sports,positive,es,1,102,17,16,0
3024,2023-10-15 01:07:00,Buy 1 get 1 on all laptop until Monday.,promotion,positive,en,1,63,18,7,1
2422,2023-01-09 08:12:00,POV: You at 8am meetings 😂😂,meme_joke,neutral,en,0,36,8,3,0
1509,2024-02-17 06:13:00,"New day, new goals. #Tech 🤔",personal_update,neutral,es,1,33,4,5,0
1751,2025-08-08 18:48:00,City with an unbelievable win tonight! #News,sports,neutral,es,0,66,24,15,0
4838,2025-03-19 19:52:00,Loving the new Globex laptop! Battery lasts all day.,product_feedback,positive,en,0,11,1,1,0
4097,2025-04-20 21:09:00,Join us at the charity run this Sunday! Tickets available now. #Sale,event,neutral,en,0,22,2,3,0
1800,2024-10-01 22:37:00,Use code FREESHIP for free shipping on coffee maker.,promotion,neutral,en,1,28,9,3,0
339,2025-03-03 06:34:00,Transfer rumor: L. Chen to Tigers?,sports,neutral,es,0,35,3,2,0
216,2023-03-07 13:57:00,Latest update on power outage: authorities confirm new info.,news,neutral,hi,0,20,3,2,0
3664,2024-07-10 17:48:00,Feeling grateful today! 😴 #Tech,personal_update,neutral,es,0,20,4,3,0
1342,2023-04-30 20:09:00,Just had sushi with friends. So good! 🥲,personal_update,neutral,en,0,27,9,3,0
12,2023-12-06 00:07:00,"New day, new goals. #Event 💖",personal_update,neutral,en,0,30,9,7,0
1521,2025-02-01 01:19:00,Heads up: weather alert expected later this week.,news,neutral,fr,1,19,6,3,0
3641,2024-01-25 05:50:00,The smartwatch design is sleek but camera needs work.,product_feedback,negative,de,0,29,9,2,0
3938,2023-12-28 15:34:00,Friend: ‘We should work out.’ Us: 🔥,meme_joke,positive,en,0,61,24,17,0
4428,2023-03-06 21:01:00,Missed my brother today. 💪,personal_update,positive,en,1,12,3,0,0
3005,2025-03-11 19:30:00,Just had tacos with friends. So good! 😂,personal_update,positive,en,0,15,4,1,0
2865,2023-03-21 01:59:00,Exclusive: laptop bundle for $240!,promotion,neutral,de,1,12,2,2,0
3116,2023-09-29 03:13:00,Loving the new Umbrella coffee maker! Battery lasts all day.,product_feedback,neutral,en,0,13,3,2,0
4841,2024-11-13 05:35:00,Latest update on weather alert: authorities confirm new info.,news,neutral,en,1,58,18,11,0
2323,2024-07-08 03:30:00,The Stark app keeps crashing after update.,customer_support,negative,en,0,8,0,1,0
2572,2024-09-29 03:58:00,Use code FREESHIP for free shipping on sneakers.,promotion,neutral,en,1,28,3,2,0
2914,2024-08-17 03:21:00,The sneakers design is sleek but camera needs work.,product_feedback,negative,fr,0,2,0,0,0
102,2025-07-03 15:45:00,POV: You at 8am meetings 🤔🤔,meme_joke,neutral,en,0,33,6,9,0
3550,2024-02-28 09:04:00,Me: I’ll sleep early. Also me at 3am: 💪,meme_joke,neutral,fr,0,15,3,2,0
1459,2024-01-11 20:24:00,Photos from tech summit are up—tag yourself!,event,neutral,hi,0,20,3,2,0
172,2024-03-30 16:01:00,Transfer rumor: L. Chen to Warriors?,sports,positive,fr,1,10,3,2,0
108,2023-10-19 00:24:00,Just had tacos with friends. So good! 😅,personal_update,positive,en,0,38,12,8,0
4197,2024-05-23 04:28:00,Record broken: A. Singh sets new high for goals.,sports,negative,en,0,6,1,1,0
3570,2023-07-20 18:12:00,Me: I’ll sleep early. Also me at 3am: 🙌,meme_joke,neutral,en,0,135,33,13,0
4992,2024-12-25 15:24:00,Missed my mom today. 💪,personal_update,neutral,fr,1,42,7,8,0
4296,2023-09-04 18:30:00,Loving the new Stark smartwatch! Battery lasts all day.,product_feedback,positive,de,0,38,8,8,0
4064,2023-10-28 18:39:00,Just had ramen with friends. So good! 🔥,personal_update,positive,en,0,80,19,20,0
3862,2024-11-23 16:17:00,Matchday! United vs Warriors at 10am. Predictions?,sports,neutral,de,0,47,10,9,0
4123,2024-10-15 12:25:00,Countdown to book club: only 12 days left!,event,positive,es,1,24,5,5,0
4630,2025-01-17 21:53:00,This cat has more confidence than me 💪,meme_joke,positive,en,0,79,18,13,0
61,2025-01-01 02:22:00,Exclusive: coffee maker bundle for $171!,promotion,neutral,fr,1,12,2,1,0
1241,2024-08-25 06:28:00,Debate tonight on education reform. What are your thoughts?,politics,neutral,de,1,37,6,5,0
4638,2024-04-03 02:38:00,Public health update: weather alert cases rising in Sydney.,health_wellness,positive,en,1,19,2,2,0
1041,2024-11-30 14:13:00,Loving the new Initech headphones! Battery lasts all day.,product_feedback,positive,en,0,52,18,13,0
4188,2025-06-16 06:44:00,Missed my sister today. 😀,personal_update,neutral,en,0,56,9,9,0
2761,2024-12-25 08:17:00,Missed my dad today. 🔥,personal_update,neutral,en,0,8,0,1,0
2121,2024-07-23 19:01:00,Weekend vibes at the Delhi! 🎉,personal_update,positive,es,0,24,2,6,0
1525,2024-09-22 06:44:00,POV: You at 8am meetings 🤷🤷,meme_joke,positive,es,0,46,11,6,0
3522,2024-09-02 16:16:00,The headphones design is sleek but camera needs work.,product_feedback,positive,en,0,33,12,2,0
154,2025-02-03 03:49:00,Royals with an unbelievable win tonight! #Tech,sports,neutral,hi,0,28,7,5,0
2249,2023-04-20 17:19:00,Breaking: power outage just happened in Sydney. Details emerging. #Tech,news,neutral,en,1,46,14,7,0
482,2024-07-08 02:51:00,Tried keto for a week—here’s how I feel.,health_wellness,positive,de,1,44,15,8,0
4234,2025-04-03 05:51:00,Tried Mediterranean for a week—here’s how I feel.,health_wellness,neutral,en,1,49,8,8,0
4306,2024-07-07 10:03:00,Having trouble logging into my Stark account—any fix?,customer_support,negative,hi,1,13,4,0,0
3579,2024-07-01 04:00:00,Not impressed with Acme's smartwatch build quality.,product_feedback,positive,en,0,49,16,9,0
4126,2025-03-09 04:37:00,"Hi Globex, my order #39274 hasn’t arrived. Please help.",customer_support,negative,en,1,3,0,0,0
3563,2023-01-30 16:17:00,Transfer rumor: K. Garcia to City?,sports,positive,en,0,17,5,2,0
3316,2023-10-11 02:05:00,Missed my grandma today. 🙌,personal_update,neutral,en,0,59,20,11,0
1763,2025-03-08 17:53:00,Weekend vibes at the New York! 😴,personal_update,neutral,hi,0,52,16,14,0
3539,2024-07-14 00:55:00,Transfer rumor: K. Garcia to United?,sports,positive,en,0,46,11,5,0
4804,2024-02-13 05:14:00,This cat has more confidence than me 🥲,meme_joke,negative,en,0,121,17,31,0
751,2023-10-08 09:01:00,POV: You at 8am meetings 💖💖,meme_joke,positive,en,0,87,15,13,0
3620,2023-05-09 04:53:00,Tough loss for Royals. Refs were wild.,sports,neutral,en,0,61,16,8,0
1786,2023-09-22 20:18:00,When you open the fridge and forget why you came: 🤔 #relatable,meme_joke,positive,hi,0,48,7,14,0
4271,2023-09-17 20:27:00,Thanks Globex support for resolving my issue fast!,customer_support,negative,de,0,18,2,2,0
3384,2023-02-02 17:40:00,Tough loss for Royals. Refs were wild.,sports,neutral,en,0,98,27,10,0
4349,2025-06-07 19:29:00,Livestream starts at 6pm! Don’t miss the community fair.,event,positive,en,0,11,1,0,0
406,2023-03-27 00:06:00,Meetup at Toronto for music festival. RSVP below.,event,positive,fr,0,93,32,27,0
758,2024-09-16 14:27:00,Heads up: market rally expected later this week.,news,positive,en,0,112,21,28,0
2712,2024-04-20 19:03:00,Debate tonight on education reform. What are your thoughts?,politics,neutral,en,0,69,22,10,0
2671,2024-09-11 13:55:00,When you open the fridge and forget why you came: 🤔 #relatable,meme_joke,positive,en,0,62,12,8,0
3984,2024-11-14 05:13:00,Buy 1 get 1 on all headphones until Wednesday.,promotion,positive,en,1,58,7,17,0
98,2023-06-13 03:15:00,Latest update on weather alert: authorities confirm new info.,news,neutral,en,1,108,29,11,0
1334,2024-03-19 21:01:00,Report: policy change could affect small businesses.,news,positive,en,1,117,28,13,0
4452,2025-02-07 18:39:00,Record broken: R. Patel sets new high for goals.,sports,neutral,fr,0,20,5,5,0
2792,2025-04-13 07:52:00,Matchday! Tigers vs Royals at 10am. Predictions?,sports,positive,en,0,97,24,10,0
2855,2025-01-02 06:45:00,Breaking: weather alert just happened in Mumbai. Details emerging. #News,news,neutral,es,1,107,38,18,0
187,2023-02-10 12:42:00,"Refund request for defective sneakers, DM sent.",customer_support,negative,en,0,9,2,0,0
4004,2024-03-20 18:47:00,Debate tonight on privacy law. What are your thoughts?,politics,positive,en,0,96,13,16,0
2724,2025-06-02 18:27:00,Royals with an unbelievable win tonight! #Sports,sports,positive,en,0,13,1,3,0
3584,2023-05-25 15:05:00,Feeling grateful today! 🤔 #LOL,personal_update,positive,en,0,6,1,0,0
2059,2023-11-23 09:51:00,Photos from tech summit are up—tag yourself!,event,neutral,en,0,75,18,10,0
1320,2023-04-10 17:58:00,City with an unbelievable win tonight! #Event,sports,negative,en,0,87,31,15,0
149,2023-05-05 22:15:00,Report: market rally could affect commuters.,news,neutral,es,1,42,14,10,0
29,2024-12-01 09:14:00,Starting a 30-day strength challenge. Who’s in?,health_wellness,neutral,en,0,9,2,0,0
4141,2025-04-13 19:18:00,POV: You at 8am meetings 🤔🤔,meme_joke,positive,es,1,167,47,47,0
4010,2025-06-24 14:16:00,"New day, new goals. #MondayMotivation 🙌",personal_update,positive,de,0,15,1,2,0
3364,2025-07-02 09:49:00,Fact check: claims about education reform and taxes.,politics,neutral,en,0,29,9,5,0
693,2025-02-26 15:10:00,The coffee maker design is sleek but camera needs work.,product_feedback,positive,en,0,21,3,2,0
2867,2023-05-04 16:15:00,Report: weather alert could affect commuters.,news,neutral,de,1,108,36,15,0
3777,2023-09-26 08:08:00,Just had biryani with friends. So good! 💖,personal_update,positive,hi,1,52,6,10,0
1387,2024-03-18 02:29:00,Thanks Acme support for resolving my issue fast!,customer_support,negative,en,0,5,1,1,0
1846,2023-05-21 00:40:00,Mental health matters. Take a break. 🎉,health_wellness,positive,de,0,89,10,7,0
4731,2024-12-22 07:35:00,Feature request: please add dark mode to headphones.,product_feedback,negative,en,0,18,6,4,0
130,2023-01-20 16:40:00,Meetup at Delhi for music festival. RSVP below.,event,neutral,en,1,88,10,6,0
1600,2025-06-09 06:01:00,This cat has more confidence than me 🥲,meme_joke,positive,en,0,92,35,11,0
3630,2023-03-30 13:21:00,In-depth: What concert announcement means for New York.,news,neutral,fr,1,88,20,7,0
4504,2023-01-19 12:48:00,Rally at Sydney calling for privacy law reform.,politics,negative,de,0,26,4,7,0
702,2025-07-08 02:29:00,Photos from tech summit are up—tag yourself!,event,positive,en,1,88,23,15,0
3983,2025-03-10 03:50:00,Join us at the charity run this Friday! Tickets available now. #Health,event,neutral,en,0,97,14,18,0
3029,2023-11-13 07:51:00,The Globex app keeps crashing after update.,customer_support,negative,hi,0,9,1,1,0
2970,2023-06-05 16:33:00,Meetup at Berlin for music festival. RSVP below.,event,positive,fr,1,99,16,25,0
4357,2025-08-06 06:03:00,"Hi Umbrella, my order #75132 hasn’t arrived. Please help.",customer_support,negative,en,1,16,3,4,0
1709,2023-03-30 10:44:00,Public health update: policy change cases rising in New York.,health_wellness,negative,hi,0,52,20,14,0
2954,2023-02-06 19:41:00,Heads up: power outage expected later this week.,news,negative,fr,0,26,8,5,0
455,2025-07-28 10:19:00,Matchday! City vs Lions at 8pm. Predictions?,sports,positive,de,1,56,10,11,0
2869,2024-06-29 18:38:00,Loving the new Globex laptop! Battery lasts all day.,product_feedback,positive,de,0,38,10,4,0
2041,2024-05-09 13:59:00,Me: I’ll sleep early. Also me at 3am: 🙌,meme_joke,positive,es,1,77,16,21,0
1773,2025-01-18 17:08:00,Debate tonight on education reform. What are your thoughts?,politics,neutral,en,0,72,7,15,0
2316,2025-04-30 14:30:00,Report: policy change could affect students.,news,neutral,en,1,75,28,20,0
610,2025-07-14 05:58:00,Starting a 30-day running challenge. Who’s in?,health_wellness,positive,en,1,52,8,3,0
168,2024-04-11 23:37:00,The laptop design is sleek but camera needs work.,product_feedback,neutral,hi,0,40,10,7,0
731,2023-03-16 05:43:00,"New day, new goals. #Event 🎉",personal_update,negative,fr,0,17,2,0,0
4249,2025-04-10 21:40:00,Countdown to music festival: only 4 days left!,event,positive,es,1,66,16,5,0
3359,2025-05-01 01:33:00,Feeling grateful today! 🥲 #Sports,personal_update,positive,de,0,45,9,8,0
2075,2024-04-06 15:09:00,Buy 1 get 1 on all smartwatch until Monday.,promotion,neutral,hi,1,6,1,1,1
4040,2023-07-23 05:26:00,Opinion: tax policy will impact small businesses the most.,politics,neutral,en,0,13,2,2,0
3701,2023-11-23 01:26:00,Tigers with an unbelievable win tonight! #LOL,sports,positive,en,0,58,13,8,0
1623,2024-09-15 01:22:00,Opinion: privacy law will impact commuters the most.,politics,negative,fr,0,63,7,18,0
588,2024-12-07 18:43:00,Having trouble logging into my Acme account—any fix?,customer_support,neutral,en,0,15,5,2,0
1402,2023-03-22 09:07:00,Just had ramen with friends. So good! 🎉,personal_update,neutral,de,0,38,8,7,0
3046,2024-07-13 13:07:00,Weekend vibes at the Mumbai! 🎉,personal_update,neutral,en,0,15,2,3,0
3225,2024-12-29 03:20:00,Exclusive: coffee maker bundle for $85!,promotion,positive,es,1,68,21,10,1
1701,2024-11-21 23:46:00,"New day, new goals. #Sale 😂",personal_update,negative,en,0,32,7,6,0
3089,2023-09-07 12:59:00,The Acme app keeps crashing after update.,customer_support,positive,es,0,13,3,1,0
4391,2023-03-17 02:22:00,Missed my brother today. 😂,personal_update,neutral,de,0,29,8,4,0
2982,2023-04-20 13:01:00,Buy 1 get 1 on all sneakers until Monday.,promotion,positive,fr,1,14,2,0,1
41,2024-04-16 22:58:00,Join us at the tech summit this Friday! Tickets available now. #Tech,event,positive,hi,0,49,7,14,0
1380,2024-10-26 09:15:00,Friend: ‘We should work out.’ Us: 💪,meme_joke,positive,en,0,100,11,22,0
2090,2024-04-28 15:01:00,Meetup at London for charity run. RSVP below.,event,positive,en,1,22,4,1,0
2176,2024-09-02 09:52:00,New drop: laptop! Grab yours today.,promotion,neutral,es,1,19,3,2,0
3218,2024-05-16 11:40:00,Tough loss for Warriors. Refs were wild.,sports,positive,fr,0,120,28,15,0
2886,2023-09-01 11:42:00,Friend: ‘We should work out.’ Us: 🤷,meme_joke,positive,de,1,116,20,9,0
75,2023-08-22 11:35:00,Mental health matters. Take a break. 🎉,health_wellness,positive,es,0,39,13,6,0
3910,2024-03-09 15:48:00,POV: You at 8am meetings 💪💪,meme_joke,positive,en,0,31,3,4,0
4965,2025-05-25 21:46:00,New bill on tax policy passes in Berlin.,politics,neutral,hi,0,31,5,8,0
2658,2023-07-17 21:35:00,Debate tonight on tax policy. What are your thoughts?,politics,positive,en,0,44,10,4,0
3181,2023-06-16 03:57:00,Weekend vibes at the Sydney! 🥲,personal_update,neutral,en,0,47,8,6,0
2077,2023-11-22 01:10:00,Reminder: drink water and stretch today! 💖,health_wellness,positive,en,0,38,9,8,0
442,2023-08-24 18:56:00,Record broken: K. Garcia sets new high for runs.,sports,negative,en,0,50,11,10,0
4052,2025-01-26 13:54:00,New bill on climate action passes in Mumbai.,politics,neutral,en,0,36,11,3,0
2052,2024-12-22 08:45:00,Loving the new Umbrella headphones! Battery lasts all day.,product_feedback,neutral,de,0,34,7,9,0
2542,2025-05-21 04:03:00,Me: I’ll sleep early. Also me at 3am: 😴,meme_joke,positive,fr,0,160,57,37,0
3307,2024-10-27 01:56:00,Join us at the book club this Wednesday! Tickets available now. #News,event,positive,en,1,113,24,11,0
1302,2023-10-20 06:44:00,The headphones design is sleek but camera needs work.,product_feedback,neutral,hi,0,40,15,10,0
1782,2025-02-06 13:54:00,Heads up: data breach expected later this week.,news,neutral,en,1,58,17,16,0
4815,2024-06-17 23:38:00,"Refund request for defective smartwatch, DM sent.",customer_support,positive,de,0,13,4,2,0
3431,2024-09-30 05:31:00,Use code BUNDLE for free shipping on smartwatch.,promotion,negative,en,1,27,6,4,0
1305,2024-10-31 04:01:00,Heads up: policy change expected later this week.,news,negative,en,0,83,16,24,0
237,2025-06-28 04:30:00,Exclusive: laptop bundle for $90!,promotion,neutral,en,1,29,3,1,1
2600,2023-11-10 12:57:00,Loving the new Initech laptop! Battery lasts all day.,product_feedback,neutral,en,1,39,14,8,0
521,2024-01-14 11:01:00,Tough loss for Lions. Refs were wild.,sports,positive,fr,1,70,9,15,0
2574,2023-12-15 18:48:00,Weekend vibes at the Delhi! 🤔,personal_update,positive,en,0,52,10,2,0
3281,2023-01-27 01:27:00,Missed my brother today. 😅,personal_update,neutral,en,0,22,3,3,0
3187,2023-03-20 08:54:00,Fact check: claims about education reform and taxes.,politics,positive,fr,0,26,10,4,0
2769,2024-01-19 16:36:00,Having trouble logging into my Umbrella account—any fix?,customer_support,negative,en,1,11,3,2,0
736,2024-05-11 18:56:00,Public health update: market rally cases rising in Berlin.,health_wellness,neutral,fr,0,13,4,2,0
4704,2024-09-30 00:43:00,Countdown to community fair: only 11 days left!,event,positive,en,1,85,16,6,0
4930,2024-02-25 09:10:00,Breaking: weather alert just happened in Berlin. Details emerging. #Sale,news,positive,hi,0,140,15,35,0
2107,2025-06-03 05:46:00,Weekend vibes at the Mumbai! 😴,personal_update,neutral,de,0,37,6,10,0
2680,2024-06-12 23:33:00,Not impressed with Globex's headphones build quality.,product_feedback,neutral,es,0,7,0,0,0
3230,2023-09-14 10:15:00,Latest update on market rally: authorities confirm new info.,news,neutral,en,1,46,14,8,0
2762,2024-09-15 15:37:00,The headphones design is sleek but camera needs work.,product_feedback,neutral,en,0,33,11,5,0
593,2023-08-11 12:33:00,Matchday! City vs Royals at 10am. Predictions?,sports,negative,en,0,92,31,22,0
1304,2025-01-03 05:48:00,Feature request: please add offline sync to sneakers.,product_feedback,positive,en,1,55,21,10,0
1388,2024-08-04 03:41:00,When you open the fridge and forget why you came: 🤔 #relatable,meme_joke,positive,en,0,144,48,15,0
4696,2023-06-08 21:36:00,Tough loss for Tigers. Refs were wild.,sports,neutral,en,0,63,6,15,0
4527,2023-04-18 09:51:00,"Hi Initech, my order #45346 hasn’t arrived. Please help.",customer_support,neutral,en,0,17,3,2,0
3948,2025-01-07 04:02:00,Thanks Stark support for resolving my issue fast!,customer_support,positive,fr,0,16,4,1,0
1891,2023-10-12 10:50:00,Friend: ‘We should work out.’ Us: 😅,meme_joke,positive,en,0,22,4,1,0
2988,2024-12-08 08:31:00,Me: I’ll sleep early. Also me at 3am: 🥲,meme_joke,neutral,es,0,24,9,1,0
4925,2023-02-06 20:57:00,Just had biryani with friends. So good! 😂,personal_update,positive,en,0,5,0,0,0
3298,2024-01-10 00:07:00,Missed my sister today. 😴,personal_update,neutral,de,1,39,14,8,0
905,2023-03-16 10:02:00,Countdown to tech summit: only 5 days left!,event,positive,en,0,107,10,17,0
4610,2023-03-21 11:19:00,"New day, new goals. #Breaking 🔥",personal_update,positive,en,0,46,8,11,0
1280,2024-06-14 10:39:00,In-depth: What policy change means for Delhi.,news,neutral,es,1,12,1,2,0
934,2023-06-07 23:41:00,Feature request: please add faster charging to smartwatch.,product_feedback,negative,de,0,8,1,1,0
4900,2024-11-20 03:11:00,Feeling meh today! 🤔 #Tech,personal_update,neutral,en,0,49,6,9,0
2309,2023-06-10 05:38:00,FLASH SALE: sneakers at 30% off. Limited time! #Tech,promotion,neutral,en,0,45,9,8,1
1556,2025-07-15 09:52:00,"Hi Stark, my order #57467 hasn’t arrived. Please help.",customer_support,positive,en,1,20,2,4,0
4534,2025-05-16 06:07:00,Loving the new Globex headphones! Battery lasts all day.,product_feedback,positive,en,0,7,2,0,0
3191,2023-02-28 21:38:00,Livestream starts at 6pm! Don’t miss the community fair.,event,positive,de,1,71,7,9,0
4442,2023-05-21 07:54:00,Not impressed with Stark's laptop build quality.,product_feedback,neutral,en,1,4,0,0,0
707,2024-03-02 12:04:00,Buy 1 get 1 on all coffee maker until Monday.,promotion,negative,fr,1,37,10,1,1
4691,2024-05-06 04:38:00,Not impressed with Umbrella's headphones build quality.,product_feedback,positive,es,0,58,15,13,0
3071,2023-06-16 04:00:00,Reminder: drink water and stretch today! 🤷,health_wellness,neutral,es,0,20,3,4,0
746,2025-07-25 07:52:00,Tried Mediterranean for a week—here’s how I feel.,health_wellness,positive,es,0,65,17,8,0
3595,2025-06-18 12:37:00,Use code FREESHIP for free shipping on smartwatch.,promotion,positive,de,1,50,14,4,0
1940,2024-03-11 23:35:00,In-depth: What data breach means for London.,news,neutral,de,1,79,20,7,0
4401,2023-02-08 19:48:00,Countdown to tech summit: only 1 days left!,event,neutral,en,1,75,14,8,0
2863,2024-02-23 02:37:00,Just had sushi with friends. So good! 💖,personal_update,positive,en,0,34,5,6,0
3997,2023-11-06 12:41:00,Not impressed with Stark's sneakers build quality.,product_feedback,negative,en,0,9,1,2,0
514,2024-02-12 15:34:00,The Globex app keeps crashing after update.,customer_support,neutral,en,0,7,2,1,0
82,2023-05-25 16:24:00,When you open the fridge and forget why you came: 😂 #relatable,meme_joke,positive,es,1,88,11,12,0
4977,2023-10-10 15:07:00,Starting a 30-day running challenge. Who’s in?,health_wellness,positive,en,0,63,6,18,0
1309,2023-03-23 00:56:00,Breaking: data breach just happened in Delhi. Details emerging. #Health,news,neutral,en,1,57,9,3,0
4615,2023-01-04 05:27:00,Record broken: L. Chen sets new high for points.,sports,neutral,en,1,32,8,4,0
915,2023-09-27 03:38:00,Join us at the book club this Friday! Tickets available now. #LOL,event,neutral,en,1,88,24,7,0
3453,2023-09-15 15:11:00,Breaking: weather alert just happened in Toronto. Details emerging. #Sale,news,positive,en,1,60,20,12,0
3696,2023-04-19 12:58:00,Tried keto for a week—here’s how I feel.,health_wellness,neutral,fr,0,48,11,6,0
4805,2023-03-28 18:51:00,Feature request: please add faster charging to headphones.,product_feedback,positive,en,0,3,0,0,0
3157,2024-03-27 07:30:00,Weekend vibes at the Toronto! 💖,personal_update,positive,es,0,80,8,17,0
2199,2024-09-01 14:46:00,New drop: headphones! Grab yours today.,promotion,positive,en,1,70,20,5,0
4233,2023-04-29 12:49:00,Countdown to music festival: only 6 days left!,event,neutral,de,0,51,20,13,0
775,2023-01-22 17:48:00,Just had ramen with friends. So good! 🤔,personal_update,neutral,en,0,42,11,9,0
330,2024-12-02 22:22:00,Fact check: claims about climate action and taxes.,politics,positive,fr,0,71,16,9,0
2055,2024-01-08 15:05:00,This cat has more confidence than me 😂,meme_joke,positive,hi,0,138,40,9,0
2002,2024-11-06 13:24:00,Just had sushi with friends. So good! 🤷,personal_update,positive,hi,1,16,6,1,0
944,2023-07-15 06:45:00,Report: policy change could affect students.,news,neutral,de,1,37,8,3,0
823,2025-03-24 00:50:00,Public health update: concert announcement cases rising in Toronto.,health_wellness,positive,de,1,35,6,4,0
4528,2025-05-03 22:52:00,Meetup at London for tech summit. RSVP below.,event,positive,en,0,96,19,11,0
910,2024-08-29 05:53:00,Starting a 30-day running challenge. Who’s in?,health_wellness,positive,es,0,68,20,11,0
2517,2023-05-01 11:29:00,Feature request: please add faster charging to coffee maker.,product_feedback,positive,en,1,35,8,7,0
182,2025-05-07 15:48:00,Use code DEAL50 for free shipping on smartwatch.,promotion,negative,es,1,10,2,2,0
165,2023-05-26 14:53:00,Loving the new Acme smartwatch! Battery lasts all day.,product_feedback,positive,fr,0,60,6,10,0
1524,2024-11-09 09:03:00,POV: You at 8am meetings 🥲🥲,meme_joke,positive,de,0,159,42,17,0
452,2024-02-15 16:58:00,City with an unbelievable win tonight! #Sale,sports,positive,en,0,118,45,16,0
2539,2024-08-03 04:13:00,Updating to say smartwatch performance improved after patch.,product_feedback,negative,en,0,1,0,0,0
4138,2024-12-05 18:20:00,Thanks Initech support for resolving my issue fast!,customer_support,negative,de,0,17,6,3,0
4776,2023-12-05 10:54:00,Livestream starts at 10am! Don’t miss the tech summit.,event,positive,de,1,29,5,8,0
1312,2023-12-02 08:58:00,Matchday! Tigers vs Warriors at 10am. Predictions?,sports,negative,de,0,81,18,5,0
3150,2024-04-11 20:58:00,Loving the new Stark sneakers! Battery lasts all day.,product_feedback,negative,en,0,13,1,1,0
1112,2023-04-23 13:47:00,Meetup at Sydney for tech summit. RSVP below.,event,negative,en,1,41,11,11,0
4548,2024-06-11 09:35:00,Having trouble logging into my Globex account—any fix?,customer_support,negative,fr,0,14,2,1,0
4086,2023-02-10 01:51:00,Use code FREESHIP for free shipping on sneakers.,promotion,positive,es,0,10,1,1,0
3490,2023-04-17 21:51:00,Tough loss for Lions. Refs were wild.,sports,positive,en,0,73,14,14,0
1288,2025-07-21 17:17:00,"New day, new goals. #MondayMotivation 🙌",personal_update,negative,fr,0,6,2,0,0
4178,2023-10-02 08:13:00,Having trouble logging into my Globex account—any fix?,customer_support,negative,en,1,6,1,0,0
4646,2025-01-24 04:03:00,Report: weather alert could affect seniors.,news,neutral,en,1,117,35,7,0
3681,2025-06-02 17:10:00,Opinion: tax policy will impact students the most.,politics,neutral,de,0,55,16,11,0
4512,2024-10-30 06:35:00,This cat has more confidence than me 🤷,meme_joke,positive,es,0,155,15,21,0
4169,2024-01-04 15:54:00,FLASH SALE: laptop at 30% off. Limited time! #Sports,promotion,negative,en,0,21,5,5,0
3301,2023-05-29 14:09:00,Exclusive: headphones bundle for $179!,promotion,neutral,fr,1,6,2,1,0
3311,2023-11-16 05:47:00,Me: I’ll sleep early. Also me at 3am: 🤷,meme_joke,neutral,fr,1,102,37,9,0
4557,2024-08-10 14:21:00,Photos from music festival are up—tag yourself!,event,positive,es,0,12,1,3,0
3126,2025-01-07 10:53:00,"New day, new goals. #Sports 💖",personal_update,positive,de,1,43,6,12,0
328,2025-03-29 09:00:00,Mental health matters. Take a break. 🙌,health_wellness,negative,fr,0,23,4,2,0
1791,2024-12-25 19:39:00,Loving the new Stark coffee maker! Battery lasts all day.,product_feedback,negative,fr,0,23,8,4,0
2491,2025-05-29 15:36:00,Breaking: weather alert just happened in New York. Details emerging. #Tech,news,negative,en,1,101,17,20,0
2007,2025-07-12 23:56:00,Feeling happy today! 🤷 #Tech,personal_update,neutral,en,0,13,3,2,0
2008,2024-04-16 03:19:00,Friend: ‘We should work out.’ Us: 🤷,meme_joke,positive,fr,0,69,24,8,0
1859,2024-09-05 06:23:00,Friend: ‘We should work out.’ Us: 😴,meme_joke,positive,en,1,110,20,27,0
4686,2025-03-03 19:58:00,"Refund request for defective smartwatch, DM sent.",customer_support,neutral,en,0,17,2,1,0
313,2025-05-07 17:10:00,Missed my grandma today. 😅,personal_update,neutral,hi,0,58,19,16,0
833,2024-06-04 02:04:00,Report: policy change could affect commuters.,news,neutral,en,0,107,40,16,0
3080,2023-10-20 05:55:00,"Refund request for defective sneakers, DM sent.",customer_support,negative,en,0,14,2,2,0
4718,2024-02-19 22:23:00,Me: I’ll sleep early. Also me at 3am: 😂,meme_joke,neutral,es,0,74,25,17,0
3463,2023-03-22 08:09:00,Join us at the music festival this Thursday! Tickets available now. #Fitness,event,positive,en,0,94,29,9,0
1202,2023-07-25 22:16:00,United with an unbelievable win tonight! #MondayMotivation,sports,positive,hi,0,38,13,1,0
4392,2023-12-28 07:34:00,Loving the new Stark laptop! Battery lasts all day.,product_feedback,neutral,en,1,16,3,4,0
3548,2023-06-16 18:05:00,Public health update: weather alert cases rising in Delhi.,health_wellness,positive,fr,1,82,32,17,0
4923,2024-04-25 23:32:00,Matchday! City vs Lions at 2pm. Predictions?,sports,neutral,en,0,97,35,27,0
2135,2025-04-09 04:28:00,Friend: ‘We should work out.’ Us: 🤔,meme_joke,positive,en,0,51,20,14,0
3452,2023-12-07 01:37:00,Heads up: concert announcement expected later this week.,news,neutral,en,0,87,16,22,0
2210,2023-05-03 05:00:00,Weekend vibes at the Sydney! 🔥,personal_update,neutral,en,0,33,8,9,0
1902,2024-07-06 00:47:00,Debate tonight on tax policy. What are your thoughts?,politics,positive,en,0,54,18,10,0
1482,2024-10-14 20:57:00,Me: I’ll sleep early. Also me at 3am: 🔥,meme_joke,negative,es,0,89,21,24,0
778,2025-02-20 06:14:00,Feeling tired today! 😂 #News,personal_update,positive,en,1,26,5,1,0
800,2023-06-20 23:31:00,Exclusive: headphones bundle for $125!,promotion,neutral,en,1,19,6,3,1
3715,2025-06-06 10:11:00,Missed my brother today. 💪,personal_update,neutral,en,0,10,2,2,0
3943,2024-11-07 12:09:00,This cat has more confidence than me 😅,meme_joke,neutral,es,0,130,16,10,0
55,2024-08-08 13:39:00,Just had sushi with friends. So good! 🔥,personal_update,positive,en,0,78,13,8,0
2973,2024-01-22 20:26:00,Breaking: power outage just happened in Toronto. Details emerging. #Sale,news,neutral,en,0,30,8,7,0
3336,2024-07-31 13:48:00,"Refund request for defective sneakers, DM sent.",customer_support,negative,en,0,16,6,4,0
1921,2023-03-29 19:01:00,Livestream starts at 10am! Don’t miss the music festival.,event,neutral,hi,0,49,5,4,0
3716,2023-12-26 11:29:00,Exclusive: laptop bundle for $151!,promotion,positive,en,0,50,16,5,1
4647,2025-02-17 02:19:00,In-depth: What policy change means for Delhi.,news,neutral,fr,1,65,14,8,0
947,2024-02-22 06:45:00,Feeling excited today! 🔥 #MondayMotivation,personal_update,positive,hi,0,48,13,3,0
1702,2023-10-14 13:33:00,In-depth: What power outage means for Mumbai.,news,neutral,en,1,112,25,12,0
3294,2023-08-19 09:52:00,Join us at the charity run this Friday! Tickets available now. #Sale,event,neutral,hi,0,93,23,22,0
2162,2023-01-02 01:57:00,Record broken: R. Patel sets new high for runs.,sports,positive,fr,0,109,15,19,0
1137,2024-11-02 07:55:00,Photos from tech summit are up—tag yourself!,event,positive,en,0,79,31,8,0
988,2025-05-22 01:03:00,Feeling happy today! 😂 #Tech,personal_update,neutral,en,0,50,6,14,0
2550,2025-02-21 19:53:00,Breaking: data breach just happened in Toronto. Details emerging. #Sale,news,neutral,en,1,26,3,4,0
194,2025-07-08 00:26:00,New drop: sneakers! Grab yours today.,promotion,neutral,en,0,40,15,11,0
3058,2025-01-15 05:56:00,Having trouble logging into my Acme account—any fix?,customer_support,negative,en,0,14,4,4,0
3247,2024-08-01 04:37:00,Not impressed with Stark's laptop build quality.,product_feedback,neutral,en,0,36,10,8,0
1395,2025-07-02 17:00:00,Weekend vibes at the Berlin! 🥲,personal_update,positive,de,0,16,4,2,0
2638,2023-04-03 20:26:00,FLASH SALE: laptop at 60% off. Limited time! #Event,promotion,neutral,de,1,20,4,3,0
769,2025-01-27 09:57:00,Me: I’ll sleep early. Also me at 3am: 😅,meme_joke,positive,en,0,92,14,19,0
4703,2025-06-01 22:59:00,Latest update on concert announcement: authorities confirm new info.,news,positive,en,0,19,7,3,0
3091,2024-08-04 13:28:00,The laptop design is sleek but camera needs work.,product_feedback,neutral,en,1,31,10,5,0
3496,2023-07-26 21:38:00,Reminder: drink water and stretch today! 😅,health_wellness,neutral,en,0,21,3,4,0
3216,2023-10-17 22:58:00,Photos from community fair are up—tag yourself!,event,positive,en,1,36,12,8,0
286,2024-01-18 03:21:00,Exclusive: coffee maker bundle for $289!,promotion,neutral,en,0,6,1,0,0
4939,2023-02-11 15:38:00,Latest update on policy change: authorities confirm new info.,news,neutral,en,1,105,40,19,0
429,2024-12-25 10:08:00,Report: concert announcement could affect commuters.,news,neutral,hi,1,119,47,18,0
4449,2023-04-29 11:36:00,Matchday! Lions vs Royals at 10am. Predictions?,sports,neutral,es,1,53,19,9,0
2333,2025-01-02 07:14:00,Weekend vibes at the Delhi! 😅,personal_update,negative,hi,0,21,3,1,0
2718,2023-06-08 08:19:00,Weekend vibes at the Toronto! 💪,personal_update,negative,en,0,45,16,9,0
2080,2023-03-21 04:22:00,Feeling meh today! 😂 #News,personal_update,negative,hi,0,29,3,6,0
3390,2024-05-04 00:36:00,Photos from book club are up—tag yourself!,event,positive,en,0,92,22,16,0
723,2023-12-01 09:28:00,"New day, new goals. #Sports 🔥",personal_update,positive,en,0,43,5,4,0
952,2025-07-15 19:32:00,"New day, new goals. #Fitness 🥲",personal_update,positive,de,1,11,4,0,0
4384,2024-01-05 00:53:00,Loving the new Globex smartwatch! Battery lasts all day.,product_feedback,neutral,hi,0,37,3,7,0
4367,2023-11-25 18:29:00,Latest update on concert announcement: authorities confirm new info.,news,neutral,es,0,14,2,3,0
2263,2025-06-08 07:00:00,The headphones design is sleek but camera needs work.,product_feedback,negative,de,0,16,3,4,0
990,2023-05-03 02:19:00,Not impressed with Stark's sneakers build quality.,product_feedback,neutral,es,0,38,5,11,0
3213,2024-03-28 06:18:00,Public health update: market rally cases rising in Mumbai.,health_wellness,positive,en,1,54,7,5,0
1760,2023-05-26 04:04:00,The laptop design is sleek but camera needs work.,product_feedback,positive,de,1,53,5,4,0
4580,2023-02-10 17:39:00,Feeling happy today! 😅 #Breaking,personal_update,negative,en,0,36,11,7,0
327,2025-06-17 20:43:00,Join us at the community fair this Wednesday! Tickets available now. #Fitness,event,neutral,de,1,56,16,16,0
2609,2024-10-20 20:18:00,Transfer rumor: M. Khan to City?,sports,positive,en,0,12,2,0,0
1384,2023-03-29 20:40:00,Use code WELCOME10 for free shipping on sneakers.,promotion,neutral,es,0,31,6,6,0
1725,2024-02-07 20:27:00,Updating to say sneakers performance improved after patch.,product_feedback,neutral,es,0,27,4,1,0
1087,2023-02-15 04:04:00,Missed my grandma today. 😅,personal_update,negative,de,0,48,6,2,0
2524,2025-06-18 19:13:00,Buy 1 get 1 on all smartwatch until Sunday.,promotion,neutral,en,1,49,13,10,0
342,2023-02-15 07:13:00,Fact check: claims about education reform and taxes.,politics,neutral,es,0,6,2,0,0
3702,2023-07-21 08:49:00,Friend: ‘We should work out.’ Us: 🎉,meme_joke,neutral,en,0,25,4,4,0
148,2024-07-01 00:11:00,Livestream starts at 6pm! Don’t miss the tech summit.,event,positive,en,1,49,5,3,0
689,2024-02-08 05:53:00,Feeling meh today! 🥲 #Fitness,personal_update,positive,fr,0,6,1,1,0
3433,2024-07-08 22:13:00,Not impressed with Umbrella's sneakers build quality.,product_feedback,positive,en,1,42,10,5,0
1108,2023-10-13 11:11:00,Friend: ‘We should work out.’ Us: 😀,meme_joke,neutral,en,1,41,10,10,0
849,2023-09-17 01:22:00,"New day, new goals. #Tech 🔥",personal_update,neutral,en,0,32,4,2,0
967,2025-01-31 00:26:00,Report: concert announcement could affect students.,news,neutral,en,0,116,20,33,0
4728,2023-08-12 20:00:00,When you open the fridge and forget why you came: 😂 #relatable,meme_joke,positive,fr,0,99,25,13,0
1493,2023-08-24 13:32:00,Not impressed with Acme's coffee maker build quality.,product_feedback,negative,es,0,39,9,8,0
3954,2023-01-16 03:13:00,This cat has more confidence than me 💪,meme_joke,positive,de,0,138,33,14,0
2204,2024-10-15 06:31:00,"Hi Stark, my order #67122 hasn’t arrived. Please help.",customer_support,neutral,en,0,5,1,1,0
2714,2023-08-18 11:25:00,Countdown to music festival: only 14 days left!,event,positive,fr,1,88,35,19,0
662,2024-03-05 23:48:00,Matchday! Lions vs Lions at 10am. Predictions?,sports,negative,es,1,30,5,3,0
1003,2025-02-28 22:42:00,"Refund request for defective coffee maker, DM sent.",customer_support,neutral,hi,1,4,1,0,0
63,2023-09-21 22:11:00,"Hi Initech, my order #53914 hasn’t arrived. Please help.",customer_support,negative,en,0,10,1,1,0
285,2024-05-19 00:27:00,"New day, new goals. #Health 💖",personal_update,positive,de,0,12,1,1,0
2225,2023-11-12 20:50:00,Lions with an unbelievable win tonight! #Event,sports,positive,de,1,28,11,1,0
4707,2023-10-30 04:42:00,Photos from book club are up—tag yourself!,event,positive,de,0,20,5,1,0
1880,2025-05-08 22:28:00,This cat has more confidence than me 🤔,meme_joke,positive,en,0,35,10,3,0
3573,2023-08-09 03:28:00,Thanks Stark support for resolving my issue fast!,customer_support,neutral,en,0,1,0,0,0
4858,2023-07-08 17:59:00,Reminder: drink water and stretch today! 😅,health_wellness,neutral,en,0,15,2,0,0
1204,2023-07-21 12:30:00,Feature request: please add noise cancellation to laptop.,product_feedback,negative,de,0,13,3,0,0
1991,2023-03-05 02:47:00,Loving the new Umbrella sneakers! Battery lasts all day.,product_feedback,neutral,hi,0,35,10,8,0
25,2024-08-22 13:40:00,Friend: ‘We should work out.’ Us: 🤔,meme_joke,positive,fr,0,123,46,11,0
4853,2023-09-29 04:35:00,Just had tacos with friends. So good! 😂,personal_update,positive,en,0,53,15,4,0
4103,2023-07-12 03:09:00,Use code BUNDLE for free shipping on sneakers.,promotion,neutral,es,0,10,2,0,0
4168,2023-03-02 22:51:00,Updating to say sneakers performance improved after patch.,product_feedback,neutral,hi,0,6,1,0,0
763,2025-07-09 09:00:00,"Hi Globex, my order #85779 hasn’t arrived. Please help.",customer_support,neutral,en,0,19,6,3,0
876,2023-11-23 14:16:00,Rally at Toronto calling for education reform reform.,politics,negative,en,0,41,8,9,0
4743,2024-02-16 10:09:00,Latest update on power outage: authorities confirm new info.,news,neutral,hi,1,104,12,27,0
939,2025-05-23 02:06:00,Fact check: claims about education reform and taxes.,politics,neutral,en,0,45,10,8,0
2688,2024-06-11 15:13:00,Countdown to tech summit: only 12 days left!,event,positive,en,1,18,7,2,0
3601,2024-07-15 06:03:00,Join us at the music festival this Sunday! Tickets available now. #Tech,event,neutral,es,0,44,8,10,0
2395,2024-08-26 15:17:00,Join us at the charity run this Sunday! Tickets available now. #LOL,event,positive,de,1,115,38,27,0
4568,2023-09-11 01:31:00,Mental health matters. Take a break. 🔥,health_wellness,neutral,en,0,37,6,6,0
4981,2025-01-15 21:50:00,Use code DEAL50 for free shipping on laptop.,promotion,positive,en,1,43,16,5,0
4125,2024-12-18 01:38:00,Updating to say headphones performance improved after patch.,product_feedback,negative,en,0,27,8,7,0
4565,2024-05-19 23:58:00,New bill on climate action passes in Mumbai.,politics,negative,fr,0,23,5,3,0
386,2023-12-04 16:04:00,"Refund request for defective headphones, DM sent.",customer_support,neutral,en,1,2,0,0,0
3878,2025-01-01 14:33:00,Countdown to tech summit: only 9 days left!,event,positive,de,0,44,14,6,0
4371,2025-06-18 19:53:00,Me: I’ll sleep early. Also me at 3am: 🥲,meme_joke,neutral,en,0,30,4,3,0
4570,2024-11-07 01:04:00,POV: You at 8am meetings 😀😀,meme_joke,positive,en,1,80,17,21,0
537,2025-06-03 05:52:00,Weekend vibes at the Toronto! 😴,personal_update,positive,en,0,18,3,2,0
2292,2023-05-26 18:48:00,The headphones design is sleek but camera needs work.,product_feedback,negative,en,1,35,7,6,0
4666,2024-11-12 19:43:00,Updating to say smartwatch performance improved after patch.,product_feedback,neutral,en,0,25,9,3,0
3875,2024-03-13 14:04:00,The Initech app keeps crashing after update.,customer_support,positive,en,1,40,11,7,0
937,2023-02-28 22:54:00,Feeling tired today! 😀 #Health,personal_update,neutral,en,0,20,4,2,0
3738,2023-03-15 07:05:00,New drop: smartwatch! Grab yours today.,promotion,neutral,fr,1,14,3,3,1
4729,2024-03-20 22:56:00,Just had sushi with friends. So good! 🤷,personal_update,neutral,en,0,27,9,3,0
2361,2023-04-02 08:11:00,This cat has more confidence than me 💪,meme_joke,positive,en,1,96,12,11,0
3508,2023-08-10 21:55:00,Missed my dad today. 💖,personal_update,positive,de,0,75,25,7,0
202,2023-10-24 17:31:00,This cat has more confidence than me 🙌,meme_joke,neutral,en,0,45,7,11,0
3209,2024-02-22 08:05:00,This cat has more confidence than me 😅,meme_joke,positive,de,0,58,13,15,0
1333,2023-01-14 03:21:00,Livestream starts at 10am! Don’t miss the tech summit.,event,positive,fr,1,99,37,11,0
3017,2023-08-30 15:12:00,Feature request: please add dark mode to headphones.,product_feedback,positive,en,0,27,5,6,0
3503,2024-06-11 02:40:00,Not impressed with Globex's smartwatch build quality.,product_feedback,negative,de,0,38,5,3,0
2709,2025-07-08 15:54:00,Use code BUNDLE for free shipping on sneakers.,promotion,positive,es,0,22,5,3,0
4022,2023-11-01 07:05:00,When you open the fridge and forget why you came: 🔥 #relatable,meme_joke,neutral,en,0,93,30,9,0
1855,2024-10-18 02:46:00,Missed my grandma today. 🤷,personal_update,positive,en,0,16,4,4,0
4470,2025-01-06 02:46:00,Starting a 30-day running challenge. Who’s in?,health_wellness,positive,en,1,58,7,15,0
2873,2025-06-04 19:47:00,Loving the new Globex coffee maker! Battery lasts all day.,product_feedback,positive,en,0,16,3,4,0
3031,2023-07-24 13:40:00,New bill on education reform passes in Mumbai.,politics,neutral,en,0,31,9,2,0
1206,2023-07-25 21:16:00,Feature request: please add dark mode to laptop.,product_feedback,neutral,en,0,8,2,0,0
1646,2025-06-22 00:44:00,New drop: laptop! Grab yours today.,promotion,neutral,hi,0,48,11,8,0
3418,2023-09-12 04:36:00,The coffee maker design is sleek but camera needs work.,product_feedback,negative,hi,0,13,3,3,0
3477,2024-01-23 23:39:00,Feeling tired today! 🤷 #Tech,personal_update,positive,es,0,44,16,7,0
2862,2023-10-20 12:23:00,"New day, new goals. #MondayMotivation 🤔",personal_update,positive,en,0,43,7,3,0
1793,2024-06-29 00:13:00,Updating to say smartwatch performance improved after patch.,product_feedback,positive,es,0,48,6,7,0
3798,2025-06-14 18:45:00,Latest update on market rally: authorities confirm new info.,news,neutral,hi,1,56,16,7,0
3369,2024-07-02 20:30:00,In-depth: What power outage means for Sydney.,news,positive,fr,0,84,29,24,0
3368,2024-05-03 17:55:00,Photos from community fair are up—tag yourself!,event,positive,fr,1,40,8,10,0
3534,2023-04-04 07:32:00,"New day, new goals. #Event 🙌",personal_update,positive,en,0,49,10,12,0
3450,2024-11-18 10:29:00,Updating to say sneakers performance improved after patch.,product_feedback,positive,en,1,9,1,1,0
604,2025-06-17 13:16:00,Not impressed with Acme's laptop build quality.,product_feedback,neutral,en,1,20,3,5,0
3057,2023-09-01 08:28:00,Countdown to tech summit: only 4 days left!,event,positive,en,0,113,13,16,0
4532,2024-01-28 16:57:00,Photos from tech summit are up—tag yourself!,event,positive,en,1,18,7,4,0
127,2025-02-02 18:02:00,Report: weather alert could affect students.,news,neutral,en,1,92,29,6,0
3877,2024-09-28 00:10:00,Feeling meh today! 😀 #Breaking,personal_update,positive,en,0,78,23,12,0
2936,2024-01-13 16:48:00,This cat has more confidence than me 😴,meme_joke,positive,es,1,136,32,38,0
3532,2024-10-23 17:30:00,Feature request: please add dark mode to sneakers.,product_feedback,neutral,en,1,37,10,3,0
2731,2025-05-03 04:56:00,Transfer rumor: R. Patel to Lions?,sports,neutral,fr,0,46,13,11,0
828,2023-06-15 04:06:00,Missed my sister today. 🥲,personal_update,neutral,fr,0,33,9,2,0
1640,2023-04-17 23:31:00,Updating to say headphones performance improved after patch.,product_feedback,positive,hi,0,32,4,6,0
985,2023-10-01 21:08:00,New drop: sneakers! Grab yours today.,promotion,negative,en,1,25,8,4,0
3282,2023-01-17 17:06:00,Updating to say smartwatch performance improved after patch.,product_feedback,neutral,en,0,36,11,5,0
4972,2025-08-02 19:55:00,"New day, new goals. #Breaking 🎉",personal_update,positive,hi,0,80,9,20,0
2189,2023-03-03 09:53:00,Friend: ‘We should work out.’ Us: 😂,meme_joke,positive,en,1,19,3,3,0
4613,2025-02-14 09:45:00,FLASH SALE: sneakers at 15% off. Limited time! #LOL,promotion,positive,en,1,11,2,1,1
2444,2024-06-06 19:00:00,Debate tonight on healthcare. What are your thoughts?,politics,neutral,fr,0,66,10,13,0
363,2025-04-02 19:09:00,Updating to say headphones performance improved after patch.,product_feedback,positive,en,0,52,8,5,0
2350,2023-08-18 06:44:00,Weekend vibes at the Delhi! 🥲,personal_update,positive,fr,0,25,4,5,0
346,2025-07-22 18:01:00,Join us at the charity run this Friday! Tickets available now. #Breaking,event,positive,en,0,55,6,15,0
815,2024-03-28 08:24:00,Breaking: concert announcement just happened in Berlin. Details emerging. #Tech,news,positive,en,0,37,8,3,0
3206,2025-05-05 18:43:00,Loving the new Globex coffee maker! Battery lasts all day.,product_feedback,positive,en,0,25,3,6,0
4161,2023-09-07 03:07:00,Just had tacos with friends. So good! 🤷,personal_update,neutral,en,0,46,17,13,0
4796,2024-12-06 07:26:00,Loving the new Initech smartwatch! Battery lasts all day.,product_feedback,negative,fr,1,27,3,1,0
3326,2023-05-25 16:03:00,Feeling tired today! 🥲 #Sports,personal_update,positive,es,0,35,12,7,0
4107,2025-03-20 05:00:00,POV: You at 8am meetings 🤷🤷,meme_joke,neutral,en,0,147,52,12,0
2117,2023-02-09 01:47:00,"Hi Globex, my order #26033 hasn’t arrived. Please help.",customer_support,negative,en,0,7,2,1,0
1835,2024-09-25 04:56:00,Opinion: climate action will impact students the most.,politics,neutral,en,0,79,27,16,0
794,2023-10-02 13:27:00,Heads up: concert announcement expected later this week.,news,neutral,de,1,18,5,3,0
4947,2024-06-30 16:46:00,Exclusive: smartwatch bundle for $295!,promotion,neutral,en,0,36,13,5,0
2675,2023-05-22 04:23:00,POV: You at 8am meetings 💖💖,meme_joke,positive,de,0,115,19,27,0
95,2025-05-22 03:05:00,Missed my sister today. 😴,personal_update,positive,en,0,31,7,5,0
3757,2023-01-21 00:42:00,Transfer rumor: L. Chen to Royals?,sports,positive,hi,0,27,2,1,0
2892,2023-09-19 03:01:00,Feature request: please add dark mode to laptop.,product_feedback,positive,fr,0,51,18,5,0
2372,2025-03-11 10:56:00,Use code DEAL50 for free shipping on smartwatch.,promotion,neutral,en,1,37,11,8,0
4150,2024-09-01 02:31:00,Starting a 30-day strength challenge. Who’s in?,health_wellness,positive,en,0,53,5,15,0
4433,2023-05-12 23:41:00,Loving the new Stark sneakers! Battery lasts all day.,product_feedback,negative,en,0,27,10,1,0
3229,2023-11-30 10:51:00,Latest update on power outage: authorities confirm new info.,news,neutral,fr,1,13,2,2,0
2854,2023-12-06 00:49:00,This cat has more confidence than me 💖,meme_joke,positive,en,0,99,29,11,0
2913,2024-07-27 14:57:00,Mental health matters. Take a break. 🙌,health_wellness,neutral,en,1,66,17,16,0
1866,2024-08-12 17:23:00,"New day, new goals. #Tech 😴",personal_update,negative,fr,0,7,1,1,0
1858,2023-11-24 15:18:00,Public health update: power outage cases rising in London.,health_wellness,positive,fr,0,11,1,1,0
2646,2023-04-28 08:01:00,Not impressed with Globex's laptop build quality.,product_feedback,neutral,en,1,5,0,0,0
2244,2025-06-03 16:06:00,Warriors with an unbelievable win tonight! #Sale,sports,neutral,en,1,92,24,15,0
2337,2025-04-09 03:10:00,Loving the new Stark sneakers! Battery lasts all day.,product_feedback,neutral,en,0,11,1,3,0
951,2023-01-20 20:27:00,Friend: ‘We should work out.’ Us: 🥲,meme_joke,positive,en,0,155,34,34,0
3069,2024-10-21 23:34:00,FLASH SALE: laptop at 60% off. Limited time! #Tech,promotion,positive,en,1,45,16,6,0
1121,2023-04-17 10:04:00,Feeling tired today! 😅 #MondayMotivation,personal_update,positive,en,0,42,8,8,0
2598,2024-07-13 15:35:00,Weekend vibes at the Mumbai! 🤷,personal_update,neutral,fr,0,10,2,2,0
2205,2024-04-06 02:27:00,Breaking: market rally just happened in Berlin. Details emerging. #Event,news,neutral,de,1,113,19,25,0
420,2025-06-24 06:05:00,Updating to say sneakers performance improved after patch.,product_feedback,positive,de,0,50,6,12,0
923,2023-01-07 11:23:00,Having trouble logging into my Umbrella account—any fix?,customer_support,negative,de,0,12,2,0,0
1255,2024-10-13 19:40:00,Meetup at Sydney for tech summit. RSVP below.,event,neutral,es,1,93,14,10,0
478,2023-03-20 04:55:00,POV: You at 8am meetings 💖💖,meme_joke,positive,en,0,148,45,31,0
2036,2023-02-18 11:07:00,Feature request: please add dark mode to headphones.,product_feedback,negative,en,1,25,5,3,0
1203,2024-03-22 16:38:00,Thanks Globex support for resolving my issue fast!,customer_support,neutral,en,1,18,2,0,0
2627,2023-07-22 22:53:00,Countdown to charity run: only 1 days left!,event,positive,en,0,18,7,4,0
4819,2023-08-17 00:23:00,Missed my sister today. 💪,personal_update,positive,fr,0,56,7,10,0
1971,2024-09-14 18:23:00,FLASH SALE: coffee maker at 70% off. Limited time! #Event,promotion,neutral,en,0,14,5,3,1
3111,2023-05-01 03:03:00,FLASH SALE: sneakers at 40% off. Limited time! #MondayMotivation,promotion,neutral,en,0,21,6,3,0
4019,2025-06-30 12:33:00,Loving the new Globex coffee maker! Battery lasts all day.,product_feedback,positive,fr,1,30,5,1,0
2152,2023-12-26 03:21:00,Report: concert announcement could affect small businesses.,news,positive,fr,0,82,27,14,0
3688,2024-08-29 15:33:00,Mental health matters. Take a break. 💖,health_wellness,negative,hi,0,69,26,7,0
1998,2024-11-09 23:03:00,Latest update on weather alert: authorities confirm new info.,news,positive,de,1,17,6,3,0
4034,2023-04-22 01:28:00,Weekend vibes at the Delhi! 🤔,personal_update,neutral,de,0,42,16,11,0
3055,2023-01-02 08:41:00,Loving the new Stark sneakers! Battery lasts all day.,product_feedback,negative,es,0,15,5,1,0
1249,2023-11-20 17:05:00,Use code FREESHIP for free shipping on sneakers.,promotion,positive,de,1,59,8,14,0
2193,2024-07-17 00:41:00,"Hi Umbrella, my order #60880 hasn’t arrived. Please help.",customer_support,negative,en,0,18,4,2,0
2713,2025-07-13 09:16:00,"Refund request for defective laptop, DM sent.",customer_support,negative,fr,0,7,2,1,0
993,2024-12-01 05:39:00,Weekend vibes at the Sydney! 🎉,personal_update,positive,es,0,43,11,11,0
2191,2024-06-03 16:27:00,Updating to say headphones performance improved after patch.,product_feedback,positive,en,1,6,0,1,0
3763,2023-09-08 05:02:00,Record broken: J. Smith sets new high for points.,sports,positive,en,0,93,36,23,0
3598,2024-08-15 00:30:00,Record broken: A. Singh sets new high for points.,sports,neutral,es,1,88,20,9,0
1319,2024-07-08 12:59:00,Tigers with an unbelievable win tonight! #Sale,sports,negative,en,0,55,19,16,0
1864,2024-10-23 04:00:00,Tough loss for Royals. Refs were wild.,sports,positive,fr,1,46,17,11,0
2344,2024-07-14 02:20:00,Not impressed with Initech's laptop build quality.,product_feedback,positive,fr,0,46,18,9,0
2450,2023-08-28 20:18:00,Friend: ‘We should work out.’ Us: 🔥,meme_joke,positive,en,1,60,21,5,0
2137,2024-11-12 18:13:00,Use code DEAL50 for free shipping on smartwatch.,promotion,neutral,es,1,7,1,1,0
1066,2024-02-04 22:51:00,The Stark app keeps crashing after update.,customer_support,negative,en,1,20,3,3,0
4961,2025-07-24 13:39:00,New drop: coffee maker! Grab yours today.,promotion,positive,en,0,7,2,0,0
2622,2025-04-29 09:37:00,New drop: headphones! Grab yours today.,promotion,neutral,de,0,29,8,5,0
78,2023-07-24 18:34:00,"New day, new goals. #Fitness 😴",personal_update,positive,en,1,55,11,15,0
2899,2025-05-30 15:49:00,Transfer rumor: K. Garcia to City?,sports,positive,en,0,80,11,11,0
1315,2024-03-12 11:36:00,Feeling grateful today! 🤔 #Sports,personal_update,positive,fr,0,73,9,8,0
4373,2025-03-21 21:34:00,Use code FREESHIP for free shipping on headphones.,promotion,negative,en,0,40,5,3,0
873,2025-08-03 18:27:00,Join us at the book club this Sunday! Tickets available now. #News,event,neutral,fr,1,38,11,9,0
3851,2023-08-03 08:40:00,When you open the fridge and forget why you came: 🙌 #relatable,meme_joke,positive,fr,0,37,9,4,0
4788,2025-06-19 23:00:00,New drop: headphones! Grab yours today.,promotion,positive,en,0,64,17,4,0
2966,2023-06-25 13:23:00,Missed my dad today. 🔥,personal_update,positive,hi,0,15,2,2,0
3392,2024-11-27 00:07:00,Use code SAVE20 for free shipping on laptop.,promotion,positive,hi,1,65,22,4,0
2561,2025-04-09 08:44:00,Rally at Toronto calling for tax policy reform.,politics,neutral,en,0,34,5,9,0
4897,2025-06-04 17:07:00,Tried Mediterranean for a week—here’s how I feel.,health_wellness,neutral,en,0,33,5,4,0
2636,2023-07-28 09:48:00,This cat has more confidence than me 😴,meme_joke,positive,de,0,65,19,14,0
3531,2025-06-08 19:39:00,Livestream starts at 6pm! Don’t miss the book club.,event,positive,es,1,56,9,6,0
376,2025-01-20 16:36:00,In-depth: What concert announcement means for London.,news,neutral,fr,0,41,15,11,0
1909,2023-03-13 23:28:00,Tried keto for a week—here’s how I feel.,health_wellness,neutral,en,0,14,5,3,0
4333,2023-03-15 23:46:00,"Refund request for defective smartwatch, DM sent.",customer_support,negative,en,0,4,0,0,0
4380,2023-01-07 05:59:00,Countdown to tech summit: only 8 days left!,event,positive,en,0,25,5,4,0
4028,2025-04-30 06:48:00,Use code SAVE20 for free shipping on headphones.,promotion,positive,es,1,61,11,11,1
1605,2023-05-11 10:27:00,"Refund request for defective coffee maker, DM sent.",customer_support,negative,es,0,2,0,0,0
1119,2023-10-22 18:39:00,Buy 1 get 1 on all laptop until Thursday.,promotion,neutral,de,1,14,1,1,0
3678,2023-05-18 07:24:00,This cat has more confidence than me 😂,meme_joke,neutral,en,0,98,11,6,0
3491,2023-10-04 08:35:00,Latest update on data breach: authorities confirm new info.,news,neutral,en,1,97,38,14,0
4865,2023-02-21 17:51:00,Photos from community fair are up—tag yourself!,event,positive,en,0,38,13,8,0
2959,2023-02-27 20:58:00,FLASH SALE: smartwatch at 40% off. Limited time! #Fitness,promotion,positive,fr,0,69,26,4,1
1995,2023-08-06 17:29:00,Thanks Stark support for resolving my issue fast!,customer_support,negative,en,0,20,5,4,0
4956,2023-02-17 22:13:00,Join us at the charity run this Monday! Tickets available now. #LOL,event,negative,fr,1,26,3,1,0
4356,2023-12-04 16:37:00,The smartwatch design is sleek but camera needs work.,product_feedback,positive,en,1,6,0,1,0
2377,2024-07-12 23:27:00,Exclusive: sneakers bundle for $282!,promotion,neutral,es,1,33,7,2,0
1343,2023-06-17 02:40:00,In-depth: What weather alert means for New York.,news,negative,en,0,101,35,8,0
321,2025-05-20 13:40:00,Matchday! Royals vs Lions at 10am. Predictions?,sports,positive,fr,0,116,16,22,0
1620,2024-11-27 16:03:00,Just had biryani with friends. So good! 😴,personal_update,positive,fr,0,30,11,2,0
3714,2024-08-05 06:44:00,The Acme app keeps crashing after update.,customer_support,neutral,en,1,1,0,0,0
2061,2023-03-16 09:41:00,"New day, new goals. #News 🔥",personal_update,negative,en,0,27,10,3,0
2220,2023-01-05 19:05:00,Feeling tired today! 🤷 #Event,personal_update,neutral,fr,1,34,3,2,0
1674,2023-08-22 02:25:00,The Initech app keeps crashing after update.,customer_support,neutral,fr,0,5,1,0,0
261,2025-05-26 06:25:00,When you open the fridge and forget why you came: 🥲 #relatable,meme_joke,positive,en,0,128,27,30,0
4418,2023-06-04 18:52:00,Report: weather alert could affect students.,news,neutral,fr,1,36,4,10,0
2040,2023-05-30 16:46:00,Feeling happy today! 🎉 #Breaking,personal_update,positive,hi,1,39,15,2,0
902,2023-07-03 04:18:00,"New day, new goals. #Health 🎉",personal_update,positive,fr,0,34,7,2,0
3745,2023-09-30 09:18:00,Feature request: please add dark mode to laptop.,product_feedback,neutral,en,1,19,4,1,0
2027,2024-04-13 08:44:00,Tough loss for Royals. Refs were wild.,sports,positive,en,0,25,5,4,0
1918,2024-08-31 18:46:00,Thanks Globex support for resolving my issue fast!,customer_support,negative,en,0,9,0,1,0
1829,2025-01-25 18:22:00,Missed my mom today. 🙌,personal_update,neutral,fr,1,22,8,5,0
1574,2023-04-05 09:23:00,POV: You at 8am meetings 😀😀,meme_joke,positive,hi,1,66,22,10,0
4395,2024-01-24 06:12:00,Missed my sister today. 🙌,personal_update,positive,en,1,38,4,11,0
4209,2025-07-16 06:22:00,"New day, new goals. #Sports 😅",personal_update,positive,en,0,51,19,7,0
225,2025-01-21 18:08:00,Reminder: drink water and stretch today! 💪,health_wellness,negative,en,0,60,11,13,0
724,2023-11-27 22:38:00,Me: I’ll sleep early. Also me at 3am: 😅,meme_joke,positive,fr,0,41,10,4,0
4486,2023-02-06 01:09:00,Feature request: please add noise cancellation to smartwatch.,product_feedback,neutral,en,1,21,5,5,0
1142,2025-04-29 23:34:00,Use code SAVE20 for free shipping on laptop.,promotion,positive,es,0,58,22,9,0
2763,2024-01-20 13:11:00,Just had pasta with friends. So good! 🙌,personal_update,neutral,es,0,42,8,3,0
847,2023-03-21 02:38:00,In-depth: What data breach means for Mumbai.,news,neutral,de,1,106,31,27,0
2552,2023-04-22 05:48:00,Tough loss for Royals. Refs were wild.,sports,positive,hi,0,40,9,4,0
2929,2025-06-06 01:12:00,Exclusive: coffee maker bundle for $232!,promotion,neutral,hi,1,42,13,10,0
118,2023-03-18 15:20:00,Buy 1 get 1 on all laptop until Monday.,promotion,neutral,en,1,33,11,8,0
646,2025-05-10 17:41:00,Livestream starts at 10am! Don’t miss the community fair.,event,positive,en,0,42,8,10,0
4,2023-09-27 16:48:00,Starting a 30-day strength challenge. Who’s in?,health_wellness,positive,en,1,5,1,1,0
4171,2024-03-27 23:58:00,FLASH SALE: coffee maker at 50% off. Limited time! #News,promotion,neutral,en,0,34,7,9,1
468,2023-02-15 09:00:00,This cat has more confidence than me 💪,meme_joke,positive,en,0,108,19,11,0
6,2024-08-13 15:15:00,This cat has more confidence than me 🤔,meme_joke,positive,fr,0,43,13,11,0
920,2025-07-18 09:38:00,Weekend vibes at the Toronto! 🤷,personal_update,positive,en,0,33,9,4,0
2596,2024-09-23 19:24:00,Me: I’ll sleep early. Also me at 3am: 🔥,meme_joke,positive,en,0,62,9,15,0
1064,2025-06-20 20:20:00,Use code WELCOME10 for free shipping on sneakers.,promotion,positive,es,0,26,9,4,0
2591,2024-10-19 16:21:00,Reminder: drink water and stretch today! 🤷,health_wellness,neutral,de,0,29,6,4,0
243,2024-10-30 05:00:00,"Hi Acme, my order #68455 hasn’t arrived. Please help.",customer_support,positive,en,0,30,11,6,0
1161,2023-11-24 07:53:00,Tough loss for Tigers. Refs were wild.,sports,positive,de,0,78,25,13,0
2871,2025-02-06 11:56:00,Use code WELCOME10 for free shipping on sneakers.,promotion,negative,en,1,25,8,5,0
3736,2024-09-23 17:00:00,Updating to say sneakers performance improved after patch.,product_feedback,positive,es,0,51,8,7,0
2398,2024-07-29 01:27:00,Tigers with an unbelievable win tonight! #Fitness,sports,positive,fr,0,32,11,6,0
3518,2023-07-12 08:55:00,Breaking: concert announcement just happened in London. Details emerging. #News,news,positive,hi,0,130,46,31,0
3422,2024-08-12 05:27:00,Updating to say headphones performance improved after patch.,product_feedback,negative,fr,0,17,5,1,0
2564,2024-04-08 16:45:00,New bill on privacy law passes in Sydney.,politics,negative,en,0,68,16,17,0
1606,2024-06-01 14:20:00,Just had biryani with friends. So good! 😂,personal_update,positive,fr,0,80,17,16,0
4829,2025-05-06 07:10:00,Debate tonight on privacy law. What are your thoughts?,politics,neutral,en,0,18,3,1,0
2325,2024-09-16 16:51:00,Latest update on data breach: authorities confirm new info.,news,neutral,es,1,58,9,14,0
2710,2025-06-21 16:57:00,Missed my mom today. 🥲,personal_update,positive,en,0,28,10,4,0
4399,2024-06-12 04:18:00,Opinion: healthcare will impact small businesses the most.,politics,neutral,en,0,11,1,0,0
1313,2024-07-25 03:24:00,Meetup at Delhi for music festival. RSVP below.,event,neutral,en,1,21,7,2,0
3449,2024-10-28 12:51:00,Photos from charity run are up—tag yourself!,event,positive,en,1,94,13,5,0
3813,2023-12-19 19:31:00,New bill on tax policy passes in Delhi.,politics,neutral,en,0,17,3,1,0
4656,2025-03-06 03:22:00,Join us at the community fair this Sunday! Tickets available now. #Sale,event,neutral,de,0,25,3,4,0
2363,2024-12-04 02:24:00,POV: You at 8am meetings 🔥🔥,meme_joke,positive,en,0,48,5,2,0
1976,2023-01-11 07:56:00,Photos from community fair are up—tag yourself!,event,positive,en,0,67,12,10,0
3515,2023-03-09 17:52:00,Me: I’ll sleep early. Also me at 3am: 🥲,meme_joke,positive,en,0,86,16,10,0
1762,2023-09-22 12:27:00,Breaking: concert announcement just happened in Delhi. Details emerging. #News,news,neutral,en,1,97,38,15,0
2740,2024-12-31 09:53:00,New drop: headphones! Grab yours today.,promotion,neutral,hi,0,26,4,7,0
4845,2025-07-01 02:06:00,The sneakers design is sleek but camera needs work.,product_feedback,positive,es,0,23,6,1,0
2473,2025-07-30 07:59:00,Updating to say sneakers performance improved after patch.,product_feedback,positive,en,0,56,14,8,0
4008,2023-08-01 19:30:00,Photos from book club are up—tag yourself!,event,positive,en,0,31,8,4,0
1494,2025-04-29 05:17:00,New drop: sneakers! Grab yours today.,promotion,neutral,fr,1,11,3,0,0
4207,2025-01-27 06:50:00,The Initech app keeps crashing after update.,customer_support,negative,en,0,19,4,4,0
2159,2024-03-03 09:37:00,Debate tonight on education reform. What are your thoughts?,politics,neutral,en,0,24,3,5,0
1170,2023-03-24 13:26:00,Matchday! City vs Lions at 8pm. Predictions?,sports,neutral,de,1,52,18,11,0
4517,2024-11-30 21:37:00,Latest update on market rally: authorities confirm new info.,news,positive,en,1,131,20,25,0
233,2023-06-10 23:18:00,Exclusive: coffee maker bundle for $282!,promotion,positive,fr,1,18,6,4,0
67,2023-08-24 07:29:00,Debate tonight on healthcare. What are your thoughts?,politics,neutral,hi,0,73,16,10,0
1604,2023-05-12 21:33:00,Tigers with an unbelievable win tonight! #News,sports,positive,en,0,45,12,3,0
3284,2023-08-08 02:26:00,Updating to say sneakers performance improved after patch.,product_feedback,positive,en,1,22,6,6,0
3597,2025-03-14 21:54:00,Missed my brother today. 🔥,personal_update,neutral,en,0,20,5,5,0
126,2023-03-09 06:42:00,Exclusive: coffee maker bundle for $279!,promotion,negative,en,1,50,13,2,0
1297,2025-06-03 17:16:00,Mental health matters. Take a break. 🥲,health_wellness,neutral,es,0,44,9,11,0
1977,2024-10-17 05:43:00,"New day, new goals. #Sale 🤷",personal_update,neutral,hi,0,49,11,14,0
4518,2023-12-28 20:12:00,Meetup at Toronto for charity run. RSVP below.,event,neutral,en,0,34,12,3,0
4482,2023-07-14 19:31:00,"Hi Globex, my order #97593 hasn’t arrived. Please help.",customer_support,positive,en,1,29,4,2,0
2076,2023-09-27 03:37:00,Friend: ‘We should work out.’ Us: 😴,meme_joke,positive,en,0,77,8,16,0
3087,2024-10-19 22:50:00,Weekend vibes at the Delhi! 😴,personal_update,positive,en,1,70,15,20,0
4346,2025-05-23 14:25:00,Debate tonight on privacy law. What are your thoughts?,politics,neutral,es,0,19,4,2,0
3346,2025-04-06 19:05:00,Missed my dad today. 😴,personal_update,negative,en,0,23,8,1,0
4465,2023-08-30 04:51:00,Friend: ‘We should work out.’ Us: 🥲,meme_joke,positive,de,1,121,48,24,0
2798,2024-03-07 06:40:00,Report: concert announcement could affect commuters.,news,negative,hi,1,104,20,9,0
919,2023-02-08 12:59:00,Reminder: drink water and stretch today! 😴,health_wellness,positive,en,0,17,2,1,0
1647,2025-07-24 19:12:00,When you open the fridge and forget why you came: 🙌 #relatable,meme_joke,positive,de,1,62,12,10,0
365,2024-10-19 15:25:00,New drop: laptop! Grab yours today.,promotion,neutral,en,1,41,7,8,0
3288,2023-01-20 16:39:00,Livestream starts at 10am! Don’t miss the tech summit.,event,neutral,en,1,62,15,17,0
2126,2025-03-09 21:53:00,Opinion: privacy law will impact small businesses the most.,politics,positive,hi,0,60,10,5,0
4124,2023-06-04 10:53:00,City with an unbelievable win tonight! #Tech,sports,positive,de,0,31,9,5,0
526,2024-02-28 04:47:00,Feeling tired today! 🔥 #News,personal_update,positive,en,0,61,19,7,0
56,2024-04-05 07:09:00,Fact check: claims about privacy law and taxes.,politics,neutral,en,0,44,7,3,0
639,2024-04-30 09:08:00,"Refund request for defective sneakers, DM sent.",customer_support,neutral,hi,0,18,2,3,0
303,2025-03-20 15:02:00,Tough loss for Lions. Refs were wild.,sports,positive,en,0,78,21,14,0
2767,2024-02-13 00:11:00,New bill on healthcare passes in London.,politics,neutral,en,0,46,11,6,0
1277,2023-09-25 12:03:00,Weekend vibes at the Delhi! 😅,personal_update,neutral,en,1,55,6,15,0
2056,2025-03-20 14:40:00,Starting a 30-day meditation challenge. Who’s in?,health_wellness,positive,en,0,31,8,1,0
3645,2025-07-27 10:26:00,"New day, new goals. #Health 😴",personal_update,positive,de,0,13,2,0,0
4144,2024-09-13 06:42:00,Buy 1 get 1 on all coffee maker until Thursday.,promotion,positive,en,0,64,19,9,0
2879,2024-11-02 13:04:00,Fact check: claims about healthcare and taxes.,politics,neutral,en,0,4,1,0,0
4203,2024-10-08 18:38:00,When you open the fridge and forget why you came: 🤷 #relatable,meme_joke,positive,en,0,165,46,47,0
2287,2023-06-08 04:43:00,Not impressed with Globex's coffee maker build quality.,product_feedback,neutral,en,1,16,5,2,0
2262,2025-04-01 06:41:00,Join us at the music festival this Monday! Tickets available now. #Event,event,positive,en,1,53,10,6,0
2297,2023-07-30 05:51:00,Buy 1 get 1 on all sneakers until Saturday.,promotion,neutral,en,0,9,2,2,0
1754,2023-07-05 04:29:00,New bill on education reform passes in Toronto.,politics,negative,de,0,47,7,10,0
1969,2024-09-03 19:56:00,Livestream starts at 2pm! Don’t miss the community fair.,event,neutral,en,0,57,11,5,0
4352,2024-03-29 05:40:00,Just had sushi with friends. So good! 😀,personal_update,negative,en,0,37,6,8,0
3118,2025-04-15 07:49:00,Fact check: claims about healthcare and taxes.,politics,positive,en,0,82,29,9,0
2394,2023-10-05 04:11:00,Heads up: power outage expected later this week.,news,neutral,en,1,119,31,15,0
524,2024-05-19 22:21:00,Friend: ‘We should work out.’ Us: 🤷,meme_joke,positive,de,0,81,15,7,0
3901,2025-04-24 18:02:00,Lions with an unbelievable win tonight! #Event,sports,positive,en,0,58,16,9,0
3123,2023-07-18 21:08:00,Opinion: tax policy will impact small businesses the most.,politics,positive,en,0,45,11,9,0
4157,2024-08-13 07:26:00,Tough loss for Tigers. Refs were wild.,sports,negative,hi,0,93,30,22,0
1970,2023-10-18 09:02:00,Tough loss for Tigers. Refs were wild.,sports,positive,en,0,18,2,3,0
672,2024-04-18 14:09:00,Opinion: education reform will impact small businesses the most.,politics,neutral,en,0,51,16,7,0
4189,2025-05-16 05:34:00,Countdown to community fair: only 4 days left!,event,neutral,de,0,21,2,4,0
667,2024-01-29 08:30:00,Fact check: claims about climate action and taxes.,politics,negative,fr,0,78,28,15,0
4339,2025-03-02 17:01:00,When you open the fridge and forget why you came: 🥲 #relatable,meme_joke,positive,de,0,81,9,6,0
1888,2023-06-13 08:53:00,Friend: ‘We should work out.’ Us: 🤔,meme_joke,positive,de,0,139,19,40,0
3267,2023-09-23 11:26:00,Heads up: concert announcement expected later this week.,news,neutral,de,1,110,38,17,0
281,2024-06-30 14:08:00,Missed my sister today. 😀,personal_update,positive,fr,0,71,26,8,0
1720,2025-03-05 21:10:00,Matchday! Warriors vs Warriors at 8pm. Predictions?,sports,neutral,hi,0,7,2,2,0
2948,2025-05-13 06:39:00,Breaking: concert announcement just happened in Toronto. Details emerging. #Tech,news,neutral,es,1,65,11,9,0
900,2024-07-30 00:36:00,New drop: sneakers! Grab yours today.,promotion,positive,en,0,8,2,0,0
4851,2024-05-18 16:56:00,"Hi Acme, my order #18586 hasn’t arrived. Please help.",customer_support,negative,es,0,17,6,4,0
761,2023-10-31 18:30:00,Report: power outage could affect commuters.,news,positive,en,0,35,7,6,0
1907,2024-07-07 12:04:00,Missed my dad today. 💪,personal_update,positive,de,0,54,16,6,0
4043,2024-10-14 22:39:00,Countdown to tech summit: only 4 days left!,event,neutral,en,1,96,24,17,0
3824,2024-04-11 01:09:00,This cat has more confidence than me 😂,meme_joke,positive,en,0,55,13,4,0
4139,2025-06-23 02:18:00,Thanks Acme support for resolving my issue fast!,customer_support,negative,hi,0,7,2,1,0
3819,2023-11-25 22:29:00,Matchday! United vs Lions at 8pm. Predictions?,sports,positive,en,0,51,14,8,0
4301,2023-10-21 12:03:00,FLASH SALE: headphones at 70% off. Limited time! #Sports,promotion,positive,hi,1,67,16,16,0
2594,2023-04-04 10:24:00,Use code FREESHIP for free shipping on sneakers.,promotion,positive,en,0,8,3,1,0
4165,2024-04-26 03:03:00,Starting a 30-day meditation challenge. Who’s in?,health_wellness,negative,en,0,59,13,13,0
3032,2025-05-24 19:06:00,Livestream starts at 10am! Don’t miss the tech summit.,event,positive,fr,1,117,45,6,0
3580,2023-03-09 05:01:00,The Globex app keeps crashing after update.,customer_support,negative,en,0,4,1,0,0
2833,2024-10-16 22:49:00,New bill on privacy law passes in Toronto.,politics,negative,en,1,29,3,2,0
3473,2023-08-09 21:21:00,"New day, new goals. #News 🥲",personal_update,positive,en,0,9,1,1,0
138,2024-02-09 12:37:00,This cat has more confidence than me 💖,meme_joke,positive,en,1,80,26,11,0
2181,2025-05-09 16:06:00,Friend: ‘We should work out.’ Us: 😀,meme_joke,positive,de,1,109,29,26,0
2129,2024-11-18 07:36:00,Transfer rumor: K. Garcia to Warriors?,sports,negative,en,0,17,1,4,0
3178,2023-05-02 14:06:00,Feature request: please add dark mode to headphones.,product_feedback,positive,es,0,29,8,1,0
4368,2024-05-02 08:24:00,New drop: headphones! Grab yours today.,promotion,neutral,de,1,42,10,4,0
4262,2024-01-07 17:34:00,Exclusive: headphones bundle for $62!,promotion,positive,en,1,58,14,16,0
4345,2023-01-06 21:18:00,Having trouble logging into my Stark account—any fix?,customer_support,negative,de,0,8,3,0,0
1332,2025-04-18 05:07:00,Breaking: power outage just happened in Berlin. Details emerging. #Sports,news,neutral,fr,1,66,10,4,0
2018,2023-04-16 03:22:00,Missed my dad today. 🤷,personal_update,neutral,en,0,46,14,11,0
2483,2025-08-07 09:14:00,POV: You at 8am meetings 😴😴,meme_joke,positive,en,0,34,5,2,0
1359,2023-05-29 14:58:00,Photos from charity run are up—tag yourself!,event,positive,fr,1,41,15,10,0
1330,2023-09-28 17:46:00,Missed my grandma today. 🙌,personal_update,positive,en,1,10,2,1,0
2151,2023-02-04 07:14:00,The Globex app keeps crashing after update.,customer_support,neutral,en,0,8,0,1,0
2123,2023-01-21 18:10:00,POV: You at 8am meetings 🤷🤷,meme_joke,positive,en,0,19,6,1,0
3982,2025-06-05 16:03:00,Exclusive: laptop bundle for $229!,promotion,positive,en,0,14,5,2,0
1253,2024-11-18 03:27:00,The Globex app keeps crashing after update.,customer_support,negative,en,0,3,0,0,0
3279,2023-02-06 16:10:00,"Hi Acme, my order #76259 hasn’t arrived. Please help.",customer_support,negative,en,0,20,2,4,0
3375,2024-10-12 22:07:00,POV: You at 8am meetings 💪💪,meme_joke,positive,en,0,108,27,9,0
2815,2024-12-05 01:06:00,Meetup at Berlin for tech summit. RSVP below.,event,neutral,hi,1,63,14,17,0
1849,2024-10-22 15:45:00,Just had ramen with friends. So good! 🙌,personal_update,negative,de,0,36,9,5,0
3038,2024-08-23 08:41:00,The headphones design is sleek but camera needs work.,product_feedback,neutral,de,0,18,1,1,0
389,2023-08-07 09:32:00,Heads up: data breach expected later this week.,news,neutral,en,1,34,11,8,0
236,2024-06-03 11:07:00,Rally at Toronto calling for healthcare reform.,politics,positive,en,0,11,3,1,0
1078,2023-05-31 14:11:00,Not impressed with Globex's smartwatch build quality.,product_feedback,neutral,en,0,21,5,4,0
1985,2023-03-15 18:43:00,Breaking: market rally just happened in Delhi. Details emerging. #News,news,neutral,en,0,120,45,27,0
4364,2025-04-23 12:24:00,Not impressed with Initech's coffee maker build quality.,product_feedback,neutral,en,0,4,1,1,0
3963,2024-05-05 21:57:00,Weekend vibes at the Berlin! 🎉,personal_update,neutral,de,0,58,11,3,0
771,2025-06-16 00:00:00,FLASH SALE: smartwatch at 60% off. Limited time! #Tech,promotion,positive,es,1,68,15,17,0
2166,2024-08-13 18:16:00,Buy 1 get 1 on all sneakers until Saturday.,promotion,positive,es,1,18,5,3,0
674,2025-01-14 17:58:00,Missed my grandma today. 🔥,personal_update,negative,es,0,48,7,6,0
250,2024-06-14 18:42:00,POV: You at 8am meetings 🥲🥲,meme_joke,positive,en,0,97,18,28,0
1575,2023-06-20 04:18:00,Reminder: drink water and stretch today! 😴,health_wellness,positive,en,0,50,19,6,0
3420,2024-02-07 11:51:00,Feeling happy today! 💖 #Tech,personal_update,neutral,es,0,12,1,3,0
2082,2024-09-01 18:11:00,POV: You at 8am meetings 🤔🤔,meme_joke,positive,de,1,41,5,6,0
1824,2023-11-30 13:54:00,"New day, new goals. #Fitness 😴",personal_update,neutral,hi,0,18,2,3,0
717,2024-11-25 00:30:00,Just had pasta with friends. So good! 😴,personal_update,positive,fr,0,45,7,12,0
4669,2025-03-03 18:06:00,Meetup at Berlin for book club. RSVP below.,event,neutral,en,0,20,5,2,0
2049,2023-02-21 19:50:00,Just had ramen with friends. So good! 🔥,personal_update,positive,es,0,45,12,4,0
4179,2024-03-24 11:48:00,Weekend vibes at the Mumbai! 🙌,personal_update,positive,hi,0,78,27,15,0
2725,2023-07-04 09:42:00,"Hi Acme, my order #16608 hasn’t arrived. Please help.",customer_support,negative,en,0,15,2,1,0
4522,2024-10-10 23:29:00,FLASH SALE: laptop at 40% off. Limited time! #LOL,promotion,positive,de,1,62,8,15,0
1461,2025-05-11 06:30:00,Friend: ‘We should work out.’ Us: 🙌,meme_joke,positive,en,0,25,7,6,0
1669,2024-01-28 13:21:00,Heads up: market rally expected later this week.,news,positive,en,1,85,13,16,0
2757,2024-08-11 08:08:00,Just had tacos with friends. So good! 🤔,personal_update,positive,en,0,27,2,3,0
2001,2024-03-02 21:33:00,Friend: ‘We should work out.’ Us: 💖,meme_joke,neutral,en,0,110,22,19,0
405,2025-02-11 23:21:00,Weekend vibes at the Delhi! 🎉,personal_update,neutral,en,0,34,4,9,0
385,2023-06-24 11:41:00,Meetup at Mumbai for music festival. RSVP below.,event,neutral,en,1,74,16,15,0
4536,2024-12-25 19:48:00,Having trouble logging into my Globex account—any fix?,customer_support,negative,en,0,12,2,2,0
2153,2023-12-12 06:36:00,Opinion: healthcare will impact commuters the most.,politics,neutral,en,1,58,9,15,0
1634,2024-03-02 21:08:00,Missed my dad today. 😀,personal_update,positive,en,0,79,9,12,0
4587,2023-06-11 11:52:00,Transfer rumor: R. Patel to Warriors?,sports,neutral,en,0,86,8,18,0
3926,2025-02-02 04:29:00,The coffee maker design is sleek but camera needs work.,product_feedback,neutral,fr,0,17,1,3,0
4159,2025-05-29 11:57:00,Me: I’ll sleep early. Also me at 3am: 😴,meme_joke,positive,en,0,25,6,2,0
224,2025-07-01 21:37:00,Feeling grateful today! 🥲 #MondayMotivation,personal_update,neutral,en,1,52,13,6,0
2194,2023-11-25 00:12:00,Just had tacos with friends. So good! 🤔,personal_update,positive,hi,0,50,7,10,0
3137,2025-04-04 04:10:00,New drop: smartwatch! Grab yours today.,promotion,neutral,en,1,17,3,1,0
1825,2024-08-18 23:47:00,Photos from music festival are up—tag yourself!,event,positive,en,0,70,23,18,0
4601,2024-10-09 21:50:00,Just had pasta with friends. So good! 😀,personal_update,neutral,en,0,51,20,9,0
798,2023-04-28 02:58:00,POV: You at 8am meetings 🙌🙌,meme_joke,neutral,hi,0,95,23,19,0
2872,2024-04-23 19:27:00,Just had pasta with friends. So good! 💖,personal_update,positive,fr,0,12,2,2,0
10,2023-12-08 04:40:00,Exclusive: smartwatch bundle for $158!,promotion,positive,en,0,57,19,3,0
1945,2024-04-24 19:19:00,"Hi Umbrella, my order #66382 hasn’t arrived. Please help.",customer_support,negative,en,0,11,1,1,0
1839,2024-01-19 14:58:00,Missed my dad today. 😅,personal_update,neutral,en,1,17,2,3,0
256,2025-01-10 23:13:00,Feeling tired today! 😀 #Sports,personal_update,negative,fr,0,12,4,1,0
4509,2024-11-25 22:36:00,This cat has more confidence than me 🤷,meme_joke,neutral,en,0,67,8,6,0
1582,2023-01-07 15:03:00,Weekend vibes at the London! 💖,personal_update,negative,en,0,53,9,8,0
2957,2024-01-04 07:57:00,"Refund request for defective sneakers, DM sent.",customer_support,neutral,fr,0,2,0,0,0
925,2025-03-17 08:49:00,Mental health matters. Take a break. 😴,health_wellness,positive,de,0,79,18,15,0
4430,2023-01-25 11:54:00,Feature request: please add offline sync to sneakers.,product_feedback,negative,en,0,34,11,9,0
2509,2025-02-25 02:51:00,Livestream starts at 10am! Don’t miss the charity run.,event,neutral,en,0,82,19,13,0
3776,2023-08-11 13:17:00,Debate tonight on tax policy. What are your thoughts?,politics,neutral,en,0,17,3,4,0
4137,2024-02-18 17:43:00,Buy 1 get 1 on all headphones until Monday.,promotion,positive,hi,1,30,10,2,0
2780,2024-11-28 22:59:00,Use code SAVE20 for free shipping on coffee maker.,promotion,neutral,hi,1,37,9,5,0
540,2023-05-04 17:00:00,Report: data breach could affect seniors.,news,neutral,hi,0,86,15,4,0
2746,2025-04-01 13:54:00,Photos from book club are up—tag yourself!,event,positive,en,0,89,34,22,0
4499,2025-03-04 01:55:00,Meetup at New York for tech summit. RSVP below.,event,positive,de,1,78,15,9,0
4572,2024-02-24 07:59:00,Weekend vibes at the Toronto! 🙌,personal_update,negative,fr,0,44,8,10,0
1146,2024-12-02 02:15:00,FLASH SALE: smartwatch at 50% off. Limited time! #News,promotion,positive,de,0,6,1,0,0
668,2024-02-05 18:02:00,"Refund request for defective smartwatch, DM sent.",customer_support,negative,es,1,5,0,1,0
3020,2023-06-18 17:29:00,Lions with an unbelievable win tonight! #Fitness,sports,positive,en,0,118,36,28,0
358,2024-05-09 09:58:00,Missed my grandma today. 😀,personal_update,positive,de,1,33,12,6,0
2832,2023-04-18 09:11:00,Breaking: concert announcement just happened in Toronto. Details emerging. #Breaking,news,neutral,en,0,103,14,26,0
2784,2025-01-26 15:18:00,Report: power outage could affect commuters.,news,neutral,en,0,102,23,5,0
1354,2024-05-29 05:44:00,Exclusive: coffee maker bundle for $250!,promotion,neutral,en,0,14,3,1,0
471,2024-08-30 12:54:00,Just had sushi with friends. So good! 🤔,personal_update,positive,en,0,26,5,5,0
2704,2023-10-02 06:12:00,New drop: headphones! Grab yours today.,promotion,neutral,en,0,38,15,5,0
3331,2025-03-21 15:06:00,Exclusive: headphones bundle for $239!,promotion,neutral,de,1,9,3,2,1
3638,2024-11-24 16:51:00,Transfer rumor: K. Garcia to Royals?,sports,positive,fr,0,120,32,14,0
1397,2024-02-22 21:55:00,Meetup at Delhi for community fair. RSVP below.,event,neutral,en,1,63,23,16,0
3585,2025-07-10 14:10:00,Mental health matters. Take a break. 😂,health_wellness,positive,en,0,50,15,12,0
4487,2023-10-15 11:59:00,When you open the fridge and forget why you came: 🥲 #relatable,meme_joke,neutral,en,0,44,8,4,0
3377,2023-01-26 03:07:00,Public health update: market rally cases rising in Delhi.,health_wellness,positive,fr,0,45,15,5,0
1257,2023-04-21 04:28:00,Mental health matters. Take a break. 😂,health_wellness,positive,es,1,24,8,2,0
3513,2023-03-30 03:20:00,Feature request: please add faster charging to headphones.,product_feedback,neutral,en,0,25,4,2,0
1251,2024-05-28 06:55:00,Livestream starts at 2pm! Don’t miss the tech summit.,event,positive,es,0,60,16,13,0
4808,2023-11-25 04:25:00,Updating to say headphones performance improved after patch.,product_feedback,negative,en,1,6,1,1,0
4299,2024-08-03 19:48:00,Missed my grandma today. 🔥,personal_update,positive,fr,0,16,5,1,0
3285,2024-09-28 19:05:00,Tough loss for Lions. Refs were wild.,sports,positive,fr,0,39,7,7,0
2934,2023-08-19 05:18:00,Heads up: policy change expected later this week.,news,positive,fr,0,134,38,31,0
4176,2024-12-31 21:51:00,Feeling grateful today! 😅 #Breaking,personal_update,positive,en,0,52,11,11,0
1853,2025-04-14 16:52:00,Tried low-carb for a week—here’s how I feel.,health_wellness,positive,es,0,42,5,5,0
4870,2023-02-23 21:53:00,Livestream starts at 2pm! Don’t miss the charity run.,event,positive,en,1,78,23,14,0
2106,2024-01-12 19:43:00,Buy 1 get 1 on all coffee maker until Thursday.,promotion,positive,en,0,57,15,15,0
134,2023-03-12 07:24:00,Loving the new Umbrella laptop! Battery lasts all day.,product_feedback,negative,es,0,21,7,4,0
929,2023-03-29 10:20:00,Opinion: privacy law will impact seniors the most.,politics,negative,hi,1,5,0,0,0
824,2024-04-01 23:43:00,Livestream starts at 10am! Don’t miss the book club.,event,positive,en,1,62,15,6,0
4544,2025-06-27 10:52:00,"New day, new goals. #MondayMotivation 🥲",personal_update,positive,en,0,77,29,20,0
1532,2024-11-19 22:18:00,Latest update on policy change: authorities confirm new info.,news,negative,en,0,48,14,11,0
1215,2023-08-17 12:49:00,Tried vegan for a week—here’s how I feel.,health_wellness,positive,fr,1,47,11,4,0
505,2023-02-11 03:15:00,Debate tonight on privacy law. What are your thoughts?,politics,positive,en,1,71,24,8,0
4286,2025-02-16 10:27:00,Use code WELCOME10 for free shipping on smartwatch.,promotion,positive,fr,0,17,3,5,0
1997,2025-03-03 13:54:00,Loving the new Initech headphones! Battery lasts all day.,product_feedback,negative,en,0,9,1,1,0
3073,2023-10-20 02:35:00,Weekend vibes at the New York! 💪,personal_update,positive,es,0,47,7,12,0
1959,2024-09-27 01:53:00,When you open the fridge and forget why you came: 💪 #relatable,meme_joke,positive,en,0,156,39,20,0
1385,2024-03-23 23:35:00,Warriors with an unbelievable win tonight! #News,sports,positive,en,0,92,22,7,0
895,2025-04-10 03:04:00,Feeling meh today! 🥲 #MondayMotivation,personal_update,negative,es,0,43,16,11,0
456,2023-07-16 10:33:00,Meetup at Berlin for book club. RSVP below.,event,neutral,es,1,80,12,23,0
4880,2023-10-13 05:08:00,Latest update on policy change: authorities confirm new info.,news,negative,en,0,83,31,23,0
3710,2023-11-12 07:49:00,"New day, new goals. #Event 😴",personal_update,neutral,en,0,30,10,4,0
4619,2024-12-04 01:11:00,Updating to say sneakers performance improved after patch.,product_feedback,neutral,en,0,34,10,6,0
4269,2024-04-15 07:26:00,"Refund request for defective headphones, DM sent.",customer_support,negative,en,0,3,0,0,0
3523,2023-05-18 06:46:00,Friend: ‘We should work out.’ Us: 🎉,meme_joke,neutral,en,0,124,26,34,0
4135,2023-10-13 13:37:00,Weekend vibes at the Sydney! 😴,personal_update,neutral,en,0,40,7,5,0
3603,2024-08-11 20:51:00,Tried keto for a week—here’s how I feel.,health_wellness,neutral,en,0,42,7,5,0
714,2025-04-28 00:45:00,Livestream starts at 6pm! Don’t miss the community fair.,event,positive,en,1,44,4,4,0
4187,2024-02-03 20:02:00,Me: I’ll sleep early. Also me at 3am: 😂,meme_joke,positive,hi,0,25,4,5,0
2215,2023-12-29 21:35:00,Report: power outage could affect seniors.,news,neutral,fr,0,101,11,12,0
2924,2023-04-04 20:05:00,Missed my mom today. 🙌,personal_update,positive,en,0,31,5,9,0
1811,2023-12-13 20:22:00,Mental health matters. Take a break. 🤔,health_wellness,positive,en,0,34,13,9,0
3487,2023-06-30 04:54:00,FLASH SALE: coffee maker at 20% off. Limited time! #Fitness,promotion,positive,de,1,57,7,4,0
3142,2025-05-21 21:35:00,New drop: coffee maker! Grab yours today.,promotion,neutral,fr,1,24,9,2,0
1828,2025-07-19 02:35:00,Loving the new Globex smartwatch! Battery lasts all day.,product_feedback,negative,en,0,22,5,2,0
1156,2023-12-29 18:23:00,Feeling excited today! 💪 #Tech,personal_update,positive,en,1,73,27,4,0
1325,2025-05-15 09:39:00,Thanks Acme support for resolving my issue fast!,customer_support,negative,en,0,3,0,0,0
4313,2023-05-24 04:22:00,The coffee maker design is sleek but camera needs work.,product_feedback,positive,es,1,42,6,11,0
511,2024-03-29 20:26:00,Matchday! United vs Royals at 10am. Predictions?,sports,neutral,en,0,86,22,23,0
1681,2024-08-29 19:55:00,Exclusive: laptop bundle for $115!,promotion,neutral,fr,1,16,2,1,0
500,2023-07-29 06:13:00,Feeling happy today! 🤔 #Tech,personal_update,positive,hi,0,12,4,1,0
4537,2023-06-28 18:19:00,New drop: sneakers! Grab yours today.,promotion,positive,en,0,64,9,15,0
1857,2024-01-16 00:31:00,Having trouble logging into my Globex account—any fix?,customer_support,negative,es,0,18,5,3,0
1389,2024-02-12 15:04:00,Report: policy change could affect small businesses.,news,neutral,es,0,14,5,1,0
3720,2024-12-06 09:22:00,Heads up: weather alert expected later this week.,news,negative,en,0,71,17,12,0
2387,2025-03-29 03:11:00,Exclusive: laptop bundle for $228!,promotion,positive,en,1,27,5,5,0
3237,2023-02-11 14:26:00,Feature request: please add offline sync to smartwatch.,product_feedback,neutral,fr,0,25,6,4,0
1541,2023-04-16 11:46:00,Weekend vibes at the London! 😀,personal_update,positive,en,0,34,6,8,0
1218,2023-02-10 23:43:00,In-depth: What power outage means for New York.,news,positive,de,0,76,28,18,0
2682,2024-10-23 20:51:00,Missed my sister today. 🙌,personal_update,neutral,fr,0,58,22,5,0
2994,2024-08-19 00:56:00,Weekend vibes at the New York! 😅,personal_update,neutral,de,0,51,19,5,0
1192,2023-02-22 07:22:00,Me: I’ll sleep early. Also me at 3am: 🎉,meme_joke,neutral,es,0,71,8,17,0
1543,2025-03-21 01:35:00,Thanks Globex support for resolving my issue fast!,customer_support,negative,en,0,6,1,1,0
3302,2023-11-28 19:31:00,Feeling grateful today! 💖 #Breaking,personal_update,negative,en,1,17,2,4,0
3325,2023-03-06 02:45:00,New drop: smartwatch! Grab yours today.,promotion,positive,en,0,56,13,16,0
2540,2023-05-25 23:34:00,Debate tonight on privacy law. What are your thoughts?,politics,positive,en,0,39,3,11,0
954,2024-04-27 00:44:00,Exclusive: laptop bundle for $203!,promotion,positive,de,1,59,5,13,0
4331,2024-12-25 08:08:00,Feature request: please add dark mode to smartwatch.,product_feedback,neutral,en,0,6,0,1,0
733,2024-08-10 04:26:00,Updating to say sneakers performance improved after patch.,product_feedback,neutral,en,0,9,1,1,0
1157,2023-02-11 11:37:00,Me: I’ll sleep early. Also me at 3am: 🎉,meme_joke,positive,en,1,130,25,26,0
3295,2023-04-19 06:09:00,Use code BUNDLE for free shipping on headphones.,promotion,positive,en,1,21,7,5,0
2983,2023-07-10 10:04:00,Countdown to community fair: only 13 days left!,event,neutral,es,0,47,6,13,0
2157,2023-10-06 03:21:00,Exclusive: sneakers bundle for $75!,promotion,neutral,en,1,6,1,1,0
1063,2025-02-26 17:12:00,Record broken: M. Khan sets new high for runs.,sports,neutral,en,0,81,10,11,0
2617,2024-05-07 07:16:00,United with an unbelievable win tonight! #Tech,sports,neutral,fr,0,78,17,13,0
1168,2025-02-05 19:43:00,Heads up: data breach expected later this week.,news,neutral,en,1,48,10,13,0
3223,2023-01-18 00:10:00,"New day, new goals. #Sports 😀",personal_update,positive,fr,0,27,3,2,0
3637,2025-07-27 08:52:00,Reminder: drink water and stretch today! 🤔,health_wellness,positive,en,1,26,5,7,0
2939,2023-08-21 03:56:00,Transfer rumor: M. Khan to Tigers?,sports,positive,en,0,108,18,19,0
4492,2025-01-31 01:15:00,This cat has more confidence than me 😅,meme_joke,positive,en,0,49,12,4,0
3141,2025-02-24 17:32:00,Loving the new Globex coffee maker! Battery lasts all day.,product_feedback,positive,de,1,57,17,6,0
144,2025-08-08 10:26:00,"New day, new goals. #Fitness 🔥",personal_update,positive,es,0,23,8,4,0
3578,2024-06-11 19:01:00,Updating to say smartwatch performance improved after patch.,product_feedback,negative,fr,0,39,5,2,0
2783,2024-09-07 08:07:00,"New day, new goals. #LOL 🔥",personal_update,neutral,en,0,48,7,5,0
718,2025-02-16 18:24:00,Meetup at Mumbai for tech summit. RSVP below.,event,positive,en,1,60,9,7,0
1820,2024-05-03 00:21:00,Friend: ‘We should work out.’ Us: 🥲,meme_joke,positive,de,0,135,48,14,0
2503,2025-05-23 21:51:00,New drop: smartwatch! Grab yours today.,promotion,positive,hi,1,54,10,8,0
4361,2025-03-20 05:54:00,Buy 1 get 1 on all smartwatch until Thursday.,promotion,neutral,es,0,21,4,2,0
4172,2024-01-10 07:23:00,Missed my sister today. 💖,personal_update,positive,fr,0,27,9,4,0
396,2023-05-08 02:11:00,Join us at the tech summit this Thursday! Tickets available now. #Event,event,positive,de,0,34,11,6,0
4837,2024-08-11 13:53:00,Just had tacos with friends. So good! 🎉,personal_update,negative,de,0,6,2,1,0
4493,2024-04-12 01:02:00,Feature request: please add dark mode to laptop.,product_feedback,positive,fr,0,58,13,6,0
1366,2024-03-01 05:20:00,Weekend vibes at the Delhi! 😅,personal_update,positive,en,1,47,13,9,0
4559,2024-01-23 16:18:00,Fact check: claims about healthcare and taxes.,politics,neutral,en,0,53,10,6,0
596,2023-06-07 11:35:00,Fact check: claims about healthcare and taxes.,politics,positive,en,0,17,5,2,0
3953,2025-07-15 05:34:00,POV: You at 8am meetings 🎉🎉,meme_joke,positive,fr,0,146,46,15,0
2915,2025-07-28 17:40:00,Just had tacos with friends. So good! 🔥,personal_update,neutral,en,0,39,12,3,0
2327,2023-07-01 00:42:00,In-depth: What power outage means for Sydney.,news,neutral,fr,1,62,16,3,0
3767,2023-10-22 23:16:00,Friend: ‘We should work out.’ Us: 🔥,meme_joke,neutral,de,0,12,1,2,0
3441,2023-12-20 01:39:00,Buy 1 get 1 on all smartwatch until Saturday.,promotion,positive,fr,1,69,10,3,0
3852,2024-08-08 17:40:00,Buy 1 get 1 on all laptop until Sunday.,promotion,positive,es,0,64,11,6,0
4133,2024-07-05 07:05:00,Transfer rumor: J. Smith to Tigers?,sports,neutral,en,0,45,10,3,0
4592,2025-02-04 10:03:00,Opinion: tax policy will impact students the most.,politics,negative,de,0,46,7,13,0
2144,2023-04-03 05:58:00,Meetup at Berlin for community fair. RSVP below.,event,positive,en,1,104,21,12,0
1572,2023-02-04 00:13:00,Exclusive: laptop bundle for $29!,promotion,positive,es,1,63,13,3,0
4080,2024-11-05 16:46:00,Record broken: M. Khan sets new high for goals.,sports,positive,hi,0,14,3,1,0
1123,2025-04-16 15:52:00,Rally at London calling for privacy law reform.,politics,negative,en,1,2,0,0,0
2787,2025-05-26 21:52:00,Starting a 30-day strength challenge. Who’s in?,health_wellness,positive,de,0,66,19,15,0
2968,2023-02-26 02:15:00,Weekend vibes at the Delhi! 💪,personal_update,positive,fr,0,37,4,9,0
2505,2024-04-29 04:32:00,The Stark app keeps crashing after update.,customer_support,negative,en,0,13,4,2,0
3466,2023-02-18 14:30:00,Livestream starts at 6pm! Don’t miss the community fair.,event,positive,es,0,38,14,7,0
676,2023-09-23 04:54:00,FLASH SALE: sneakers at 10% off. Limited time! #News,promotion,neutral,en,1,4,0,0,0
2809,2024-10-22 06:24:00,Countdown to charity run: only 8 days left!,event,positive,en,1,101,23,6,0
3349,2023-07-11 06:42:00,Feeling tired today! 😅 #MondayMotivation,personal_update,neutral,de,0,24,4,3,0
729,2025-05-12 13:53:00,Breaking: data breach just happened in Toronto. Details emerging. #Fitness,news,neutral,en,0,27,5,7,0
413,2024-05-21 23:07:00,POV: You at 8am meetings 😅😅,meme_joke,neutral,hi,0,55,19,3,0
3147,2025-07-01 10:14:00,Breaking: market rally just happened in New York. Details emerging. #Tech,news,neutral,en,0,102,36,26,0
1517,2023-10-07 21:22:00,FLASH SALE: smartwatch at 40% off. Limited time! #News,promotion,neutral,en,0,24,8,4,0
826,2023-09-14 12:20:00,Countdown to charity run: only 2 days left!,event,neutral,es,1,61,10,3,0
3268,2024-11-20 09:45:00,Feeling tired today! 🥲 #News,personal_update,negative,en,0,15,2,4,0
3975,2025-07-18 17:06:00,"Hi Acme, my order #71645 hasn’t arrived. Please help.",customer_support,positive,hi,1,3,0,0,0
617,2025-05-21 01:02:00,Feature request: please add dark mode to coffee maker.,product_feedback,positive,en,1,8,1,1,0
115,2023-07-26 11:45:00,This cat has more confidence than me 😴,meme_joke,positive,es,0,61,20,15,0
418,2023-03-16 22:13:00,Tough loss for Royals. Refs were wild.,sports,positive,fr,0,29,10,6,0
3070,2024-09-02 19:14:00,Buy 1 get 1 on all headphones until Wednesday.,promotion,negative,en,0,26,9,3,0
1626,2024-01-26 09:39:00,Missed my grandma today. 🤷,personal_update,positive,es,0,41,15,5,0
4951,2025-02-09 21:03:00,POV: You at 8am meetings 🤔🤔,meme_joke,positive,en,0,121,44,22,0
4186,2024-03-30 07:40:00,This cat has more confidence than me 💪,meme_joke,positive,en,0,159,58,29,0
2897,2025-02-07 19:22:00,"New day, new goals. #Fitness 💖",personal_update,positive,en,1,45,17,6,0
4672,2024-02-07 19:49:00,Record broken: K. Garcia sets new high for points.,sports,positive,en,0,24,3,1,0
2083,2023-07-04 14:07:00,Use code FREESHIP for free shipping on sneakers.,promotion,positive,en,1,20,6,2,0
754,2024-01-18 16:03:00,The laptop design is sleek but camera needs work.,product_feedback,positive,en,0,14,1,2,0
2547,2024-04-25 21:38:00,In-depth: What policy change means for Berlin.,news,neutral,en,0,75,27,14,0
3970,2024-08-27 21:13:00,Just had tacos with friends. So good! 🙌,personal_update,negative,en,0,24,6,2,0
3374,2023-06-04 04:12:00,Friend: ‘We should work out.’ Us: 😂,meme_joke,positive,en,1,71,23,15,0
4108,2025-01-04 05:21:00,Join us at the community fair this Friday! Tickets available now. #Fitness,event,neutral,en,0,58,21,10,0
2445,2024-12-29 05:30:00,POV: You at 8am meetings 💖💖,meme_joke,positive,en,0,10,3,1,0
4381,2025-06-11 16:47:00,Not impressed with Globex's sneakers build quality.,product_feedback,positive,fr,0,50,15,6,0
1067,2023-04-26 15:46:00,Tough loss for City. Refs were wild.,sports,positive,fr,0,75,10,6,0
3914,2025-05-11 10:35:00,New bill on privacy law passes in Toronto.,politics,neutral,fr,0,67,9,12,0
3499,2023-07-03 16:16:00,Meetup at Berlin for music festival. RSVP below.,event,neutral,en,1,90,20,6,0
2739,2023-03-31 09:22:00,Starting a 30-day running challenge. Who’s in?,health_wellness,positive,fr,0,49,12,8,0
4001,2024-07-20 00:39:00,Reminder: drink water and stretch today! 😂,health_wellness,neutral,en,1,22,4,5,0
1569,2024-04-09 22:06:00,Thanks Globex support for resolving my issue fast!,customer_support,negative,fr,0,6,0,1,0
2428,2025-03-30 11:28:00,Having trouble logging into my Stark account—any fix?,customer_support,negative,fr,0,11,2,2,0
3747,2023-02-20 00:17:00,Debate tonight on privacy law. What are your thoughts?,politics,negative,fr,0,3,0,0,0
4640,2024-09-15 13:33:00,POV: You at 8am meetings 🙌🙌,meme_joke,negative,es,0,117,18,15,0
1688,2024-04-04 05:31:00,POV: You at 8am meetings 🤔🤔,meme_joke,positive,hi,0,20,7,2,0
852,2023-02-12 23:03:00,Exclusive: coffee maker bundle for $203!,promotion,positive,en,0,14,3,3,0
3547,2024-03-18 09:19:00,Me: I’ll sleep early. Also me at 3am: 💪,meme_joke,positive,hi,0,80,14,19,0
896,2025-03-21 15:46:00,Matchday! Warriors vs City at 10am. Predictions?,sports,positive,fr,0,89,24,26,0
4593,2024-06-28 11:46:00,Feeling tired today! 😀 #Health,personal_update,positive,hi,0,65,9,12,0
336,2024-03-20 16:51:00,POV: You at 8am meetings 🥲🥲,meme_joke,positive,en,0,83,13,19,0
2840,2025-02-06 16:21:00,Use code WELCOME10 for free shipping on sneakers.,promotion,neutral,fr,0,28,3,3,0
3088,2024-04-13 21:09:00,Use code FREESHIP for free shipping on laptop.,promotion,neutral,de,0,36,7,3,0
1349,2023-12-06 00:41:00,Meetup at Berlin for book club. RSVP below.,event,positive,fr,0,37,11,5,0
1016,2023-01-01 16:20:00,Loving the new Globex headphones! Battery lasts all day.,product_feedback,positive,de,1,54,17,13,0
2817,2024-04-30 22:11:00,Just had tacos with friends. So good! 😴,personal_update,negative,fr,1,40,14,6,0
1632,2023-04-21 11:00:00,Public health update: power outage cases rising in Toronto.,health_wellness,negative,en,0,42,7,6,0
2490,2024-03-29 00:39:00,Friend: ‘We should work out.’ Us: 🥲,meme_joke,positive,en,0,26,8,1,0
3731,2023-10-01 17:33:00,Use code WELCOME10 for free shipping on headphones.,promotion,neutral,en,0,9,1,2,0
3252,2024-02-01 12:48:00,Countdown to tech summit: only 12 days left!,event,neutral,en,1,25,4,3,0
4635,2023-12-26 14:02:00,Weekend vibes at the New York! 🔥,personal_update,positive,hi,0,79,18,14,0
2071,2024-11-07 23:19:00,When you open the fridge and forget why you came: 🔥 #relatable,meme_joke,positive,fr,0,68,20,19,0
4453,2025-08-02 00:49:00,Latest update on concert announcement: authorities confirm new info.,news,neutral,en,0,83,14,7,0
4883,2023-12-18 12:47:00,Just had sushi with friends. So good! 😴,personal_update,positive,en,0,32,7,5,0
1636,2023-04-20 09:56:00,Mental health matters. Take a break. 😀,health_wellness,positive,de,1,40,11,9,0
2480,2024-08-14 14:22:00,Transfer rumor: L. Chen to Warriors?,sports,neutral,en,0,85,15,11,0
2266,2024-04-24 17:36:00,Just had paneer tikka with friends. So good! 🥲,personal_update,neutral,hi,0,55,14,7,0
2960,2024-09-18 07:35:00,Not impressed with Globex's laptop build quality.,product_feedback,negative,de,0,12,1,2,0
4732,2023-04-17 21:10:00,Just had pasta with friends. So good! 😀,personal_update,neutral,hi,0,55,21,4,0
3060,2024-03-23 06:46:00,Heads up: concert announcement expected later this week.,news,positive,fr,0,120,29,15,0
2142,2023-09-11 18:11:00,Feeling excited today! 🤔 #LOL,personal_update,negative,en,0,19,3,2,0
3119,2024-03-09 22:37:00,"Hi Acme, my order #51239 hasn’t arrived. Please help.",customer_support,neutral,en,1,3,0,0,0
4726,2024-08-16 00:55:00,Not impressed with Umbrella's smartwatch build quality.,product_feedback,neutral,hi,0,23,4,2,0
4046,2023-01-13 19:19:00,Photos from tech summit are up—tag yourself!,event,positive,en,1,33,8,4,0
3357,2024-08-11 19:18:00,"Hi Umbrella, my order #56840 hasn’t arrived. Please help.",customer_support,negative,hi,0,14,2,3,0
2745,2023-07-02 18:43:00,Me: I’ll sleep early. Also me at 3am: 🤔,meme_joke,positive,en,0,126,41,26,0
3507,2023-12-01 19:40:00,Livestream starts at 6pm! Don’t miss the book club.,event,positive,en,0,77,9,17,0
1680,2025-02-25 18:12:00,When you open the fridge and forget why you came: 😴 #relatable,meme_joke,positive,hi,1,14,4,2,0
4250,2023-09-06 12:46:00,Breaking: data breach just happened in Berlin. Details emerging. #Sports,news,neutral,en,1,23,7,4,0
3148,2024-04-05 13:28:00,The laptop design is sleek but camera needs work.,product_feedback,positive,fr,1,36,12,4,0
2295,2023-01-18 11:09:00,Loving the new Initech headphones! Battery lasts all day.,product_feedback,positive,en,1,36,8,7,0
581,2025-02-06 14:44:00,Use code FREESHIP for free shipping on coffee maker.,promotion,neutral,fr,0,49,13,6,0
1471,2023-07-11 11:03:00,New bill on education reform passes in Delhi.,politics,positive,de,0,31,3,6,0
4071,2023-05-24 14:15:00,Thanks Acme support for resolving my issue fast!,customer_support,negative,en,0,12,4,0,0
3344,2024-11-15 18:34:00,New bill on tax policy passes in London.,politics,positive,en,0,25,9,3,0
4584,2023-07-23 15:01:00,Transfer rumor: R. Patel to Royals?,sports,neutral,hi,0,67,10,19,0
3673,2024-09-06 09:10:00,Weekend vibes at the Delhi! 😂,personal_update,neutral,fr,0,44,11,11,0
560,2025-05-09 14:43:00,Updating to say sneakers performance improved after patch.,product_feedback,neutral,en,0,10,3,0,0
2850,2024-11-19 05:33:00,Buy 1 get 1 on all laptop until Sunday.,promotion,neutral,en,1,32,6,5,1
513,2024-11-16 10:08:00,Just had biryani with friends. So good! 😅,personal_update,positive,fr,0,59,10,10,0
1082,2023-08-26 11:57:00,Friend: ‘We should work out.’ Us: 💖,meme_joke,neutral,fr,0,20,3,4,0
1665,2025-03-17 02:44:00,Missed my brother today. 😅,personal_update,neutral,en,0,31,9,1,0
1013,2024-08-31 17:14:00,This cat has more confidence than me 🤷,meme_joke,positive,de,0,126,22,18,0
1932,2024-04-01 23:31:00,Use code FREESHIP for free shipping on smartwatch.,promotion,neutral,de,0,38,4,2,0
1151,2025-02-22 02:40:00,Exclusive: laptop bundle for $175!,promotion,positive,de,1,45,10,5,1
2839,2023-10-06 02:32:00,In-depth: What policy change means for Sydney.,news,neutral,en,0,62,17,3,0
117,2024-01-24 11:39:00,Countdown to community fair: only 8 days left!,event,positive,en,0,80,24,7,0
741,2023-07-27 18:33:00,Loving the new Umbrella sneakers! Battery lasts all day.,product_feedback,neutral,en,1,30,6,3,0
4807,2024-12-01 08:40:00,Join us at the charity run this Sunday! Tickets available now. #Breaking,event,positive,en,1,43,13,6,0
3676,2023-04-29 05:48:00,Me: I’ll sleep early. Also me at 3am: 🤷,meme_joke,neutral,en,0,96,13,9,0
831,2025-07-02 10:06:00,Breaking: concert announcement just happened in Delhi. Details emerging. #Health,news,neutral,fr,1,29,4,3,0
120,2025-03-11 06:45:00,Feature request: please add offline sync to coffee maker.,product_feedback,positive,hi,0,56,12,9,0
4854,2025-05-02 13:33:00,Weekend vibes at the Sydney! 🎉,personal_update,positive,hi,0,57,12,12,0
4739,2025-01-05 01:10:00,Latest update on policy change: authorities confirm new info.,news,neutral,en,0,73,12,8,0
636,2023-12-03 20:45:00,Just had ramen with friends. So good! 🥲,personal_update,neutral,hi,1,28,9,7,0
4466,2024-10-07 23:04:00,Debate tonight on privacy law. What are your thoughts?,politics,neutral,de,0,10,2,0,0
4365,2024-10-26 13:06:00,Tried Mediterranean for a week—here’s how I feel.,health_wellness,positive,en,0,55,18,6,0
4143,2024-05-02 07:11:00,Feeling meh today! 😂 #Event,personal_update,neutral,fr,0,59,15,11,0
992,2023-05-17 03:49:00,Missed my brother today. 🤷,personal_update,positive,en,0,56,18,12,0
877,2025-06-01 15:05:00,New bill on climate action passes in London.,politics,neutral,en,0,16,4,4,0
5,2024-03-09 06:59:00,Opinion: education reform will impact small businesses the most.,politics,negative,de,0,23,4,6,0
3052,2023-10-02 04:52:00,Starting a 30-day strength challenge. Who’s in?,health_wellness,positive,en,0,22,7,2,0
3125,2023-07-11 15:26:00,Weekend vibes at the Berlin! 💪,personal_update,positive,de,1,48,14,8,0
2661,2024-11-23 18:34:00,In-depth: What policy change means for Berlin.,news,neutral,en,1,115,18,27,0
2492,2025-02-24 16:59:00,The sneakers design is sleek but camera needs work.,product_feedback,negative,en,0,30,9,8,0
3855,2025-02-12 09:03:00,Feeling meh today! 😀 #News,personal_update,positive,en,1,73,16,17,0
1716,2024-08-17 04:29:00,"New day, new goals. #MondayMotivation 😀",personal_update,neutral,fr,0,40,14,10,0
1149,2024-12-28 07:38:00,Debate tonight on privacy law. What are your thoughts?,politics,negative,en,1,52,17,7,0
3262,2023-06-10 06:01:00,Breaking: weather alert just happened in Delhi. Details emerging. #Sports,news,neutral,de,1,108,22,30,0
575,2023-10-22 21:39:00,Meetup at Berlin for music festival. RSVP below.,event,neutral,en,1,16,1,4,0
3770,2024-03-28 06:54:00,The headphones design is sleek but camera needs work.,product_feedback,negative,en,0,27,9,6,0
3737,2023-11-15 08:58:00,Friend: ‘We should work out.’ Us: 💖,meme_joke,positive,en,1,66,20,16,0
4147,2024-12-15 03:52:00,Buy 1 get 1 on all sneakers until Thursday.,promotion,positive,en,0,9,1,1,0
854,2024-08-28 03:09:00,Join us at the book club this Monday! Tickets available now. #LOL,event,positive,es,1,79,25,7,0
1983,2023-09-19 10:54:00,The coffee maker design is sleek but camera needs work.,product_feedback,neutral,en,0,19,3,4,0
2775,2024-03-19 10:57:00,Feeling excited today! 🥲 #Breaking,personal_update,positive,en,1,19,4,5,0
1167,2023-11-02 13:16:00,"New day, new goals. #Event 💪",personal_update,neutral,hi,0,30,8,3,0
972,2024-01-12 00:57:00,Livestream starts at 8pm! Don’t miss the community fair.,event,positive,hi,1,51,14,7,0
2702,2023-02-11 05:04:00,Transfer rumor: K. Garcia to Royals?,sports,positive,fr,0,94,17,28,0
4496,2023-11-06 11:00:00,Just had biryani with friends. So good! 😀,personal_update,negative,en,0,57,8,16,0
3848,2024-11-11 20:34:00,Heads up: power outage expected later this week.,news,neutral,hi,1,79,28,4,0
2369,2024-07-04 03:15:00,When you open the fridge and forget why you came: 😀 #relatable,meme_joke,neutral,en,0,49,15,14,0
4116,2024-02-13 11:51:00,New drop: headphones! Grab yours today.,promotion,positive,en,0,33,9,3,0
4132,2023-12-27 14:58:00,Me: I’ll sleep early. Also me at 3am: 🥲,meme_joke,neutral,en,0,146,39,41,0
2951,2023-06-03 09:14:00,Having trouble logging into my Umbrella account—any fix?,customer_support,negative,en,1,4,0,1,0
525,2024-10-20 03:51:00,Tried Mediterranean for a week—here’s how I feel.,health_wellness,neutral,hi,0,34,4,3,0
2456,2023-07-21 20:43:00,This cat has more confidence than me 🤷,meme_joke,positive,es,0,106,36,8,0
1842,2023-03-31 15:47:00,"New day, new goals. #News 😂",personal_update,positive,en,0,80,25,17,0
538,2023-02-15 17:03:00,Me: I’ll sleep early. Also me at 3am: 😅,meme_joke,positive,en,1,74,17,3,0
2807,2024-08-06 10:20:00,Heads up: market rally expected later this week.,news,neutral,en,1,16,4,3,0
4342,2024-06-14 20:41:00,Report: power outage could affect commuters.,news,positive,en,0,10,1,2,0
3176,2025-06-16 03:23:00,Exclusive: headphones bundle for $89!,promotion,negative,fr,0,37,11,9,0
785,2025-06-16 07:55:00,Livestream starts at 8pm! Don’t miss the book club.,event,positive,hi,0,31,7,8,0
4058,2024-04-09 07:26:00,Not impressed with Initech's smartwatch build quality.,product_feedback,positive,hi,0,38,8,5,0
1410,2025-03-11 16:18:00,Updating to say headphones performance improved after patch.,product_feedback,neutral,fr,0,34,4,8,0
2538,2023-12-09 19:25:00,When you open the fridge and forget why you came: 🔥 #relatable,meme_joke,positive,en,1,155,19,38,0
155,2023-10-19 19:01:00,This cat has more confidence than me 🥲,meme_joke,positive,de,0,111,11,6,0
3010,2023-10-16 04:54:00,Not impressed with Umbrella's headphones build quality.,product_feedback,neutral,hi,0,13,1,2,0
1687,2025-02-09 01:13:00,Royals with an unbelievable win tonight! #LOL,sports,positive,hi,0,82,22,6,0
2902,2023-08-28 14:53:00,Not impressed with Initech's headphones build quality.,product_feedback,neutral,es,0,29,5,4,0
4950,2023-07-13 00:34:00,Starting a 30-day running challenge. Who’s in?,health_wellness,positive,fr,0,77,17,13,0
3864,2023-09-11 15:33:00,Updating to say headphones performance improved after patch.,product_feedback,positive,hi,0,51,17,2,0
2734,2024-09-06 16:27:00,Friend: ‘We should work out.’ Us: 😀,meme_joke,neutral,en,0,65,15,17,0
1896,2024-08-14 19:30:00,Thanks Acme support for resolving my issue fast!,customer_support,negative,en,1,10,2,2,0
570,2024-02-28 18:35:00,FLASH SALE: smartwatch at 50% off. Limited time! #News,promotion,positive,en,1,21,7,3,0
1817,2023-12-08 07:48:00,"New day, new goals. #Health 😀",personal_update,positive,en,1,19,2,2,0
2066,2024-08-29 20:19:00,Me: I’ll sleep early. Also me at 3am: 🤷,meme_joke,positive,en,0,138,23,33,0
128,2023-03-29 09:13:00,Debate tonight on education reform. What are your thoughts?,politics,positive,hi,0,80,17,14,0
3395,2023-02-28 19:12:00,Breaking: market rally just happened in Delhi. Details emerging. #News,news,positive,es,0,61,21,9,0
3328,2023-03-08 11:04:00,Meetup at London for tech summit. RSVP below.,event,neutral,hi,1,56,7,11,0
4987,2023-09-15 16:32:00,POV: You at 8am meetings 😂😂,meme_joke,negative,fr,0,104,20,23,0
2976,2025-07-18 11:43:00,Friend: ‘We should work out.’ Us: 💖,meme_joke,neutral,fr,0,135,40,36,0
981,2025-06-10 03:13:00,Matchday! Warriors vs Warriors at 2pm. Predictions?,sports,negative,en,1,99,18,12,0
2301,2024-12-30 07:50:00,When you open the fridge and forget why you came: 😂 #relatable,meme_joke,neutral,en,0,58,9,17,0
191,2024-10-03 21:13:00,This cat has more confidence than me 😅,meme_joke,positive,en,0,148,37,24,0
1140,2023-04-27 14:40:00,Updating to say sneakers performance improved after patch.,product_feedback,positive,en,1,33,6,6,0
700,2023-10-17 11:49:00,"New day, new goals. #News 😅",personal_update,neutral,es,0,45,12,2,0
4781,2025-03-09 16:17:00,Friend: ‘We should work out.’ Us: 🥲,meme_joke,neutral,en,0,131,30,26,0
607,2024-11-17 23:08:00,Meetup at Berlin for book club. RSVP below.,event,positive,en,0,31,4,4,0
4277,2025-02-17 17:24:00,Tigers with an unbelievable win tonight! #Breaking,sports,neutral,en,1,14,5,1,0
302,2024-12-10 14:30:00,Feeling happy today! 💪 #Sale,personal_update,positive,hi,0,76,21,5,0
3421,2024-06-29 13:23:00,In-depth: What weather alert means for Berlin.,news,neutral,en,1,69,7,7,0
4821,2025-07-01 15:14:00,"New day, new goals. #Tech 🤔",personal_update,neutral,fr,0,22,6,4,0
1061,2024-01-09 23:15:00,Feeling meh today! 😅 #MondayMotivation,personal_update,positive,en,0,33,5,4,0
2566,2025-02-06 18:28:00,Meetup at New York for book club. RSVP below.,event,positive,en,0,53,11,11,0
4995,2023-05-30 16:09:00,"New day, new goals. #LOL 🔥",personal_update,positive,de,1,36,10,2,0
1070,2023-10-11 21:46:00,Tried low-carb for a week—here’s how I feel.,health_wellness,negative,fr,0,4,1,0,0
2525,2024-06-09 17:08:00,Tried vegan for a week—here’s how I feel.,health_wellness,positive,fr,1,33,9,7,0
2206,2024-09-19 05:15:00,Just had pasta with friends. So good! 💪,personal_update,positive,en,1,7,2,1,0
1244,2025-03-22 23:38:00,Missed my dad today. 🤔,personal_update,positive,es,0,73,12,8,0
17,2023-12-02 06:29:00,New drop: sneakers! Grab yours today.,promotion,positive,hi,1,62,9,7,0
3121,2023-02-20 13:31:00,Me: I’ll sleep early. Also me at 3am: 🎉,meme_joke,positive,hi,0,39,7,5,0
4643,2025-02-21 07:16:00,Mental health matters. Take a break. 🙌,health_wellness,positive,en,0,72,11,4,0
816,2025-08-03 19:38:00,Transfer rumor: A. Singh to City?,sports,negative,hi,0,34,3,8,0
3068,2024-06-23 00:36:00,Friend: ‘We should work out.’ Us: 🔥,meme_joke,positive,es,1,69,12,15,0
4785,2024-11-05 04:19:00,Breaking: power outage just happened in London. Details emerging. #Tech,news,negative,en,0,46,13,9,0
960,2025-04-22 18:33:00,Royals with an unbelievable win tonight! #Health,sports,positive,fr,1,48,9,12,0
226,2024-01-03 21:06:00,Transfer rumor: K. Garcia to United?,sports,neutral,hi,1,45,16,9,0
3355,2024-09-02 23:21:00,"New day, new goals. #MondayMotivation 😴",personal_update,neutral,es,0,51,5,9,0
2486,2023-06-22 07:20:00,Feeling tired today! 🙌 #News,personal_update,neutral,hi,1,56,9,12,0
563,2025-01-30 18:24:00,In-depth: What power outage means for Toronto.,news,neutral,fr,0,114,20,15,0
3437,2025-03-12 05:31:00,Tried Mediterranean for a week—here’s how I feel.,health_wellness,positive,hi,0,42,7,8,0
1694,2024-07-28 14:50:00,Tigers with an unbelievable win tonight! #MondayMotivation,sports,neutral,en,0,100,28,22,0
1046,2023-06-22 14:27:00,Not impressed with Umbrella's laptop build quality.,product_feedback,positive,fr,0,39,6,10,0
3447,2023-12-04 14:54:00,New drop: sneakers! Grab yours today.,promotion,neutral,en,1,12,3,1,0
4566,2023-08-29 11:18:00,Latest update on data breach: authorities confirm new info.,news,neutral,en,1,14,4,3,0
955,2023-02-05 18:59:00,Opinion: privacy law will impact small businesses the most.,politics,positive,en,0,10,1,0,0
4986,2024-06-29 15:16:00,Breaking: policy change just happened in Toronto. Details emerging. #Event,news,positive,fr,0,12,3,2,0
2736,2024-02-04 04:04:00,Rally at Sydney calling for tax policy reform.,politics,positive,en,1,56,21,11,0
4904,2024-10-11 01:55:00,Exclusive: coffee maker bundle for $228!,promotion,positive,en,0,54,10,9,0
4736,2025-03-28 20:51:00,Fact check: claims about education reform and taxes.,politics,positive,en,0,56,12,6,0
4824,2024-10-08 18:48:00,Exclusive: headphones bundle for $206!,promotion,positive,de,1,44,16,8,0
1219,2024-08-29 19:55:00,Reminder: drink water and stretch today! 🙌,health_wellness,positive,en,0,7,1,1,0
1528,2025-03-10 02:27:00,Exclusive: smartwatch bundle for $140!,promotion,positive,en,1,53,10,11,1
3988,2023-03-26 05:56:00,Starting a 30-day meditation challenge. Who’s in?,health_wellness,positive,en,1,44,14,11,0
1301,2024-12-03 14:10:00,New drop: laptop! Grab yours today.,promotion,negative,fr,1,22,8,5,1
4892,2025-07-06 16:16:00,Heads up: policy change expected later this week.,news,neutral,en,1,34,6,6,0
161,2023-08-19 04:21:00,Record broken: J. Smith sets new high for points.,sports,negative,es,0,7,2,2,0
4068,2025-01-10 19:52:00,FLASH SALE: smartwatch at 60% off. Limited time! #Sports,promotion,neutral,de,0,24,6,7,0
957,2025-03-10 19:49:00,Matchday! United vs Tigers at 8pm. Predictions?,sports,positive,en,0,120,47,13,0
3792,2024-07-21 12:57:00,Breaking: power outage just happened in Berlin. Details emerging. #News,news,neutral,de,0,52,5,14,0
3235,2024-02-15 12:09:00,Countdown to tech summit: only 7 days left!,event,positive,en,0,31,6,6,0
2870,2023-07-24 07:31:00,Countdown to tech summit: only 8 days left!,event,neutral,en,1,43,15,8,0
3778,2023-06-04 02:35:00,Latest update on policy change: authorities confirm new info.,news,neutral,fr,0,40,14,4,0
4434,2025-01-30 13:16:00,"Refund request for defective laptop, DM sent.",customer_support,neutral,en,0,17,4,2,0
2962,2023-01-12 18:13:00,Transfer rumor: M. Khan to Tigers?,sports,positive,en,0,58,10,8,0
2201,2024-06-25 07:23:00,Latest update on market rally: authorities confirm new info.,news,neutral,en,1,55,10,13,0
99,2025-07-28 19:12:00,"Hi Globex, my order #83807 hasn’t arrived. Please help.",customer_support,negative,en,0,0,0,0,0
2558,2025-07-13 22:04:00,"Hi Stark, my order #96370 hasn’t arrived. Please help.",customer_support,negative,fr,0,18,3,4,0
3184,2024-04-13 03:28:00,Thanks Stark support for resolving my issue fast!,customer_support,negative,en,1,13,4,2,0
254,2024-01-22 18:10:00,This cat has more confidence than me 😂,meme_joke,neutral,hi,0,111,18,17,0
3924,2025-06-11 00:43:00,Tough loss for Royals. Refs were wild.,sports,positive,en,0,60,23,13,0
4200,2024-08-03 00:42:00,Latest update on market rally: authorities confirm new info.,news,neutral,hi,1,29,6,6,0
1446,2025-03-11 16:44:00,The coffee maker design is sleek but camera needs work.,product_feedback,neutral,en,0,17,4,1,0
1649,2023-05-11 11:09:00,When you open the fridge and forget why you came: 🥲 #relatable,meme_joke,positive,hi,0,143,55,27,0
4683,2023-05-21 06:54:00,POV: You at 8am meetings 🙌🙌,meme_joke,positive,en,0,85,31,19,0
4724,2025-01-29 10:09:00,"New day, new goals. #LOL 🎉",personal_update,neutral,en,0,8,1,1,0
3992,2024-07-15 16:32:00,In-depth: What power outage means for Toronto.,news,neutral,hi,1,113,23,19,0
1697,2024-08-02 18:35:00,Feature request: please add faster charging to smartwatch.,product_feedback,negative,fr,0,21,5,3,0
3192,2025-02-19 10:05:00,Updating to say laptop performance improved after patch.,product_feedback,neutral,de,0,12,3,2,0
4500,2024-09-23 15:03:00,FLASH SALE: coffee maker at 70% off. Limited time! #MondayMotivation,promotion,positive,en,0,5,1,1,0
1155,2023-09-28 23:44:00,"New day, new goals. #Fitness 😂",personal_update,negative,de,0,6,1,1,0
2256,2025-01-12 07:36:00,Opinion: healthcare will impact commuters the most.,politics,neutral,en,0,54,12,16,0
1683,2024-02-03 14:42:00,"New day, new goals. #Sale 😀",personal_update,negative,fr,0,29,3,6,0
3171,2024-08-31 11:28:00,Tough loss for Tigers. Refs were wild.,sports,positive,de,0,74,25,14,0
2057,2023-09-15 22:32:00,Heads up: concert announcement expected later this week.,news,negative,fr,1,37,6,9,0
4091,2024-08-08 08:20:00,Weekend vibes at the Delhi! 🎉,personal_update,neutral,en,0,14,2,2,0
3109,2023-10-10 22:29:00,When you open the fridge and forget why you came: 😂 #relatable,meme_joke,positive,es,0,76,11,9,0
4549,2024-03-23 14:17:00,Weekend vibes at the Berlin! 🤷,personal_update,positive,fr,0,34,5,5,0
3724,2024-08-25 21:18:00,"New day, new goals. #Fitness 😴",personal_update,positive,en,1,18,4,1,0
2050,2024-07-15 09:10:00,Updating to say laptop performance improved after patch.,product_feedback,positive,en,0,51,12,6,0
3644,2024-06-19 16:24:00,Not impressed with Initech's sneakers build quality.,product_feedback,positive,en,0,55,12,5,0
4928,2024-01-30 18:05:00,When you open the fridge and forget why you came: 😅 #relatable,meme_joke,positive,hi,0,47,10,13,0
624,2024-08-02 05:21:00,Missed my grandma today. 🔥,personal_update,positive,hi,0,31,5,5,0
263,2023-06-21 23:10:00,FLASH SALE: sneakers at 25% off. Limited time! #Breaking,promotion,negative,en,1,7,2,1,0
3370,2024-01-27 17:44:00,New drop: coffee maker! Grab yours today.,promotion,neutral,es,1,37,6,9,0
4062,2023-08-08 09:17:00,POV: You at 8am meetings 🙌🙌,meme_joke,positive,de,0,24,7,6,0
1803,2024-10-01 13:13:00,Weekend vibes at the Delhi! 😂,personal_update,positive,hi,0,25,8,3,0
4737,2025-05-09 05:47:00,New drop: laptop! Grab yours today.,promotion,neutral,fr,1,34,12,3,0
4993,2023-01-12 08:40:00,Thanks Initech support for resolving my issue fast!,customer_support,neutral,en,0,6,1,1,0
2386,2023-10-23 20:13:00,Join us at the charity run this Saturday! Tickets available now. #Sports,event,positive,hi,1,16,3,4,0
1960,2024-05-24 11:02:00,Warriors with an unbelievable win tonight! #Event,sports,positive,hi,0,38,4,7,0
2977,2024-03-23 23:15:00,Use code WELCOME10 for free shipping on coffee maker.,promotion,neutral,en,0,13,4,2,0
489,2025-01-26 02:06:00,The Globex app keeps crashing after update.,customer_support,negative,de,0,6,1,1,0
1844,2024-12-31 09:37:00,Transfer rumor: L. Chen to Warriors?,sports,positive,en,1,49,17,5,0
1735,2023-11-03 01:35:00,Just had paneer tikka with friends. So good! 💪,personal_update,positive,en,0,9,1,2,0
2912,2023-06-15 03:58:00,Exclusive: coffee maker bundle for $240!,promotion,positive,de,0,45,16,4,1
3220,2023-05-25 00:18:00,Use code BUNDLE for free shipping on sneakers.,promotion,neutral,fr,1,7,1,1,0
147,2024-01-18 06:26:00,Meetup at Sydney for music festival. RSVP below.,event,neutral,de,1,84,14,4,0
1987,2025-08-05 15:50:00,Starting a 30-day meditation challenge. Who’s in?,health_wellness,neutral,en,0,55,11,15,0
1370,2025-07-09 02:29:00,Matchday! Warriors vs City at 2pm. Predictions?,sports,positive,en,0,18,6,0,0
2812,2025-05-01 07:56:00,The Globex app keeps crashing after update.,customer_support,neutral,fr,0,16,2,4,0
660,2023-08-31 00:23:00,Livestream starts at 8pm! Don’t miss the music festival.,event,neutral,fr,0,11,1,0,0
1795,2024-11-20 08:20:00,Record broken: R. Patel sets new high for runs.,sports,negative,es,0,12,4,0,0
2512,2024-11-19 15:13:00,POV: You at 8am meetings 😂😂,meme_joke,neutral,en,0,29,10,1,0
3398,2024-07-19 15:57:00,This cat has more confidence than me 😴,meme_joke,positive,fr,0,61,19,9,0
4283,2024-02-23 06:46:00,Feeling tired today! 🎉 #Sale,personal_update,negative,de,0,7,2,0,0
1148,2023-07-14 06:40:00,The Stark app keeps crashing after update.,customer_support,negative,hi,0,5,1,1,0
3273,2023-12-01 12:46:00,Tried keto for a week—here’s how I feel.,health_wellness,positive,en,0,5,1,0,0
609,2023-01-17 04:21:00,"New day, new goals. #LOL 😀",personal_update,negative,es,1,42,14,2,0
3583,2024-04-04 22:50:00,"Hi Acme, my order #25505 hasn’t arrived. Please help.",customer_support,negative,de,0,10,2,1,0
1931,2024-01-20 01:23:00,Livestream starts at 10am! Don’t miss the charity run.,event,neutral,hi,1,33,6,2,0
198,2024-04-13 09:36:00,Latest update on data breach: authorities confirm new info.,news,neutral,en,1,99,25,18,0
2932,2024-07-25 21:15:00,"New day, new goals. #Breaking 💪",personal_update,positive,en,1,16,2,2,0
2328,2025-04-08 13:32:00,In-depth: What data breach means for London.,news,neutral,hi,1,53,8,14,0
4390,2024-03-03 18:34:00,Mental health matters. Take a break. 🤔,health_wellness,positive,en,0,85,11,10,0
767,2024-04-20 21:55:00,Starting a 30-day cycling challenge. Who’s in?,health_wellness,neutral,en,0,7,2,0,0
4497,2023-01-08 11:03:00,Weekend vibes at the Sydney! 😀,personal_update,positive,hi,0,29,10,2,0
4219,2025-06-18 01:05:00,Tried vegan for a week—here’s how I feel.,health_wellness,positive,fr,0,7,1,0,0
3256,2023-02-15 23:52:00,Photos from tech summit are up—tag yourself!,event,neutral,es,0,47,10,9,0
203,2024-12-11 03:23:00,Transfer rumor: L. Chen to Tigers?,sports,positive,de,1,39,11,6,0
3511,2024-09-12 01:33:00,Updating to say smartwatch performance improved after patch.,product_feedback,neutral,en,0,37,11,10,0
1734,2023-09-23 15:36:00,Weekend vibes at the Berlin! 🥲,personal_update,positive,en,0,23,3,3,0
2778,2024-02-02 01:21:00,"New day, new goals. #Sports 🔥",personal_update,positive,en,0,7,2,0,0
1708,2024-05-20 12:23:00,This cat has more confidence than me 😅,meme_joke,positive,fr,1,39,7,3,0
3475,2024-09-07 02:02:00,Mental health matters. Take a break. 🎉,health_wellness,neutral,es,0,22,7,2,0
855,2024-05-26 11:59:00,Join us at the music festival this Monday! Tickets available now. #Breaking,event,neutral,es,0,27,8,5,0
4738,2023-04-26 09:04:00,Use code SAVE20 for free shipping on coffee maker.,promotion,positive,de,0,6,0,1,0
4098,2024-06-14 21:44:00,In-depth: What concert announcement means for Delhi.,news,neutral,en,1,49,18,6,0
2161,2023-04-18 03:48:00,In-depth: What market rally means for London.,news,neutral,en,0,100,28,24,0
699,2024-07-03 05:31:00,Feeling excited today! 😀 #LOL,personal_update,neutral,en,1,10,3,1,0
4948,2024-12-18 05:35:00,POV: You at 8am meetings 💖💖,meme_joke,positive,fr,0,133,23,14,0
3000,2024-06-26 02:19:00,Feeling grateful today! 🎉 #Breaking,personal_update,negative,en,0,40,9,4,0
3697,2023-12-20 01:54:00,New bill on climate action passes in Berlin.,politics,neutral,en,0,17,6,1,0
1637,2024-02-13 07:31:00,City with an unbelievable win tonight! #Breaking,sports,neutral,fr,0,36,11,7,0
3458,2023-07-15 01:59:00,Starting a 30-day meditation challenge. Who’s in?,health_wellness,neutral,es,0,28,4,4,0
3582,2023-09-20 02:36:00,The Umbrella app keeps crashing after update.,customer_support,neutral,en,0,6,1,1,0
1292,2025-07-03 11:59:00,Photos from book club are up—tag yourself!,event,positive,hi,1,89,18,6,0
4660,2024-03-19 22:29:00,Reminder: drink water and stretch today! 😴,health_wellness,positive,es,0,73,26,4,0
1854,2024-07-27 01:10:00,Friend: ‘We should work out.’ Us: 🥲,meme_joke,positive,en,0,92,26,10,0
3764,2024-03-28 17:57:00,Tried vegan for a week—here’s how I feel.,health_wellness,positive,es,0,8,2,1,0
3305,2023-07-01 23:51:00,Public health update: concert announcement cases rising in London.,health_wellness,positive,en,0,34,5,2,0
4913,2024-06-16 15:29:00,"New day, new goals. #Tech 🙌",personal_update,positive,fr,0,80,23,16,0
3744,2023-08-06 23:58:00,Photos from book club are up—tag yourself!,event,positive,fr,0,27,9,5,0
3446,2024-06-14 11:06:00,Record broken: K. Garcia sets new high for goals.,sports,positive,en,0,11,2,3,0
1999,2025-07-17 16:26:00,The coffee maker design is sleek but camera needs work.,product_feedback,positive,en,1,22,8,4,0
664,2023-09-11 00:07:00,Heads up: policy change expected later this week.,news,neutral,es,0,45,5,10,0
4780,2024-07-31 10:26:00,Feeling meh today! 💖 #LOL,personal_update,neutral,fr,1,55,9,14,0
3749,2024-12-01 13:41:00,Feature request: please add noise cancellation to laptop.,product_feedback,neutral,hi,0,37,6,9,0
4414,2023-08-04 11:51:00,Fact check: claims about education reform and taxes.,politics,neutral,en,0,16,6,0,0
4745,2024-06-18 10:48:00,Feeling grateful today! 😴 #Sports,personal_update,positive,hi,1,45,10,12,0
710,2023-04-15 19:16:00,Missed my grandma today. 🥲,personal_update,negative,de,1,30,6,8,0
1283,2023-09-16 05:02:00,The Globex app keeps crashing after update.,customer_support,negative,fr,1,9,2,0,0
2676,2025-07-11 05:50:00,United with an unbelievable win tonight! #Event,sports,positive,fr,0,93,23,27,0
4030,2023-03-31 19:13:00,Just had sushi with friends. So good! 🎉,personal_update,positive,de,0,75,7,16,0
1307,2025-06-25 07:46:00,Use code SAVE20 for free shipping on laptop.,promotion,positive,de,1,62,20,10,0
2238,2025-07-29 16:18:00,POV: You at 8am meetings 💪💪,meme_joke,neutral,en,0,126,29,16,0
3303,2025-06-14 05:38:00,Having trouble logging into my Stark account—any fix?,customer_support,negative,en,0,9,2,2,0
2039,2024-10-27 20:53:00,New drop: coffee maker! Grab yours today.,promotion,positive,es,0,17,6,2,0
1530,2025-03-28 11:43:00,Matchday! Lions vs City at 8pm. Predictions?,sports,positive,en,0,45,12,8,0
1664,2023-09-16 03:55:00,Public health update: market rally cases rising in New York.,health_wellness,neutral,en,0,29,8,5,0
4935,2025-06-28 07:32:00,Updating to say headphones performance improved after patch.,product_feedback,neutral,fr,0,38,11,8,0
4954,2024-08-02 07:48:00,Starting a 30-day strength challenge. Who’s in?,health_wellness,positive,de,0,59,11,15,0
3628,2024-06-20 13:55:00,Weekend vibes at the Sydney! 😴,personal_update,neutral,en,0,30,8,5,0
2694,2024-02-01 07:40:00,Updating to say sneakers performance improved after patch.,product_feedback,positive,en,0,39,13,7,0
3061,2025-08-08 13:19:00,POV: You at 8am meetings 🔥🔥,meme_joke,neutral,hi,0,28,6,1,0
1598,2023-12-29 01:52:00,Report: market rally could affect commuters.,news,neutral,es,1,66,23,15,0
2730,2025-02-23 01:59:00,Weekend vibes at the Berlin! 😅,personal_update,negative,es,0,34,7,5,0
2626,2024-06-19 09:37:00,Buy 1 get 1 on all laptop until Tuesday.,promotion,negative,en,1,5,1,1,0
3158,2023-03-23 23:06:00,Join us at the tech summit this Thursday! Tickets available now. #Tech,event,positive,es,1,95,21,21,0
3315,2024-03-19 17:48:00,Buy 1 get 1 on all laptop until Wednesday.,promotion,positive,en,1,60,15,14,1
1723,2023-06-03 05:05:00,Just had tacos with friends. So good! 😂,personal_update,negative,en,0,38,14,11,0
1060,2025-07-06 14:37:00,The Globex app keeps crashing after update.,customer_support,negative,en,0,13,2,3,0
4637,2023-11-30 22:27:00,Tough loss for Warriors. Refs were wild.,sports,positive,en,0,114,29,32,0
3243,2024-03-05 05:33:00,This cat has more confidence than me 🤷,meme_joke,positive,en,0,158,38,39,0
1679,2023-02-22 09:30:00,"New day, new goals. #LOL 💖",personal_update,negative,en,0,49,15,11,0
1758,2023-06-11 16:59:00,POV: You at 8am meetings 🥲🥲,meme_joke,positive,en,1,159,61,29,0
4192,2024-07-04 02:04:00,Debate tonight on privacy law. What are your thoughts?,politics,neutral,en,0,41,11,4,0
564,2023-07-19 13:26:00,Join us at the community fair this Saturday! Tickets available now. #Tech,event,positive,de,0,9,1,1,0
2791,2023-03-15 14:30:00,New bill on tax policy passes in Mumbai.,politics,neutral,es,0,53,16,14,0
864,2023-09-18 13:41:00,Tried low-carb for a week—here’s how I feel.,health_wellness,positive,en,0,11,2,1,0
1485,2023-08-28 09:37:00,Report: data breach could affect small businesses.,news,neutral,de,0,53,16,6,0
207,2023-07-05 11:24:00,Loving the new Globex coffee maker! Battery lasts all day.,product_feedback,neutral,es,0,13,3,3,0
4489,2024-01-23 13:51:00,Countdown to tech summit: only 7 days left!,event,neutral,en,0,59,18,8,0
871,2024-10-15 09:28:00,Feature request: please add faster charging to coffee maker.,product_feedback,positive,en,0,49,15,12,0
4494,2023-08-30 05:34:00,Heads up: concert announcement expected later this week.,news,neutral,es,1,99,13,21,0
503,2024-09-08 16:09:00,New bill on tax policy passes in Delhi.,politics,positive,en,0,96,14,9,0
1029,2025-03-30 21:38:00,Missed my sister today. 🔥,personal_update,neutral,en,0,6,1,1,0
3841,2025-07-23 23:05:00,FLASH SALE: smartwatch at 20% off. Limited time! #News,promotion,neutral,en,0,8,2,0,0
2691,2024-10-02 18:28:00,Missed my dad today. 😅,personal_update,positive,hi,0,6,2,0,0
1571,2024-07-07 06:05:00,New bill on education reform passes in Toronto.,politics,neutral,en,1,13,2,3,0
2774,2023-08-23 21:23:00,Use code FREESHIP for free shipping on smartwatch.,promotion,positive,hi,0,16,1,2,0
2732,2024-06-13 11:31:00,Friend: ‘We should work out.’ Us: 🤷,meme_joke,positive,de,0,142,43,14,0
805,2024-10-18 19:43:00,The Stark app keeps crashing after update.,customer_support,negative,de,1,10,1,1,0
3646,2023-06-30 20:06:00,Use code BUNDLE for free shipping on smartwatch.,promotion,neutral,hi,0,39,7,3,0
2455,2023-01-10 13:13:00,Feeling tired today! 🙌 #News,personal_update,positive,en,1,54,21,15,0
4599,2025-06-17 16:20:00,Heads up: policy change expected later this week.,news,neutral,en,0,12,1,1,0
3105,2023-08-07 01:53:00,Just had pasta with friends. So good! 😂,personal_update,positive,en,0,46,18,10,0
4876,2024-10-30 08:16:00,Meetup at New York for community fair. RSVP below.,event,positive,de,1,31,9,2,0
201,2025-06-14 17:05:00,Photos from community fair are up—tag yourself!,event,positive,en,1,52,10,15,0
3100,2025-06-15 20:50:00,Report: policy change could affect small businesses.,news,positive,hi,1,130,44,17,0
2279,2025-06-24 04:28:00,Latest update on concert announcement: authorities confirm new info.,news,neutral,en,1,76,13,19,0
3562,2024-05-25 02:24:00,This cat has more confidence than me 🎉,meme_joke,neutral,en,0,54,17,9,0
4475,2024-06-16 17:50:00,POV: You at 8am meetings 😂😂,meme_joke,positive,fr,0,69,23,18,0
4515,2023-03-21 07:17:00,Updating to say laptop performance improved after patch.,product_feedback,negative,hi,0,17,2,3,0
392,2024-07-13 21:16:00,This cat has more confidence than me 🙌,meme_joke,positive,de,1,32,7,4,0
1496,2025-07-20 11:17:00,Reminder: drink water and stretch today! 🤷,health_wellness,positive,hi,1,18,5,1,0
2696,2023-07-16 08:39:00,Updating to say coffee maker performance improved after patch.,product_feedback,neutral,es,0,7,1,2,0
2028,2023-10-15 18:41:00,Weekend vibes at the Sydney! 😴,personal_update,positive,es,0,33,9,9,0
2569,2023-06-25 23:15:00,Fact check: claims about education reform and taxes.,politics,negative,en,0,74,23,8,0
65,2025-04-28 17:57:00,Countdown to book club: only 3 days left!,event,neutral,de,0,17,6,1,0
3885,2024-01-15 08:56:00,Heads up: policy change expected later this week.,news,negative,en,1,19,1,2,0
2063,2024-03-05 20:50:00,Matchday! Tigers vs United at 2pm. Predictions?,sports,positive,en,0,103,12,29,0
493,2024-07-27 15:25:00,Record broken: R. Patel sets new high for aces.,sports,positive,en,0,95,24,25,0
380,2024-12-04 20:48:00,FLASH SALE: sneakers at 25% off. Limited time! #News,promotion,positive,hi,1,49,14,10,0
4860,2023-09-17 09:35:00,When you open the fridge and forget why you came: 😴 #relatable,meme_joke,positive,en,0,29,8,7,0
3994,2025-05-13 12:54:00,Countdown to tech summit: only 9 days left!,event,positive,en,0,76,27,14,0
4888,2024-05-17 19:00:00,Opinion: education reform will impact students the most.,politics,neutral,hi,0,75,16,9,0
1077,2024-01-06 22:45:00,"Refund request for defective laptop, DM sent.",customer_support,neutral,es,1,3,0,0,0
879,2025-04-26 21:10:00,Missed my grandma today. 🤔,personal_update,positive,es,0,78,13,8,0
338,2025-02-22 01:08:00,Missed my sister today. 😀,personal_update,positive,en,1,58,10,7,0
1017,2023-01-07 19:05:00,Countdown to tech summit: only 12 days left!,event,positive,en,1,24,7,5,0
1276,2024-12-27 14:35:00,Just had biryani with friends. So good! 😅,personal_update,positive,en,0,21,7,4,0
3799,2024-01-14 04:39:00,When you open the fridge and forget why you came: 🙌 #relatable,meme_joke,positive,es,0,116,33,14,0
4552,2023-03-25 12:10:00,Matchday! Tigers vs Lions at 6pm. Predictions?,sports,positive,hi,0,43,5,6,0
3343,2025-05-04 11:10:00,Not impressed with Acme's coffee maker build quality.,product_feedback,positive,en,0,53,20,14,0
4912,2025-07-08 19:08:00,Weekend vibes at the Delhi! 😂,personal_update,neutral,es,0,37,8,4,0
996,2023-12-12 18:13:00,Heads up: market rally expected later this week.,news,positive,en,0,66,16,6,0
1982,2023-11-14 20:24:00,Having trouble logging into my Initech account—any fix?,customer_support,negative,hi,0,15,2,4,0
4298,2024-02-09 10:11:00,Mental health matters. Take a break. 🥲,health_wellness,positive,fr,1,32,7,6,0
162,2025-07-28 05:20:00,Weekend vibes at the Mumbai! 💖,personal_update,negative,en,1,52,7,14,0
4799,2024-11-13 18:07:00,Friend: ‘We should work out.’ Us: 💪,meme_joke,positive,en,0,165,58,35,0
1501,2024-07-18 02:51:00,The smartwatch design is sleek but camera needs work.,product_feedback,neutral,en,0,31,5,5,0
3844,2023-02-21 17:45:00,Record broken: R. Patel sets new high for points.,sports,positive,en,1,86,33,18,0
2614,2024-07-09 09:28:00,Updating to say laptop performance improved after patch.,product_feedback,positive,en,0,21,3,2,0
3462,2023-11-28 06:10:00,Me: I’ll sleep early. Also me at 3am: 😂,meme_joke,positive,es,0,144,20,24,0
1022,2024-09-22 14:01:00,Tigers with an unbelievable win tonight! #Fitness,sports,neutral,en,0,63,9,9,0
3074,2024-04-04 13:39:00,Photos from charity run are up—tag yourself!,event,positive,de,1,67,10,17,0
3944,2025-07-02 15:29:00,Weekend vibes at the Berlin! 🎉,personal_update,neutral,en,0,16,5,3,0
1586,2025-07-09 09:39:00,Tough loss for United. Refs were wild.,sports,negative,es,0,82,9,22,0
1956,2023-10-26 05:29:00,Exclusive: headphones bundle for $161!,promotion,positive,en,0,69,23,18,0
3153,2023-05-07 07:00:00,Friend: ‘We should work out.’ Us: 🤔,meme_joke,positive,hi,1,98,14,17,0
35,2023-05-15 00:22:00,Livestream starts at 6pm! Don’t miss the community fair.,event,positive,en,1,30,3,7,0
4015,2024-10-12 02:08:00,Fact check: claims about healthcare and taxes.,politics,neutral,en,0,50,12,6,0
776,2024-03-30 13:05:00,"Hi Acme, my order #59448 hasn’t arrived. Please help.",customer_support,neutral,en,0,2,0,0,0
2557,2023-11-14 21:30:00,Just had biryani with friends. So good! 🙌,personal_update,neutral,en,1,36,12,2,0
1479,2023-12-04 08:44:00,Just had tacos with friends. So good! 😴,personal_update,neutral,en,0,53,14,10,0
1364,2024-05-13 12:17:00,"Refund request for defective coffee maker, DM sent.",customer_support,negative,en,0,11,3,2,0
2613,2025-07-26 05:23:00,Countdown to tech summit: only 1 days left!,event,neutral,en,1,80,21,17,0
2825,2024-08-14 22:04:00,Tried keto for a week—here’s how I feel.,health_wellness,positive,de,0,70,18,15,0
2042,2023-06-17 17:15:00,Just had biryani with friends. So good! 😀,personal_update,negative,hi,1,51,10,6,0
242,2023-04-28 08:03:00,"New day, new goals. #LOL 🥲",personal_update,neutral,hi,0,36,9,6,0
2062,2024-02-06 15:35:00,Loving the new Stark smartwatch! Battery lasts all day.,product_feedback,positive,en,0,57,14,10,0
2364,2024-03-31 02:05:00,Public health update: power outage cases rising in Sydney.,health_wellness,neutral,es,0,29,10,8,0
601,2024-04-12 09:30:00,Mental health matters. Take a break. 😅,health_wellness,neutral,en,0,39,15,7,0
2436,2025-04-25 11:56:00,Buy 1 get 1 on all headphones until Wednesday.,promotion,neutral,de,1,28,3,1,0
2889,2025-05-14 04:13:00,Heads up: policy change expected later this week.,news,neutral,de,1,113,22,20,0
647,2023-06-26 13:06:00,Not impressed with Globex's sneakers build quality.,product_feedback,positive,en,1,58,17,12,0
3891,2023-11-04 05:52:00,Livestream starts at 10am! Don’t miss the community fair.,event,neutral,en,1,56,16,3,0
3557,2023-09-17 08:21:00,Weekend vibes at the Mumbai! 💖,personal_update,positive,hi,0,5,1,1,0
3203,2023-03-07 23:09:00,Meetup at Delhi for tech summit. RSVP below.,event,positive,de,0,104,24,8,0
1529,2024-07-04 08:25:00,Mental health matters. Take a break. 😂,health_wellness,positive,hi,0,78,10,17,0
1268,2024-07-17 21:54:00,Matchday! Warriors vs Warriors at 8pm. Predictions?,sports,positive,en,0,81,24,17,0
1900,2024-10-31 16:56:00,Missed my sister today. 😅,personal_update,positive,es,1,38,7,6,0
4659,2023-03-11 22:51:00,Exclusive: coffee maker bundle for $58!,promotion,positive,en,1,62,16,5,0
3006,2024-07-27 10:27:00,New drop: laptop! Grab yours today.,promotion,neutral,en,0,36,9,4,1
2735,2025-02-27 05:27:00,Tried keto for a week—here’s how I feel.,health_wellness,neutral,hi,0,32,6,1,0
190,2025-08-06 02:45:00,Missed my mom today. 🥲,personal_update,positive,en,0,67,8,3,0
1807,2024-07-13 05:29:00,Just had paneer tikka with friends. So good! 🤷,personal_update,negative,en,0,59,8,8,0
976,2024-09-26 02:56:00,Missed my sister today. 😂,personal_update,positive,en,1,19,2,4,0
2748,2024-04-16 21:57:00,Weekend vibes at the Sydney! 🎉,personal_update,positive,hi,0,6,2,0,0
2048,2023-09-09 04:59:00,The Umbrella app keeps crashing after update.,customer_support,negative,fr,0,16,1,2,0
2559,2023-01-30 11:29:00,FLASH SALE: smartwatch at 25% off. Limited time! #Sale,promotion,positive,fr,0,30,4,4,0
1083,2024-08-02 09:42:00,Missed my mom today. 🔥,personal_update,neutral,es,0,40,15,11,0
475,2025-03-30 19:23:00,Buy 1 get 1 on all headphones until Sunday.,promotion,positive,hi,0,4,1,0,1
2905,2025-01-31 05:59:00,Having trouble logging into my Acme account—any fix?,customer_support,negative,de,0,10,3,1,0
4844,2024-05-08 08:30:00,Loving the new Umbrella laptop! Battery lasts all day.,product_feedback,negative,hi,1,30,10,8,0
4118,2025-05-01 09:14:00,Latest update on data breach: authorities confirm new info.,news,neutral,en,1,97,24,24,0
3386,2024-05-27 18:05:00,Thanks Acme support for resolving my issue fast!,customer_support,neutral,en,0,19,3,2,0
4556,2024-01-28 08:39:00,"New day, new goals. #Event 😴",personal_update,positive,es,0,53,20,12,0
1185,2024-12-08 18:42:00,This cat has more confidence than me 😴,meme_joke,positive,en,1,140,22,15,0
2434,2023-05-11 00:26:00,Feeling meh today! 😀 #Breaking,personal_update,neutral,de,0,55,15,8,0
2392,2024-01-28 04:26:00,The Globex app keeps crashing after update.,customer_support,neutral,de,0,17,6,3,0
770,2024-05-31 09:56:00,"New day, new goals. #Breaking 🤔",personal_update,positive,en,0,56,9,7,0
1686,2024-05-27 09:51:00,Latest update on power outage: authorities confirm new info.,news,neutral,en,0,109,20,16,0
131,2023-05-30 23:46:00,POV: You at 8am meetings 🤷🤷,meme_joke,positive,fr,0,154,59,33,0
2920,2024-03-12 06:13:00,Heads up: weather alert expected later this week.,news,neutral,en,0,98,37,18,0
3172,2023-06-19 18:07:00,When you open the fridge and forget why you came: 😀 #relatable,meme_joke,neutral,en,1,46,7,6,0
3445,2023-03-06 21:18:00,Weekend vibes at the Mumbai! 💪,personal_update,neutral,fr,1,58,14,13,0
4427,2025-03-16 09:24:00,Opinion: privacy law will impact students the most.,politics,negative,en,0,10,3,1,0
467,2024-01-16 00:28:00,Debate tonight on education reform. What are your thoughts?,politics,neutral,es,0,7,1,1,0
3093,2023-11-16 02:46:00,Matchday! City vs Warriors at 8pm. Predictions?,sports,neutral,en,0,91,32,25,0
3773,2024-10-22 03:55:00,POV: You at 8am meetings 🎉🎉,meme_joke,positive,en,0,132,24,38,0
861,2025-07-17 13:40:00,Livestream starts at 2pm! Don’t miss the tech summit.,event,neutral,fr,0,95,36,14,0
